

--- [2025-12-30T00:06:48.081Z] NEW STREAM START ---
[RAW CHUNK RECEIVED] len=334, content=data: {"event_data":"{\"message_id\":\"34395572402755330\",\"local_message_id\":\"6ec92260-e513-11f0-ad05-91115ce5717a\",\"conversation_id\":\"34413029900012802\",\"local_conversation_id\":\"local_5787259324070096\",\"section_id\":\"34413029900013058\",\"message_index\":1,\"conversation_type\":5}","event_id":"0","event_type":2002}


[REGEX MATCH SUCCESS] Found ID: 34413029900012802
[FEEDING PARSER]...
[EVENT] ID: undefined, Type: other, Data Snippet: {"event_data":"{\"message_id\":\"34395572402755330\",\"local_message_id\":\"6ec92260-e513-11f0-ad05-91115ce5717a\",\"conversation_id\":\"3441302990001...
[RAW CHUNK RECEIVED] len=1128, content=data: {"event_data":"{\"message\":{\"content_type\":2001,\"content\":\"{\\\"text\\\":\\\"我\\\"}\",\"id\":\"c968146a-2f42-4ff5-a7ba-c6de8963b726\"},\"message_id\":\"34395572402755586\",\"local_message_id\":\"6ec92260-e513-11f0-ad05-91115ce5717a\",\"conversation_id\":\"34413029900012802\",\"local_conversation_id\":\"local_5787259324070096\",\"section_id\":\"34413029900013058\",\"reply_id\":\"34395572402755330\",\"is_delta\":true,\"status\":4,\"input_content_type\":2020,\"message_index\":2,\"bot_id\":\"7338286299411103781\"}","event_id":"1","event_type":2001}

data: {"event_data":"{\"message\":{\"content_type\":2001,\"content\":\"{\\\"text\\\":\\\"将\\\"}\",\"id\":\"c968146a-2f42-4ff5-a7ba-c6de8963b726\"},\"message_id\":\"34395572402755586\",\"local_message_id\":\"6ec92260-e513-11f0-ad05-91115ce5717a\",\"conversation_id\":\"34413029900012802\",\"local_conversation_id\":\"local_5787259324070096\",\"section_id\":\"34413029900013058\",\"reply_id\":\"34395572402755330\",\"is_delta\":true,\"status\":4,\"input_content_type\":2020,\"message_index\":2,\"bot_id\":\"7338286299411103781\"}","event_id":"2","event_type":2001}


[REGEX MATCH SUCCESS] Found ID: 34413029900012802
[FEEDING PARSER]...
[EVENT] ID: undefined, Type: 2001, Data Snippet: {"event_data":"{\"message\":{\"content_type\":2001,\"content\":\"{\\\"text\\\":\\\"我\\\"}\",\"id\":\"c968146a-2f42-4ff5-a7ba-c6de8963b726\"},\"message...
[EVENT] ID: undefined, Type: 2001, Data Snippet: {"event_data":"{\"message\":{\"content_type\":2001,\"content\":\"{\\\"text\\\":\\\"将\\\"}\",\"id\":\"c968146a-2f42-4ff5-a7ba-c6de8963b726\"},\"message...
[RAW CHUNK RECEIVED] len=565, content=data: {"event_data":"{\"message\":{\"content_type\":2001,\"content\":\"{\\\"text\\\":\\\"根据\\\"}\",\"id\":\"c968146a-2f42-4ff5-a7ba-c6de8963b726\"},\"message_id\":\"34395572402755586\",\"local_message_id\":\"6ec92260-e513-11f0-ad05-91115ce5717a\",\"conversation_id\":\"34413029900012802\",\"local_conversation_id\":\"local_5787259324070096\",\"section_id\":\"34413029900013058\",\"reply_id\":\"34395572402755330\",\"is_delta\":true,\"status\":4,\"input_content_type\":2020,\"message_index\":2,\"bot_id\":\"7338286299411103781\"}","event_id":"3","event_type":2001}


[REGEX MATCH SUCCESS] Found ID: 34413029900012802
[FEEDING PARSER]...
[EVENT] ID: undefined, Type: 2001, Data Snippet: {"event_data":"{\"message\":{\"content_type\":2001,\"content\":\"{\\\"text\\\":\\\"根据\\\"}\",\"id\":\"c968146a-2f42-4ff5-a7ba-c6de8963b726\"},\"messag...
[RAW CHUNK RECEIVED] len=564, content=data: {"event_data":"{\"message\":{\"content_type\":2001,\"content\":\"{\\\"text\\\":\\\"你\\\"}\",\"id\":\"c968146a-2f42-4ff5-a7ba-c6de8963b726\"},\"message_id\":\"34395572402755586\",\"local_message_id\":\"6ec92260-e513-11f0-ad05-91115ce5717a\",\"conversation_id\":\"34413029900012802\",\"local_conversation_id\":\"local_5787259324070096\",\"section_id\":\"34413029900013058\",\"reply_id\":\"34395572402755330\",\"is_delta\":true,\"status\":4,\"input_content_type\":2020,\"message_index\":2,\"bot_id\":\"7338286299411103781\"}","event_id":"4","event_type":2001}


[REGEX MATCH SUCCESS] Found ID: 34413029900012802
[FEEDING PARSER]...
[EVENT] ID: undefined, Type: 2001, Data Snippet: {"event_data":"{\"message\":{\"content_type\":2001,\"content\":\"{\\\"text\\\":\\\"你\\\"}\",\"id\":\"c968146a-2f42-4ff5-a7ba-c6de8963b726\"},\"message...
[RAW CHUNK RECEIVED] len=2259, content=data: {"event_data":"{\"message\":{\"content_type\":2001,\"content\":\"{\\\"text\\\":\\\"描述\\\"}\",\"id\":\"c968146a-2f42-4ff5-a7ba-c6de8963b726\"},\"message_id\":\"34395572402755586\",\"local_message_id\":\"6ec92260-e513-11f0-ad05-91115ce5717a\",\"conversation_id\":\"34413029900012802\",\"local_conversation_id\":\"local_5787259324070096\",\"section_id\":\"34413029900013058\",\"reply_id\":\"34395572402755330\",\"is_delta\":true,\"status\":4,\"input_content_type\":2020,\"message_index\":2,\"bot_id\":\"7338286299411103781\"}","event_id":"5","event_type":2001}

data: {"event_data":"{\"message\":{\"content_type\":2001,\"content\":\"{\\\"text\\\":\\\"的\\\"}\",\"id\":\"c968146a-2f42-4ff5-a7ba-c6de8963b726\"},\"message_id\":\"34395572402755586\",\"local_message_id\":\"6ec92260-e513-11f0-ad05-91115ce5717a\",\"conversation_id\":\"34413029900012802\",\"local_conversation_id\":\"local_5787259324070096\",\"section_id\":\"34413029900013058\",\"reply_id\":\"34395572402755330\",\"is_delta\":true,\"status\":4,\"input_content_type\":2020,\"message_index\":2,\"bot_id\":\"7338286299411103781\"}","event_id":"6","event_type":2001}

data: {"event_data":"{\"message\":{\"content_type\":2001,\"content\":\"{\\\"text\\\":\\\"场景\\\"}\",\"id\":\"c968146a-2f42-4ff5-a7ba-c6de8963b726\"},\"message_id\":\"34395572402755586\",\"local_message_id\":\"6ec92260-e513-11f0-ad05-91115ce5717a\",\"conversation_id\":\"34413029900012802\",\"local_conversation_id\":\"local_5787259324070096\",\"section_id\":\"34413029900013058\",\"reply_id\":\"34395572402755330\",\"is_delta\":true,\"status\":4,\"input_content_type\":2020,\"message_index\":2,\"bot_id\":\"7338286299411103781\"}","event_id":"7","event_type":2001}

data: {"event_data":"{\"message\":{\"content_type\":2001,\"content\":\"{\\\"text\\\":\\\"生成\\\"}\",\"id\":\"c968146a-2f42-4ff5-a7ba-c6de8963b726\"},\"message_id\":\"34395572402755586\",\"local_message_id\":\"6ec92260-e513-11f0-ad05-91115ce5717a\",\"conversation_id\":\"34413029900012802\",\"local_conversation_id\":\"local_5787259324070096\",\"section_id\":\"34413029900013058\",\"reply_id\":\"34395572402755330\",\"is_delta\":true,\"status\":4,\"input_content_type\":2020,\"message_index\":2,\"bot_id\":\"7338286299411103781\"}","event_id":"8","event_type":2001}


[REGEX MATCH SUCCESS] Found ID: 34413029900012802
[FEEDING PARSER]...
[EVENT] ID: undefined, Type: 2001, Data Snippet: {"event_data":"{\"message\":{\"content_type\":2001,\"content\":\"{\\\"text\\\":\\\"描述\\\"}\",\"id\":\"c968146a-2f42-4ff5-a7ba-c6de8963b726\"},\"messag...
[EVENT] ID: undefined, Type: 2001, Data Snippet: {"event_data":"{\"message\":{\"content_type\":2001,\"content\":\"{\\\"text\\\":\\\"的\\\"}\",\"id\":\"c968146a-2f42-4ff5-a7ba-c6de8963b726\"},\"message...
[EVENT] ID: undefined, Type: 2001, Data Snippet: {"event_data":"{\"message\":{\"content_type\":2001,\"content\":\"{\\\"text\\\":\\\"场景\\\"}\",\"id\":\"c968146a-2f42-4ff5-a7ba-c6de8963b726\"},\"messag...
[EVENT] ID: undefined, Type: 2001, Data Snippet: {"event_data":"{\"message\":{\"content_type\":2001,\"content\":\"{\\\"text\\\":\\\"生成\\\"}\",\"id\":\"c968146a-2f42-4ff5-a7ba-c6de8963b726\"},\"messag...
[RAW CHUNK RECEIVED] len=565, content=data: {"event_data":"{\"message\":{\"content_type\":2001,\"content\":\"{\\\"text\\\":\\\"视频\\\"}\",\"id\":\"c968146a-2f42-4ff5-a7ba-c6de8963b726\"},\"message_id\":\"34395572402755586\",\"local_message_id\":\"6ec92260-e513-11f0-ad05-91115ce5717a\",\"conversation_id\":\"34413029900012802\",\"local_conversation_id\":\"local_5787259324070096\",\"section_id\":\"34413029900013058\",\"reply_id\":\"34395572402755330\",\"is_delta\":true,\"status\":4,\"input_content_type\":2020,\"message_index\":2,\"bot_id\":\"7338286299411103781\"}","event_id":"9","event_type":2001}


[REGEX MATCH SUCCESS] Found ID: 34413029900012802
[FEEDING PARSER]...
[EVENT] ID: undefined, Type: 2001, Data Snippet: {"event_data":"{\"message\":{\"content_type\":2001,\"content\":\"{\\\"text\\\":\\\"视频\\\"}\",\"id\":\"c968146a-2f42-4ff5-a7ba-c6de8963b726\"},\"messag...
[RAW CHUNK RECEIVED] len=565, content=data: {"event_data":"{\"message\":{\"content_type\":2001,\"content\":\"{\\\"text\\\":\\\"。\\\"}\",\"id\":\"c968146a-2f42-4ff5-a7ba-c6de8963b726\"},\"message_id\":\"34395572402755586\",\"local_message_id\":\"6ec92260-e513-11f0-ad05-91115ce5717a\",\"conversation_id\":\"34413029900012802\",\"local_conversation_id\":\"local_5787259324070096\",\"section_id\":\"34413029900013058\",\"reply_id\":\"34395572402755330\",\"is_delta\":true,\"status\":4,\"input_content_type\":2020,\"message_index\":2,\"bot_id\":\"7338286299411103781\"}","event_id":"10","event_type":2001}


[REGEX MATCH SUCCESS] Found ID: 34413029900012802
[FEEDING PARSER]...
[EVENT] ID: undefined, Type: 2001, Data Snippet: {"event_data":"{\"message\":{\"content_type\":2001,\"content\":\"{\\\"text\\\":\\\"。\\\"}\",\"id\":\"c968146a-2f42-4ff5-a7ba-c6de8963b726\"},\"message...
[RAW CHUNK RECEIVED] len=574, content=data: {"event_data":"{\"message\":{\"content_type\":2001,\"content\":\"{\\\"text\\\":\\\"\\\\n\\\\n\\\"}\",\"id\":\"c968146a-2f42-4ff5-a7ba-c6de8963b726\"},\"message_id\":\"34395572402755586\",\"local_message_id\":\"6ec92260-e513-11f0-ad05-91115ce5717a\",\"conversation_id\":\"34413029900012802\",\"local_conversation_id\":\"local_5787259324070096\",\"section_id\":\"34413029900013058\",\"reply_id\":\"34395572402755330\",\"is_delta\":true,\"status\":4,\"input_content_type\":2020,\"message_index\":2,\"bot_id\":\"7338286299411103781\"}","event_id":"11","event_type":2001}


[REGEX MATCH SUCCESS] Found ID: 34413029900012802
[FEEDING PARSER]...
[EVENT] ID: undefined, Type: 2001, Data Snippet: {"event_data":"{\"message\":{\"content_type\":2001,\"content\":\"{\\\"text\\\":\\\"\\\\n\\\\n\\\"}\",\"id\":\"c968146a-2f42-4ff5-a7ba-c6de8963b726\"},...
[RAW CHUNK RECEIVED] len=606, content=data: {"event_data":"{\"message\":{\"content_type\":2001,\"content\":\"{\\\"text\\\":\\\"视频生成大约需要1-3分钟，生成好后我会主动发送给你，今日剩余 6 个视频生成额度。\\\"}\",\"id\":\"c968146a-2f42-4ff5-a7ba-c6de8963b726\"},\"message_id\":\"34395572402755586\",\"local_message_id\":\"6ec92260-e513-11f0-ad05-91115ce5717a\",\"conversation_id\":\"34413029900012802\",\"local_conversation_id\":\"local_5787259324070096\",\"section_id\":\"34413029900013058\",\"reply_id\":\"34395572402755330\",\"is_delta\":true,\"status\":4,\"input_content_type\":2020,\"message_index\":2,\"bot_id\":\"7338286299411103781\"}","event_id":"12","event_type":2001}


[REGEX MATCH SUCCESS] Found ID: 34413029900012802
[FEEDING PARSER]...
[EVENT] ID: undefined, Type: 2001, Data Snippet: {"event_data":"{\"message\":{\"content_type\":2001,\"content\":\"{\\\"text\\\":\\\"视频生成大约需要1-3分钟，生成好后我会主动发送给你，今日剩余 6 个视频生成额度。\\\"}\",\"id\":\"c968146a...
[RAW CHUNK RECEIVED] len=672, content=data: {"event_data":"{\"message\":{\"content_type\":2001,\"content\":\"{}\",\"id\":\"c968146a-2f42-4ff5-a7ba-c6de8963b726\"},\"message_id\":\"34395572402755586\",\"local_message_id\":\"6ec92260-e513-11f0-ad05-91115ce5717a\",\"conversation_id\":\"34413029900012802\",\"local_conversation_id\":\"local_5787259324070096\",\"section_id\":\"34413029900013058\",\"reply_id\":\"34395572402755330\",\"is_delta\":true,\"status\":1,\"is_finish\":true,\"message_action_bar\":{},\"input_content_type\":2020,\"message_index\":2,\"bot_id\":\"7338286299411103781\",\"tts_content\":\"我将根据你描述的场景生成视频。\\n\\n视频生成大约需要1-3分钟，生成好后我会主动发送给你，今日剩余 6 个视频生成额度。\"}","event_id":"13","event_type":2001}


[REGEX MATCH SUCCESS] Found ID: 34413029900012802
[FEEDING PARSER]...
[EVENT] ID: undefined, Type: 2001, Data Snippet: {"event_data":"{\"message\":{\"content_type\":2001,\"content\":\"{}\",\"id\":\"c968146a-2f42-4ff5-a7ba-c6de8963b726\"},\"message_id\":\"34395572402755...
[FINALIZE] Final ID: 34413029900012802, Videos Count: 0
[RAW CHUNK RECEIVED] len=61, content=data: {"event_data":"{}","event_id":"14","event_type":2003}


[REGEX MATCH FAIL] This chunk contains no ID
[FEEDING PARSER]...
[STREAM CLOSED]
[FINALIZE] Final ID: 34413029900012802, Videos Count: 0


--- [2025-12-30T17:27:56.998Z] NEW STREAM START ---
[RAW CHUNK RECEIVED] len=184, content=event: gateway-error
data: {"code":"Internal","message":"ErrorX:code=710012000 stable=true isPeer=false peerStable=false message=[user invalid]\nchain=[\n(cause)0: Invalid User ID\n]"}
[REGEX MATCH FAIL] This chunk contains no ID
[FEEDING PARSER]...
[RAW CHUNK RECEIVED] len=2, content=


[REGEX MATCH FAIL] This chunk contains no ID
[FEEDING PARSER]...
[EVENT] ID: undefined, Type: other, Data Snippet: {"code":"Internal","message":"ErrorX:code=710012000 stable=true isPeer=false peerStable=false message=[user invalid]\nchain=[\n(cause)0: Invalid User ...
[PARSER ERROR] [请求doubao失败]: Internal-ErrorX:code=710012000 stable=true isPeer=false peerStable=false message=[user invalid]
chain=[
(cause)0: Invalid User ID
]
[STREAM CLOSED]
[FINALIZE] Final ID: , Videos Count: 0


--- [2025-12-30T17:31:14.213Z] NEW STREAM START ---
[RAW CHUNK RECEIVED] len=334, content=data: {"event_data":"{\"message_id\":\"34503202769325058\",\"local_message_id\":\"56bbd400-e5a5-11f0-9a5a-d3f415ff2171\",\"conversation_id\":\"34506575725319426\",\"local_conversation_id\":\"local_2044614433538239\",\"section_id\":\"34506575725319682\",\"message_index\":1,\"conversation_type\":5}","event_id":"0","event_type":2002}


[REGEX MATCH SUCCESS] Found ID: 34506575725319426
[FEEDING PARSER]...
[EVENT] ID: undefined, Type: other, Data Snippet: {"event_data":"{\"message_id\":\"34503202769325058\",\"local_message_id\":\"56bbd400-e5a5-11f0-9a5a-d3f415ff2171\",\"conversation_id\":\"3450657572531...
[RAW CHUNK RECEIVED] len=1128, content=data: {"event_data":"{\"message\":{\"content_type\":2001,\"content\":\"{\\\"text\\\":\\\"我\\\"}\",\"id\":\"3b1f1591-ad36-459c-a00a-b92797a3068f\"},\"message_id\":\"34503202769325314\",\"local_message_id\":\"56bbd400-e5a5-11f0-9a5a-d3f415ff2171\",\"conversation_id\":\"34506575725319426\",\"local_conversation_id\":\"local_2044614433538239\",\"section_id\":\"34506575725319682\",\"reply_id\":\"34503202769325058\",\"is_delta\":true,\"status\":4,\"input_content_type\":2020,\"message_index\":2,\"bot_id\":\"7338286299411103781\"}","event_id":"1","event_type":2001}

data: {"event_data":"{\"message\":{\"content_type\":2001,\"content\":\"{\\\"text\\\":\\\"将\\\"}\",\"id\":\"3b1f1591-ad36-459c-a00a-b92797a3068f\"},\"message_id\":\"34503202769325314\",\"local_message_id\":\"56bbd400-e5a5-11f0-9a5a-d3f415ff2171\",\"conversation_id\":\"34506575725319426\",\"local_conversation_id\":\"local_2044614433538239\",\"section_id\":\"34506575725319682\",\"reply_id\":\"34503202769325058\",\"is_delta\":true,\"status\":4,\"input_content_type\":2020,\"message_index\":2,\"bot_id\":\"7338286299411103781\"}","event_id":"2","event_type":2001}


[REGEX MATCH SUCCESS] Found ID: 34506575725319426
[FEEDING PARSER]...
[EVENT] ID: undefined, Type: 2001, Data Snippet: {"event_data":"{\"message\":{\"content_type\":2001,\"content\":\"{\\\"text\\\":\\\"我\\\"}\",\"id\":\"3b1f1591-ad36-459c-a00a-b92797a3068f\"},\"message...
[EVENT] ID: undefined, Type: 2001, Data Snippet: {"event_data":"{\"message\":{\"content_type\":2001,\"content\":\"{\\\"text\\\":\\\"将\\\"}\",\"id\":\"3b1f1591-ad36-459c-a00a-b92797a3068f\"},\"message...
[RAW CHUNK RECEIVED] len=565, content=data: {"event_data":"{\"message\":{\"content_type\":2001,\"content\":\"{\\\"text\\\":\\\"按照\\\"}\",\"id\":\"3b1f1591-ad36-459c-a00a-b92797a3068f\"},\"message_id\":\"34503202769325314\",\"local_message_id\":\"56bbd400-e5a5-11f0-9a5a-d3f415ff2171\",\"conversation_id\":\"34506575725319426\",\"local_conversation_id\":\"local_2044614433538239\",\"section_id\":\"34506575725319682\",\"reply_id\":\"34503202769325058\",\"is_delta\":true,\"status\":4,\"input_content_type\":2020,\"message_index\":2,\"bot_id\":\"7338286299411103781\"}","event_id":"3","event_type":2001}


[REGEX MATCH SUCCESS] Found ID: 34506575725319426
[FEEDING PARSER]...
[EVENT] ID: undefined, Type: 2001, Data Snippet: {"event_data":"{\"message\":{\"content_type\":2001,\"content\":\"{\\\"text\\\":\\\"按照\\\"}\",\"id\":\"3b1f1591-ad36-459c-a00a-b92797a3068f\"},\"messag...
[RAW CHUNK RECEIVED] len=1130, content=data: {"event_data":"{\"message\":{\"content_type\":2001,\"content\":\"{\\\"text\\\":\\\"你的\\\"}\",\"id\":\"3b1f1591-ad36-459c-a00a-b92797a3068f\"},\"message_id\":\"34503202769325314\",\"local_message_id\":\"56bbd400-e5a5-11f0-9a5a-d3f415ff2171\",\"conversation_id\":\"34506575725319426\",\"local_conversation_id\":\"local_2044614433538239\",\"section_id\":\"34506575725319682\",\"reply_id\":\"34503202769325058\",\"is_delta\":true,\"status\":4,\"input_content_type\":2020,\"message_index\":2,\"bot_id\":\"7338286299411103781\"}","event_id":"4","event_type":2001}

data: {"event_data":"{\"message\":{\"content_type\":2001,\"content\":\"{\\\"text\\\":\\\"需求\\\"}\",\"id\":\"3b1f1591-ad36-459c-a00a-b92797a3068f\"},\"message_id\":\"34503202769325314\",\"local_message_id\":\"56bbd400-e5a5-11f0-9a5a-d3f415ff2171\",\"conversation_id\":\"34506575725319426\",\"local_conversation_id\":\"local_2044614433538239\",\"section_id\":\"34506575725319682\",\"reply_id\":\"34503202769325058\",\"is_delta\":true,\"status\":4,\"input_content_type\":2020,\"message_index\":2,\"bot_id\":\"7338286299411103781\"}","event_id":"5","event_type":2001}


[REGEX MATCH SUCCESS] Found ID: 34506575725319426
[FEEDING PARSER]...
[EVENT] ID: undefined, Type: 2001, Data Snippet: {"event_data":"{\"message\":{\"content_type\":2001,\"content\":\"{\\\"text\\\":\\\"你的\\\"}\",\"id\":\"3b1f1591-ad36-459c-a00a-b92797a3068f\"},\"messag...
[EVENT] ID: undefined, Type: 2001, Data Snippet: {"event_data":"{\"message\":{\"content_type\":2001,\"content\":\"{\\\"text\\\":\\\"需求\\\"}\",\"id\":\"3b1f1591-ad36-459c-a00a-b92797a3068f\"},\"messag...
[RAW CHUNK RECEIVED] len=565, content=data: {"event_data":"{\"message\":{\"content_type\":2001,\"content\":\"{\\\"text\\\":\\\"生成\\\"}\",\"id\":\"3b1f1591-ad36-459c-a00a-b92797a3068f\"},\"message_id\":\"34503202769325314\",\"local_message_id\":\"56bbd400-e5a5-11f0-9a5a-d3f415ff2171\",\"conversation_id\":\"34506575725319426\",\"local_conversation_id\":\"local_2044614433538239\",\"section_id\":\"34506575725319682\",\"reply_id\":\"34503202769325058\",\"is_delta\":true,\"status\":4,\"input_content_type\":2020,\"message_index\":2,\"bot_id\":\"7338286299411103781\"}","event_id":"6","event_type":2001}


[REGEX MATCH SUCCESS] Found ID: 34506575725319426
[FEEDING PARSER]...
[EVENT] ID: undefined, Type: 2001, Data Snippet: {"event_data":"{\"message\":{\"content_type\":2001,\"content\":\"{\\\"text\\\":\\\"生成\\\"}\",\"id\":\"3b1f1591-ad36-459c-a00a-b92797a3068f\"},\"messag...
[RAW CHUNK RECEIVED] len=565, content=data: {"event_data":"{\"message\":{\"content_type\":2001,\"content\":\"{\\\"text\\\":\\\"一段\\\"}\",\"id\":\"3b1f1591-ad36-459c-a00a-b92797a3068f\"},\"message_id\":\"34503202769325314\",\"local_message_id\":\"56bbd400-e5a5-11f0-9a5a-d3f415ff2171\",\"conversation_id\":\"34506575725319426\",\"local_conversation_id\":\"local_2044614433538239\",\"section_id\":\"34506575725319682\",\"reply_id\":\"34503202769325058\",\"is_delta\":true,\"status\":4,\"input_content_type\":2020,\"message_index\":2,\"bot_id\":\"7338286299411103781\"}","event_id":"7","event_type":2001}


[REGEX MATCH SUCCESS] Found ID: 34506575725319426
[FEEDING PARSER]...
[EVENT] ID: undefined, Type: 2001, Data Snippet: {"event_data":"{\"message\":{\"content_type\":2001,\"content\":\"{\\\"text\\\":\\\"一段\\\"}\",\"id\":\"3b1f1591-ad36-459c-a00a-b92797a3068f\"},\"messag...
[RAW CHUNK RECEIVED] len=565, content=data: {"event_data":"{\"message\":{\"content_type\":2001,\"content\":\"{\\\"text\\\":\\\"海浪\\\"}\",\"id\":\"3b1f1591-ad36-459c-a00a-b92797a3068f\"},\"message_id\":\"34503202769325314\",\"local_message_id\":\"56bbd400-e5a5-11f0-9a5a-d3f415ff2171\",\"conversation_id\":\"34506575725319426\",\"local_conversation_id\":\"local_2044614433538239\",\"section_id\":\"34506575725319682\",\"reply_id\":\"34503202769325058\",\"is_delta\":true,\"status\":4,\"input_content_type\":2020,\"message_index\":2,\"bot_id\":\"7338286299411103781\"}","event_id":"8","event_type":2001}


[REGEX MATCH SUCCESS] Found ID: 34506575725319426
[FEEDING PARSER]...
[EVENT] ID: undefined, Type: 2001, Data Snippet: {"event_data":"{\"message\":{\"content_type\":2001,\"content\":\"{\\\"text\\\":\\\"海浪\\\"}\",\"id\":\"3b1f1591-ad36-459c-a00a-b92797a3068f\"},\"messag...
[RAW CHUNK RECEIVED] len=565, content=data: {"event_data":"{\"message\":{\"content_type\":2001,\"content\":\"{\\\"text\\\":\\\"拍打\\\"}\",\"id\":\"3b1f1591-ad36-459c-a00a-b92797a3068f\"},\"message_id\":\"34503202769325314\",\"local_message_id\":\"56bbd400-e5a5-11f0-9a5a-d3f415ff2171\",\"conversation_id\":\"34506575725319426\",\"local_conversation_id\":\"local_2044614433538239\",\"section_id\":\"34506575725319682\",\"reply_id\":\"34503202769325058\",\"is_delta\":true,\"status\":4,\"input_content_type\":2020,\"message_index\":2,\"bot_id\":\"7338286299411103781\"}","event_id":"9","event_type":2001}


[REGEX MATCH SUCCESS] Found ID: 34506575725319426
[FEEDING PARSER]...
[EVENT] ID: undefined, Type: 2001, Data Snippet: {"event_data":"{\"message\":{\"content_type\":2001,\"content\":\"{\\\"text\\\":\\\"拍打\\\"}\",\"id\":\"3b1f1591-ad36-459c-a00a-b92797a3068f\"},\"messag...
[RAW CHUNK RECEIVED] len=6, content=data: 
[REGEX MATCH FAIL] This chunk contains no ID
[FEEDING PARSER]...
[RAW CHUNK RECEIVED] len=2256, content={"event_data":"{\"message\":{\"content_type\":2001,\"content\":\"{\\\"text\\\":\\\"沙滩\\\"}\",\"id\":\"3b1f1591-ad36-459c-a00a-b92797a3068f\"},\"message_id\":\"34503202769325314\",\"local_message_id\":\"56bbd400-e5a5-11f0-9a5a-d3f415ff2171\",\"conversation_id\":\"34506575725319426\",\"local_conversation_id\":\"local_2044614433538239\",\"section_id\":\"34506575725319682\",\"reply_id\":\"34503202769325058\",\"is_delta\":true,\"status\":4,\"input_content_type\":2020,\"message_index\":2,\"bot_id\":\"7338286299411103781\"}","event_id":"10","event_type":2001}

data: {"event_data":"{\"message\":{\"content_type\":2001,\"content\":\"{\\\"text\\\":\\\"、\\\"}\",\"id\":\"3b1f1591-ad36-459c-a00a-b92797a3068f\"},\"message_id\":\"34503202769325314\",\"local_message_id\":\"56bbd400-e5a5-11f0-9a5a-d3f415ff2171\",\"conversation_id\":\"34506575725319426\",\"local_conversation_id\":\"local_2044614433538239\",\"section_id\":\"34506575725319682\",\"reply_id\":\"34503202769325058\",\"is_delta\":true,\"status\":4,\"input_content_type\":2020,\"message_index\":2,\"bot_id\":\"7338286299411103781\"}","event_id":"11","event_type":2001}

data: {"event_data":"{\"message\":{\"content_type\":2001,\"content\":\"{\\\"text\\\":\\\"夕阳\\\"}\",\"id\":\"3b1f1591-ad36-459c-a00a-b92797a3068f\"},\"message_id\":\"34503202769325314\",\"local_message_id\":\"56bbd400-e5a5-11f0-9a5a-d3f415ff2171\",\"conversation_id\":\"34506575725319426\",\"local_conversation_id\":\"local_2044614433538239\",\"section_id\":\"34506575725319682\",\"reply_id\":\"34503202769325058\",\"is_delta\":true,\"status\":4,\"input_content_type\":2020,\"message_index\":2,\"bot_id\":\"7338286299411103781\"}","event_id":"12","event_type":2001}

data: {"event_data":"{\"message\":{\"content_type\":2001,\"content\":\"{\\\"text\\\":\\\"西\\\"}\",\"id\":\"3b1f1591-ad36-459c-a00a-b92797a3068f\"},\"message_id\":\"34503202769325314\",\"local_message_id\":\"56bbd400-e5a5-11f0-9a5a-d3f415ff2171\",\"conversation_id\":\"34506575725319426\",\"local_conversation_id\":\"local_2044614433538239\",\"section_id\":\"34506575725319682\",\"reply_id\":\"34503202769325058\",\"is_delta\":true,\"status\":4,\"input_content_type\":2020,\"message_index\":2,\"bot_id\":\"7338286299411103781\"}","event_id":"13","event_type":2001}


[REGEX MATCH SUCCESS] Found ID: 34506575725319426
[FEEDING PARSER]...
[EVENT] ID: undefined, Type: 2001, Data Snippet: {"event_data":"{\"message\":{\"content_type\":2001,\"content\":\"{\\\"text\\\":\\\"沙滩\\\"}\",\"id\":\"3b1f1591-ad36-459c-a00a-b92797a3068f\"},\"messag...
[EVENT] ID: undefined, Type: 2001, Data Snippet: {"event_data":"{\"message\":{\"content_type\":2001,\"content\":\"{\\\"text\\\":\\\"、\\\"}\",\"id\":\"3b1f1591-ad36-459c-a00a-b92797a3068f\"},\"message...
[EVENT] ID: undefined, Type: 2001, Data Snippet: {"event_data":"{\"message\":{\"content_type\":2001,\"content\":\"{\\\"text\\\":\\\"夕阳\\\"}\",\"id\":\"3b1f1591-ad36-459c-a00a-b92797a3068f\"},\"messag...
[EVENT] ID: undefined, Type: 2001, Data Snippet: {"event_data":"{\"message\":{\"content_type\":2001,\"content\":\"{\\\"text\\\":\\\"西\\\"}\",\"id\":\"3b1f1591-ad36-459c-a00a-b92797a3068f\"},\"message...
[RAW CHUNK RECEIVED] len=1696, content=data: {"event_data":"{\"message\":{\"content_type\":2001,\"content\":\"{\\\"text\\\":\\\"下\\\"}\",\"id\":\"3b1f1591-ad36-459c-a00a-b92797a3068f\"},\"message_id\":\"34503202769325314\",\"local_message_id\":\"56bbd400-e5a5-11f0-9a5a-d3f415ff2171\",\"conversation_id\":\"34506575725319426\",\"local_conversation_id\":\"local_2044614433538239\",\"section_id\":\"34506575725319682\",\"reply_id\":\"34503202769325058\",\"is_delta\":true,\"status\":4,\"input_content_type\":2020,\"message_index\":2,\"bot_id\":\"7338286299411103781\"}","event_id":"14","event_type":2001}

data: {"event_data":"{\"message\":{\"content_type\":2001,\"content\":\"{\\\"text\\\":\\\"的\\\"}\",\"id\":\"3b1f1591-ad36-459c-a00a-b92797a3068f\"},\"message_id\":\"34503202769325314\",\"local_message_id\":\"56bbd400-e5a5-11f0-9a5a-d3f415ff2171\",\"conversation_id\":\"34506575725319426\",\"local_conversation_id\":\"local_2044614433538239\",\"section_id\":\"34506575725319682\",\"reply_id\":\"34503202769325058\",\"is_delta\":true,\"status\":4,\"input_content_type\":2020,\"message_index\":2,\"bot_id\":\"7338286299411103781\"}","event_id":"15","event_type":2001}

data: {"event_data":"{\"message\":{\"content_type\":2001,\"content\":\"{\\\"text\\\":\\\"高清\\\"}\",\"id\":\"3b1f1591-ad36-459c-a00a-b92797a3068f\"},\"message_id\":\"34503202769325314\",\"local_message_id\":\"56bbd400-e5a5-11f0-9a5a-d3f415ff2171\",\"conversation_id\":\"34506575725319426\",\"local_conversation_id\":\"local_2044614433538239\",\"section_id\":\"34506575725319682\",\"reply_id\":\"34503202769325058\",\"is_delta\":true,\"status\":4,\"input_content_type\":2020,\"message_index\":2,\"bot_id\":\"7338286299411103781\"}","event_id":"16","event_type":2001}


[REGEX MATCH SUCCESS] Found ID: 34506575725319426
[FEEDING PARSER]...
[EVENT] ID: undefined, Type: 2001, Data Snippet: {"event_data":"{\"message\":{\"content_type\":2001,\"content\":\"{\\\"text\\\":\\\"下\\\"}\",\"id\":\"3b1f1591-ad36-459c-a00a-b92797a3068f\"},\"message...
[EVENT] ID: undefined, Type: 2001, Data Snippet: {"event_data":"{\"message\":{\"content_type\":2001,\"content\":\"{\\\"text\\\":\\\"的\\\"}\",\"id\":\"3b1f1591-ad36-459c-a00a-b92797a3068f\"},\"message...
[EVENT] ID: undefined, Type: 2001, Data Snippet: {"event_data":"{\"message\":{\"content_type\":2001,\"content\":\"{\\\"text\\\":\\\"高清\\\"}\",\"id\":\"3b1f1591-ad36-459c-a00a-b92797a3068f\"},\"messag...
[RAW CHUNK RECEIVED] len=566, content=data: {"event_data":"{\"message\":{\"content_type\":2001,\"content\":\"{\\\"text\\\":\\\"电影\\\"}\",\"id\":\"3b1f1591-ad36-459c-a00a-b92797a3068f\"},\"message_id\":\"34503202769325314\",\"local_message_id\":\"56bbd400-e5a5-11f0-9a5a-d3f415ff2171\",\"conversation_id\":\"34506575725319426\",\"local_conversation_id\":\"local_2044614433538239\",\"section_id\":\"34506575725319682\",\"reply_id\":\"34503202769325058\",\"is_delta\":true,\"status\":4,\"input_content_type\":2020,\"message_index\":2,\"bot_id\":\"7338286299411103781\"}","event_id":"17","event_type":2001}


[REGEX MATCH SUCCESS] Found ID: 34506575725319426
[FEEDING PARSER]...
[EVENT] ID: undefined, Type: 2001, Data Snippet: {"event_data":"{\"message\":{\"content_type\":2001,\"content\":\"{\\\"text\\\":\\\"电影\\\"}\",\"id\":\"3b1f1591-ad36-459c-a00a-b92797a3068f\"},\"messag...
[RAW CHUNK RECEIVED] len=565, content=data: {"event_data":"{\"message\":{\"content_type\":2001,\"content\":\"{\\\"text\\\":\\\"感\\\"}\",\"id\":\"3b1f1591-ad36-459c-a00a-b92797a3068f\"},\"message_id\":\"34503202769325314\",\"local_message_id\":\"56bbd400-e5a5-11f0-9a5a-d3f415ff2171\",\"conversation_id\":\"34506575725319426\",\"local_conversation_id\":\"local_2044614433538239\",\"section_id\":\"34506575725319682\",\"reply_id\":\"34503202769325058\",\"is_delta\":true,\"status\":4,\"input_content_type\":2020,\"message_index\":2,\"bot_id\":\"7338286299411103781\"}","event_id":"18","event_type":2001}


[REGEX MATCH SUCCESS] Found ID: 34506575725319426
[FEEDING PARSER]...
[EVENT] ID: undefined, Type: 2001, Data Snippet: {"event_data":"{\"message\":{\"content_type\":2001,\"content\":\"{\\\"text\\\":\\\"感\\\"}\",\"id\":\"3b1f1591-ad36-459c-a00a-b92797a3068f\"},\"message...
[RAW CHUNK RECEIVED] len=566, content=data: {"event_data":"{\"message\":{\"content_type\":2001,\"content\":\"{\\\"text\\\":\\\"视频\\\"}\",\"id\":\"3b1f1591-ad36-459c-a00a-b92797a3068f\"},\"message_id\":\"34503202769325314\",\"local_message_id\":\"56bbd400-e5a5-11f0-9a5a-d3f415ff2171\",\"conversation_id\":\"34506575725319426\",\"local_conversation_id\":\"local_2044614433538239\",\"section_id\":\"34506575725319682\",\"reply_id\":\"34503202769325058\",\"is_delta\":true,\"status\":4,\"input_content_type\":2020,\"message_index\":2,\"bot_id\":\"7338286299411103781\"}","event_id":"19","event_type":2001}


[REGEX MATCH SUCCESS] Found ID: 34506575725319426
[FEEDING PARSER]...
[EVENT] ID: undefined, Type: 2001, Data Snippet: {"event_data":"{\"message\":{\"content_type\":2001,\"content\":\"{\\\"text\\\":\\\"视频\\\"}\",\"id\":\"3b1f1591-ad36-459c-a00a-b92797a3068f\"},\"messag...
[RAW CHUNK RECEIVED] len=565, content=data: {"event_data":"{\"message\":{\"content_type\":2001,\"content\":\"{\\\"text\\\":\\\"。\\\"}\",\"id\":\"3b1f1591-ad36-459c-a00a-b92797a3068f\"},\"message_id\":\"34503202769325314\",\"local_message_id\":\"56bbd400-e5a5-11f0-9a5a-d3f415ff2171\",\"conversation_id\":\"34506575725319426\",\"local_conversation_id\":\"local_2044614433538239\",\"section_id\":\"34506575725319682\",\"reply_id\":\"34503202769325058\",\"is_delta\":true,\"status\":4,\"input_content_type\":2020,\"message_index\":2,\"bot_id\":\"7338286299411103781\"}","event_id":"20","event_type":2001}


[REGEX MATCH SUCCESS] Found ID: 34506575725319426
[FEEDING PARSER]...
[EVENT] ID: undefined, Type: 2001, Data Snippet: {"event_data":"{\"message\":{\"content_type\":2001,\"content\":\"{\\\"text\\\":\\\"。\\\"}\",\"id\":\"3b1f1591-ad36-459c-a00a-b92797a3068f\"},\"message...
[RAW CHUNK RECEIVED] len=574, content=data: {"event_data":"{\"message\":{\"content_type\":2001,\"content\":\"{\\\"text\\\":\\\"\\\\n\\\\n\\\"}\",\"id\":\"3b1f1591-ad36-459c-a00a-b92797a3068f\"},\"message_id\":\"34503202769325314\",\"local_message_id\":\"56bbd400-e5a5-11f0-9a5a-d3f415ff2171\",\"conversation_id\":\"34506575725319426\",\"local_conversation_id\":\"local_2044614433538239\",\"section_id\":\"34506575725319682\",\"reply_id\":\"34503202769325058\",\"is_delta\":true,\"status\":4,\"input_content_type\":2020,\"message_index\":2,\"bot_id\":\"7338286299411103781\"}","event_id":"21","event_type":2001}


[REGEX MATCH SUCCESS] Found ID: 34506575725319426
[FEEDING PARSER]...
[EVENT] ID: undefined, Type: 2001, Data Snippet: {"event_data":"{\"message\":{\"content_type\":2001,\"content\":\"{\\\"text\\\":\\\"\\\\n\\\\n\\\"}\",\"id\":\"3b1f1591-ad36-459c-a00a-b92797a3068f\"},...
[RAW CHUNK RECEIVED] len=606, content=data: {"event_data":"{\"message\":{\"content_type\":2001,\"content\":\"{\\\"text\\\":\\\"视频生成大约需要1-3分钟，生成好后我会主动发送给你，今日剩余 9 个视频生成额度。\\\"}\",\"id\":\"3b1f1591-ad36-459c-a00a-b92797a3068f\"},\"message_id\":\"34503202769325314\",\"local_message_id\":\"56bbd400-e5a5-11f0-9a5a-d3f415ff2171\",\"conversation_id\":\"34506575725319426\",\"local_conversation_id\":\"local_2044614433538239\",\"section_id\":\"34506575725319682\",\"reply_id\":\"34503202769325058\",\"is_delta\":true,\"status\":4,\"input_content_type\":2020,\"message_index\":2,\"bot_id\":\"7338286299411103781\"}","event_id":"22","event_type":2001}


[REGEX MATCH SUCCESS] Found ID: 34506575725319426
[FEEDING PARSER]...
[EVENT] ID: undefined, Type: 2001, Data Snippet: {"event_data":"{\"message\":{\"content_type\":2001,\"content\":\"{\\\"text\\\":\\\"视频生成大约需要1-3分钟，生成好后我会主动发送给你，今日剩余 9 个视频生成额度。\\\"}\",\"id\":\"3b1f1591...
[RAW CHUNK RECEIVED] len=689, content=data: {"event_data":"{\"message\":{\"content_type\":2001,\"content\":\"{}\",\"id\":\"3b1f1591-ad36-459c-a00a-b92797a3068f\"},\"message_id\":\"34503202769325314\",\"local_message_id\":\"56bbd400-e5a5-11f0-9a5a-d3f415ff2171\",\"conversation_id\":\"34506575725319426\",\"local_conversation_id\":\"local_2044614433538239\",\"section_id\":\"34506575725319682\",\"reply_id\":\"34503202769325058\",\"is_delta\":true,\"status\":1,\"is_finish\":true,\"message_action_bar\":{},\"input_content_type\":2020,\"message_index\":2,\"bot_id\":\"7338286299411103781\",\"tts_content\":\"我将按照你的需求生成一段海浪拍打沙滩、夕阳西下的高清电影感视频。\\n\\n视频生成大约需要1-3分钟，生成好后我会主动发送给你，今日剩余 9 个视频生成额度。\"}","event_id":"23","event_type":2001}


[REGEX MATCH SUCCESS] Found ID: 34506575725319426
[FEEDING PARSER]...
[EVENT] ID: undefined, Type: 2001, Data Snippet: {"event_data":"{\"message\":{\"content_type\":2001,\"content\":\"{}\",\"id\":\"3b1f1591-ad36-459c-a00a-b92797a3068f\"},\"message_id\":\"34503202769325...
[FINALIZE] Final ID: 34506575725319426, Videos Count: 0
[RAW CHUNK RECEIVED] len=61, content=data: {"event_data":"{}","event_id":"24","event_type":2003}


[REGEX MATCH FAIL] This chunk contains no ID
[FEEDING PARSER]...
[STREAM CLOSED]
[FINALIZE] Final ID: 34506575725319426, Videos Count: 0


--- [2026-01-11T01:50:34.274Z] NEW STREAM START ---
[RAW CHUNK RECEIVED] len=334, content=data: {"event_data":"{\"message_id\":\"35527194531234306\",\"local_message_id\":\"eae537f0-ee8f-11f0-b3ac-9127bc14913c\",\"conversation_id\":\"35528689845595138\",\"local_conversation_id\":\"local_2659681546222914\",\"section_id\":\"35528689845595394\",\"message_index\":1,\"conversation_type\":5}","event_id":"0","event_type":2002}


[REGEX MATCH SUCCESS] Found ID: 35528689845595138
[FEEDING PARSER]...
[EVENT] ID: undefined, Type: other, Data Snippet: {"event_data":"{\"message_id\":\"35527194531234306\",\"local_message_id\":\"eae537f0-ee8f-11f0-b3ac-9127bc14913c\",\"conversation_id\":\"3552868984559...
[RAW CHUNK RECEIVED] len=6, content=data: 
[REGEX MATCH FAIL] This chunk contains no ID
[FEEDING PARSER]...
[RAW CHUNK RECEIVED] len=1123, content={"event_data":"{\"message\":{\"content_type\":2001,\"content\":\"{\\\"text\\\":\\\"我\\\"}\",\"id\":\"e9687cb0-db38-4cd4-8d7b-5a4a55800e03\"},\"message_id\":\"35527194531234562\",\"local_message_id\":\"eae537f0-ee8f-11f0-b3ac-9127bc14913c\",\"conversation_id\":\"35528689845595138\",\"local_conversation_id\":\"local_2659681546222914\",\"section_id\":\"35528689845595394\",\"reply_id\":\"35527194531234306\",\"is_delta\":true,\"status\":4,\"input_content_type\":2020,\"message_index\":2,\"bot_id\":\"7338286299411103781\"}","event_id":"1","event_type":2001}

data: {"event_data":"{\"message\":{\"content_type\":2001,\"content\":\"{\\\"text\\\":\\\"现在\\\"}\",\"id\":\"e9687cb0-db38-4cd4-8d7b-5a4a55800e03\"},\"message_id\":\"35527194531234562\",\"local_message_id\":\"eae537f0-ee8f-11f0-b3ac-9127bc14913c\",\"conversation_id\":\"35528689845595138\",\"local_conversation_id\":\"local_2659681546222914\",\"section_id\":\"35528689845595394\",\"reply_id\":\"35527194531234306\",\"is_delta\":true,\"status\":4,\"input_content_type\":2020,\"message_index\":2,\"bot_id\":\"7338286299411103781\"}","event_id":"2","event_type":2001}


[REGEX MATCH SUCCESS] Found ID: 35528689845595138
[FEEDING PARSER]...
[EVENT] ID: undefined, Type: 2001, Data Snippet: {"event_data":"{\"message\":{\"content_type\":2001,\"content\":\"{\\\"text\\\":\\\"我\\\"}\",\"id\":\"e9687cb0-db38-4cd4-8d7b-5a4a55800e03\"},\"message...
[EVENT] ID: undefined, Type: 2001, Data Snippet: {"event_data":"{\"message\":{\"content_type\":2001,\"content\":\"{\\\"text\\\":\\\"现在\\\"}\",\"id\":\"e9687cb0-db38-4cd4-8d7b-5a4a55800e03\"},\"messag...
[RAW CHUNK RECEIVED] len=564, content=data: {"event_data":"{\"message\":{\"content_type\":2001,\"content\":\"{\\\"text\\\":\\\"要\\\"}\",\"id\":\"e9687cb0-db38-4cd4-8d7b-5a4a55800e03\"},\"message_id\":\"35527194531234562\",\"local_message_id\":\"eae537f0-ee8f-11f0-b3ac-9127bc14913c\",\"conversation_id\":\"35528689845595138\",\"local_conversation_id\":\"local_2659681546222914\",\"section_id\":\"35528689845595394\",\"reply_id\":\"35527194531234306\",\"is_delta\":true,\"status\":4,\"input_content_type\":2020,\"message_index\":2,\"bot_id\":\"7338286299411103781\"}","event_id":"3","event_type":2001}


[REGEX MATCH SUCCESS] Found ID: 35528689845595138
[FEEDING PARSER]...
[EVENT] ID: undefined, Type: 2001, Data Snippet: {"event_data":"{\"message\":{\"content_type\":2001,\"content\":\"{\\\"text\\\":\\\"要\\\"}\",\"id\":\"e9687cb0-db38-4cd4-8d7b-5a4a55800e03\"},\"message...
[RAW CHUNK RECEIVED] len=1693, content=data: {"event_data":"{\"message\":{\"content_type\":2001,\"content\":\"{\\\"text\\\":\\\"为\\\"}\",\"id\":\"e9687cb0-db38-4cd4-8d7b-5a4a55800e03\"},\"message_id\":\"35527194531234562\",\"local_message_id\":\"eae537f0-ee8f-11f0-b3ac-9127bc14913c\",\"conversation_id\":\"35528689845595138\",\"local_conversation_id\":\"local_2659681546222914\",\"section_id\":\"35528689845595394\",\"reply_id\":\"35527194531234306\",\"is_delta\":true,\"status\":4,\"input_content_type\":2020,\"message_index\":2,\"bot_id\":\"7338286299411103781\"}","event_id":"4","event_type":2001}

data: {"event_data":"{\"message\":{\"content_type\":2001,\"content\":\"{\\\"text\\\":\\\"你\\\"}\",\"id\":\"e9687cb0-db38-4cd4-8d7b-5a4a55800e03\"},\"message_id\":\"35527194531234562\",\"local_message_id\":\"eae537f0-ee8f-11f0-b3ac-9127bc14913c\",\"conversation_id\":\"35528689845595138\",\"local_conversation_id\":\"local_2659681546222914\",\"section_id\":\"35528689845595394\",\"reply_id\":\"35527194531234306\",\"is_delta\":true,\"status\":4,\"input_content_type\":2020,\"message_index\":2,\"bot_id\":\"7338286299411103781\"}","event_id":"5","event_type":2001}

data: {"event_data":"{\"message\":{\"content_type\":2001,\"content\":\"{\\\"text\\\":\\\"生成\\\"}\",\"id\":\"e9687cb0-db38-4cd4-8d7b-5a4a55800e03\"},\"message_id\":\"35527194531234562\",\"local_message_id\":\"eae537f0-ee8f-11f0-b3ac-9127bc14913c\",\"conversation_id\":\"35528689845595138\",\"local_conversation_id\":\"local_2659681546222914\",\"section_id\":\"35528689845595394\",\"reply_id\":\"35527194531234306\",\"is_delta\":true,\"status\":4,\"input_content_type\":2020,\"message_index\":2,\"bot_id\":\"7338286299411103781\"}","event_id":"6","event_type":2001}


[REGEX MATCH SUCCESS] Found ID: 35528689845595138
[FEEDING PARSER]...
[EVENT] ID: undefined, Type: 2001, Data Snippet: {"event_data":"{\"message\":{\"content_type\":2001,\"content\":\"{\\\"text\\\":\\\"为\\\"}\",\"id\":\"e9687cb0-db38-4cd4-8d7b-5a4a55800e03\"},\"message...
[EVENT] ID: undefined, Type: 2001, Data Snippet: {"event_data":"{\"message\":{\"content_type\":2001,\"content\":\"{\\\"text\\\":\\\"你\\\"}\",\"id\":\"e9687cb0-db38-4cd4-8d7b-5a4a55800e03\"},\"message...
[EVENT] ID: undefined, Type: 2001, Data Snippet: {"event_data":"{\"message\":{\"content_type\":2001,\"content\":\"{\\\"text\\\":\\\"生成\\\"}\",\"id\":\"e9687cb0-db38-4cd4-8d7b-5a4a55800e03\"},\"messag...
[RAW CHUNK RECEIVED] len=565, content=data: {"event_data":"{\"message\":{\"content_type\":2001,\"content\":\"{\\\"text\\\":\\\"一个\\\"}\",\"id\":\"e9687cb0-db38-4cd4-8d7b-5a4a55800e03\"},\"message_id\":\"35527194531234562\",\"local_message_id\":\"eae537f0-ee8f-11f0-b3ac-9127bc14913c\",\"conversation_id\":\"35528689845595138\",\"local_conversation_id\":\"local_2659681546222914\",\"section_id\":\"35528689845595394\",\"reply_id\":\"35527194531234306\",\"is_delta\":true,\"status\":4,\"input_content_type\":2020,\"message_index\":2,\"bot_id\":\"7338286299411103781\"}","event_id":"7","event_type":2001}


[REGEX MATCH SUCCESS] Found ID: 35528689845595138
[FEEDING PARSER]...
[EVENT] ID: undefined, Type: 2001, Data Snippet: {"event_data":"{\"message\":{\"content_type\":2001,\"content\":\"{\\\"text\\\":\\\"一个\\\"}\",\"id\":\"e9687cb0-db38-4cd4-8d7b-5a4a55800e03\"},\"messag...
[RAW CHUNK RECEIVED] len=565, content=data: {"event_data":"{\"message\":{\"content_type\":2001,\"content\":\"{\\\"text\\\":\\\"海浪\\\"}\",\"id\":\"e9687cb0-db38-4cd4-8d7b-5a4a55800e03\"},\"message_id\":\"35527194531234562\",\"local_message_id\":\"eae537f0-ee8f-11f0-b3ac-9127bc14913c\",\"conversation_id\":\"35528689845595138\",\"local_conversation_id\":\"local_2659681546222914\",\"section_id\":\"35528689845595394\",\"reply_id\":\"35527194531234306\",\"is_delta\":true,\"status\":4,\"input_content_type\":2020,\"message_index\":2,\"bot_id\":\"7338286299411103781\"}","event_id":"8","event_type":2001}


[REGEX MATCH SUCCESS] Found ID: 35528689845595138
[FEEDING PARSER]...
[EVENT] ID: undefined, Type: 2001, Data Snippet: {"event_data":"{\"message\":{\"content_type\":2001,\"content\":\"{\\\"text\\\":\\\"海浪\\\"}\",\"id\":\"e9687cb0-db38-4cd4-8d7b-5a4a55800e03\"},\"messag...
[RAW CHUNK RECEIVED] len=565, content=data: {"event_data":"{\"message\":{\"content_type\":2001,\"content\":\"{\\\"text\\\":\\\"拍打\\\"}\",\"id\":\"e9687cb0-db38-4cd4-8d7b-5a4a55800e03\"},\"message_id\":\"35527194531234562\",\"local_message_id\":\"eae537f0-ee8f-11f0-b3ac-9127bc14913c\",\"conversation_id\":\"35528689845595138\",\"local_conversation_id\":\"local_2659681546222914\",\"section_id\":\"35528689845595394\",\"reply_id\":\"35527194531234306\",\"is_delta\":true,\"status\":4,\"input_content_type\":2020,\"message_index\":2,\"bot_id\":\"7338286299411103781\"}","event_id":"9","event_type":2001}


[REGEX MATCH SUCCESS] Found ID: 35528689845595138
[FEEDING PARSER]...
[EVENT] ID: undefined, Type: 2001, Data Snippet: {"event_data":"{\"message\":{\"content_type\":2001,\"content\":\"{\\\"text\\\":\\\"拍打\\\"}\",\"id\":\"e9687cb0-db38-4cd4-8d7b-5a4a55800e03\"},\"messag...
[RAW CHUNK RECEIVED] len=566, content=data: {"event_data":"{\"message\":{\"content_type\":2001,\"content\":\"{\\\"text\\\":\\\"沙滩\\\"}\",\"id\":\"e9687cb0-db38-4cd4-8d7b-5a4a55800e03\"},\"message_id\":\"35527194531234562\",\"local_message_id\":\"eae537f0-ee8f-11f0-b3ac-9127bc14913c\",\"conversation_id\":\"35528689845595138\",\"local_conversation_id\":\"local_2659681546222914\",\"section_id\":\"35528689845595394\",\"reply_id\":\"35527194531234306\",\"is_delta\":true,\"status\":4,\"input_content_type\":2020,\"message_index\":2,\"bot_id\":\"7338286299411103781\"}","event_id":"10","event_type":2001}


[REGEX MATCH SUCCESS] Found ID: 35528689845595138
[FEEDING PARSER]...
[EVENT] ID: undefined, Type: 2001, Data Snippet: {"event_data":"{\"message\":{\"content_type\":2001,\"content\":\"{\\\"text\\\":\\\"沙滩\\\"}\",\"id\":\"e9687cb0-db38-4cd4-8d7b-5a4a55800e03\"},\"messag...
[RAW CHUNK RECEIVED] len=565, content=data: {"event_data":"{\"message\":{\"content_type\":2001,\"content\":\"{\\\"text\\\":\\\"、\\\"}\",\"id\":\"e9687cb0-db38-4cd4-8d7b-5a4a55800e03\"},\"message_id\":\"35527194531234562\",\"local_message_id\":\"eae537f0-ee8f-11f0-b3ac-9127bc14913c\",\"conversation_id\":\"35528689845595138\",\"local_conversation_id\":\"local_2659681546222914\",\"section_id\":\"35528689845595394\",\"reply_id\":\"35527194531234306\",\"is_delta\":true,\"status\":4,\"input_content_type\":2020,\"message_index\":2,\"bot_id\":\"7338286299411103781\"}","event_id":"11","event_type":2001}


[REGEX MATCH SUCCESS] Found ID: 35528689845595138
[FEEDING PARSER]...
[EVENT] ID: undefined, Type: 2001, Data Snippet: {"event_data":"{\"message\":{\"content_type\":2001,\"content\":\"{\\\"text\\\":\\\"、\\\"}\",\"id\":\"e9687cb0-db38-4cd4-8d7b-5a4a55800e03\"},\"message...
[RAW CHUNK RECEIVED] len=566, content=data: {"event_data":"{\"message\":{\"content_type\":2001,\"content\":\"{\\\"text\\\":\\\"夕阳\\\"}\",\"id\":\"e9687cb0-db38-4cd4-8d7b-5a4a55800e03\"},\"message_id\":\"35527194531234562\",\"local_message_id\":\"eae537f0-ee8f-11f0-b3ac-9127bc14913c\",\"conversation_id\":\"35528689845595138\",\"local_conversation_id\":\"local_2659681546222914\",\"section_id\":\"35528689845595394\",\"reply_id\":\"35527194531234306\",\"is_delta\":true,\"status\":4,\"input_content_type\":2020,\"message_index\":2,\"bot_id\":\"7338286299411103781\"}","event_id":"12","event_type":2001}


[REGEX MATCH SUCCESS] Found ID: 35528689845595138
[FEEDING PARSER]...
[EVENT] ID: undefined, Type: 2001, Data Snippet: {"event_data":"{\"message\":{\"content_type\":2001,\"content\":\"{\\\"text\\\":\\\"夕阳\\\"}\",\"id\":\"e9687cb0-db38-4cd4-8d7b-5a4a55800e03\"},\"messag...
[RAW CHUNK RECEIVED] len=565, content=data: {"event_data":"{\"message\":{\"content_type\":2001,\"content\":\"{\\\"text\\\":\\\"西\\\"}\",\"id\":\"e9687cb0-db38-4cd4-8d7b-5a4a55800e03\"},\"message_id\":\"35527194531234562\",\"local_message_id\":\"eae537f0-ee8f-11f0-b3ac-9127bc14913c\",\"conversation_id\":\"35528689845595138\",\"local_conversation_id\":\"local_2659681546222914\",\"section_id\":\"35528689845595394\",\"reply_id\":\"35527194531234306\",\"is_delta\":true,\"status\":4,\"input_content_type\":2020,\"message_index\":2,\"bot_id\":\"7338286299411103781\"}","event_id":"13","event_type":2001}


[REGEX MATCH SUCCESS] Found ID: 35528689845595138
[FEEDING PARSER]...
[EVENT] ID: undefined, Type: 2001, Data Snippet: {"event_data":"{\"message\":{\"content_type\":2001,\"content\":\"{\\\"text\\\":\\\"西\\\"}\",\"id\":\"e9687cb0-db38-4cd4-8d7b-5a4a55800e03\"},\"message...
[RAW CHUNK RECEIVED] len=1130, content=data: {"event_data":"{\"message\":{\"content_type\":2001,\"content\":\"{\\\"text\\\":\\\"下\\\"}\",\"id\":\"e9687cb0-db38-4cd4-8d7b-5a4a55800e03\"},\"message_id\":\"35527194531234562\",\"local_message_id\":\"eae537f0-ee8f-11f0-b3ac-9127bc14913c\",\"conversation_id\":\"35528689845595138\",\"local_conversation_id\":\"local_2659681546222914\",\"section_id\":\"35528689845595394\",\"reply_id\":\"35527194531234306\",\"is_delta\":true,\"status\":4,\"input_content_type\":2020,\"message_index\":2,\"bot_id\":\"7338286299411103781\"}","event_id":"14","event_type":2001}

data: {"event_data":"{\"message\":{\"content_type\":2001,\"content\":\"{\\\"text\\\":\\\"的\\\"}\",\"id\":\"e9687cb0-db38-4cd4-8d7b-5a4a55800e03\"},\"message_id\":\"35527194531234562\",\"local_message_id\":\"eae537f0-ee8f-11f0-b3ac-9127bc14913c\",\"conversation_id\":\"35528689845595138\",\"local_conversation_id\":\"local_2659681546222914\",\"section_id\":\"35528689845595394\",\"reply_id\":\"35527194531234306\",\"is_delta\":true,\"status\":4,\"input_content_type\":2020,\"message_index\":2,\"bot_id\":\"7338286299411103781\"}","event_id":"15","event_type":2001}


[REGEX MATCH SUCCESS] Found ID: 35528689845595138
[FEEDING PARSER]...
[EVENT] ID: undefined, Type: 2001, Data Snippet: {"event_data":"{\"message\":{\"content_type\":2001,\"content\":\"{\\\"text\\\":\\\"下\\\"}\",\"id\":\"e9687cb0-db38-4cd4-8d7b-5a4a55800e03\"},\"message...
[EVENT] ID: undefined, Type: 2001, Data Snippet: {"event_data":"{\"message\":{\"content_type\":2001,\"content\":\"{\\\"text\\\":\\\"的\\\"}\",\"id\":\"e9687cb0-db38-4cd4-8d7b-5a4a55800e03\"},\"message...
[RAW CHUNK RECEIVED] len=566, content=data: {"event_data":"{\"message\":{\"content_type\":2001,\"content\":\"{\\\"text\\\":\\\"视频\\\"}\",\"id\":\"e9687cb0-db38-4cd4-8d7b-5a4a55800e03\"},\"message_id\":\"35527194531234562\",\"local_message_id\":\"eae537f0-ee8f-11f0-b3ac-9127bc14913c\",\"conversation_id\":\"35528689845595138\",\"local_conversation_id\":\"local_2659681546222914\",\"section_id\":\"35528689845595394\",\"reply_id\":\"35527194531234306\",\"is_delta\":true,\"status\":4,\"input_content_type\":2020,\"message_index\":2,\"bot_id\":\"7338286299411103781\"}","event_id":"16","event_type":2001}


[REGEX MATCH SUCCESS] Found ID: 35528689845595138
[FEEDING PARSER]...
[EVENT] ID: undefined, Type: 2001, Data Snippet: {"event_data":"{\"message\":{\"content_type\":2001,\"content\":\"{\\\"text\\\":\\\"视频\\\"}\",\"id\":\"e9687cb0-db38-4cd4-8d7b-5a4a55800e03\"},\"messag...
[RAW CHUNK RECEIVED] len=565, content=data: {"event_data":"{\"message\":{\"content_type\":2001,\"content\":\"{\\\"text\\\":\\\"。\\\"}\",\"id\":\"e9687cb0-db38-4cd4-8d7b-5a4a55800e03\"},\"message_id\":\"35527194531234562\",\"local_message_id\":\"eae537f0-ee8f-11f0-b3ac-9127bc14913c\",\"conversation_id\":\"35528689845595138\",\"local_conversation_id\":\"local_2659681546222914\",\"section_id\":\"35528689845595394\",\"reply_id\":\"35527194531234306\",\"is_delta\":true,\"status\":4,\"input_content_type\":2020,\"message_index\":2,\"bot_id\":\"7338286299411103781\"}","event_id":"17","event_type":2001}


[REGEX MATCH SUCCESS] Found ID: 35528689845595138
[FEEDING PARSER]...
[EVENT] ID: undefined, Type: 2001, Data Snippet: {"event_data":"{\"message\":{\"content_type\":2001,\"content\":\"{\\\"text\\\":\\\"。\\\"}\",\"id\":\"e9687cb0-db38-4cd4-8d7b-5a4a55800e03\"},\"message...
[RAW CHUNK RECEIVED] len=572, content=data: {"event_data":"{\"message\":{\"content_type\":2001,\"content\":\"{\\\"text\\\":\\\"\\\\n\\\\n\\\"}\",\"id\":\"e9687cb0-db38-4cd4-8d7b-5a4a55800e03\"},\"message_id\":\"35527194531234562\",\"local_message_id\":\"eae537f0-ee8f-11f0-b3ac-9127bc14913c\",\"conversation_id\":\"35528689845595138\",\"local_conversation_id\":\"local_2659681546222914\",\"section_id\":\"35528689845595394\",\"reply_id\":\"35527194531234306\",\"is_delta\":true,\"status\":4,\"input_content_type\":2020,\"message_index\":2,\"bot_id\":\"7338286299411103781\"}","event_id":"18","event_type":2001}
[REGEX MATCH SUCCESS] Found ID: 35528689845595138
[FEEDING PARSER]...
[RAW CHUNK RECEIVED] len=2, content=


[REGEX MATCH FAIL] This chunk contains no ID
[FEEDING PARSER]...
[EVENT] ID: undefined, Type: 2001, Data Snippet: {"event_data":"{\"message\":{\"content_type\":2001,\"content\":\"{\\\"text\\\":\\\"\\\\n\\\\n\\\"}\",\"id\":\"e9687cb0-db38-4cd4-8d7b-5a4a55800e03\"},...
[RAW CHUNK RECEIVED] len=606, content=data: {"event_data":"{\"message\":{\"content_type\":2001,\"content\":\"{\\\"text\\\":\\\"视频生成大约需要1-3分钟，生成好后我会主动发送给你，今日剩余 9 个视频生成额度。\\\"}\",\"id\":\"e9687cb0-db38-4cd4-8d7b-5a4a55800e03\"},\"message_id\":\"35527194531234562\",\"local_message_id\":\"eae537f0-ee8f-11f0-b3ac-9127bc14913c\",\"conversation_id\":\"35528689845595138\",\"local_conversation_id\":\"local_2659681546222914\",\"section_id\":\"35528689845595394\",\"reply_id\":\"35527194531234306\",\"is_delta\":true,\"status\":4,\"input_content_type\":2020,\"message_index\":2,\"bot_id\":\"7338286299411103781\"}","event_id":"19","event_type":2001}


[REGEX MATCH SUCCESS] Found ID: 35528689845595138
[FEEDING PARSER]...
[EVENT] ID: undefined, Type: 2001, Data Snippet: {"event_data":"{\"message\":{\"content_type\":2001,\"content\":\"{\\\"text\\\":\\\"视频生成大约需要1-3分钟，生成好后我会主动发送给你，今日剩余 9 个视频生成额度。\\\"}\",\"id\":\"e9687cb0...
[RAW CHUNK RECEIVED] len=682, content=data: {"event_data":"{\"message\":{\"content_type\":2001,\"content\":\"{}\",\"id\":\"e9687cb0-db38-4cd4-8d7b-5a4a55800e03\"},\"message_id\":\"35527194531234562\",\"local_message_id\":\"eae537f0-ee8f-11f0-b3ac-9127bc14913c\",\"conversation_id\":\"35528689845595138\",\"local_conversation_id\":\"local_2659681546222914\",\"section_id\":\"35528689845595394\",\"reply_id\":\"35527194531234306\",\"is_delta\":true,\"status\":1,\"is_finish\":true,\"message_action_bar\":{},\"input_content_type\":2020,\"message_index\":2,\"bot_id\":\"7338286299411103781\",\"tts_content\":\"我现在要为你生成一个海浪拍打沙滩、夕阳西下的视频。\\n\\n视频生成大约需要1-3分钟，生成好后我会主动发送给你，今日剩余 9 个视频生成额度。\"}","event_id":"20","event_type":2001}


[REGEX MATCH SUCCESS] Found ID: 35528689845595138
[FEEDING PARSER]...
[EVENT] ID: undefined, Type: 2001, Data Snippet: {"event_data":"{\"message\":{\"content_type\":2001,\"content\":\"{}\",\"id\":\"e9687cb0-db38-4cd4-8d7b-5a4a55800e03\"},\"message_id\":\"35527194531234...
[FINALIZE] Final ID: 35528689845595138, Videos Count: 0
[RAW CHUNK RECEIVED] len=61, content=data: {"event_data":"{}","event_id":"21","event_type":2003}


[REGEX MATCH FAIL] This chunk contains no ID
[FEEDING PARSER]...
[STREAM CLOSED]
[FINALIZE] Final ID: 35528689845595138, Videos Count: 0


--- [2026-03-17T05:45:20.182Z] NEW STREAM START ---
[RAW CHUNK RECEIVED] len=334, content=data: {"event_data":"{\"message_id\":\"40475619601796866\",\"local_message_id\":\"7b9bc9f0-21c4-11f1-8e1b-b9525c54fdd9\",\"conversation_id\":\"38417356828885506\",\"local_conversation_id\":\"local_2361668351695638\",\"section_id\":\"38417356828885762\",\"message_index\":1,\"conversation_type\":5}","event_id":"0","event_type":2002}


[REGEX MATCH SUCCESS] Found ID: 38417356828885506
[FEEDING PARSER]...
[RAW CHUNK RECEIVED] len=564, content=data: {"event_data":"{\"message\":{\"content_type\":2001,\"content\":\"{\\\"text\\\":\\\"我\\\"}\",\"id\":\"a40a8884-919c-4e74-a35f-760024752ad4\"},\"message_id\":\"40475619601797122\",\"local_message_id\":\"7b9bc9f0-21c4-11f1-8e1b-b9525c54fdd9\",\"conversation_id\":\"38417356828885506\",\"local_conversation_id\":\"local_2361668351695638\",\"section_id\":\"38417356828885762\",\"reply_id\":\"40475619601796866\",\"is_delta\":true,\"status\":4,\"input_content_type\":2020,\"message_index\":2,\"bot_id\":\"7338286299411103781\"}","event_id":"1","event_type":2001}


[REGEX MATCH SUCCESS] Found ID: 38417356828885506
[FEEDING PARSER]...
[RAW CHUNK RECEIVED] len=1128, content=data: {"event_data":"{\"message\":{\"content_type\":2001,\"content\":\"{\\\"text\\\":\\\"将\\\"}\",\"id\":\"a40a8884-919c-4e74-a35f-760024752ad4\"},\"message_id\":\"40475619601797122\",\"local_message_id\":\"7b9bc9f0-21c4-11f1-8e1b-b9525c54fdd9\",\"conversation_id\":\"38417356828885506\",\"local_conversation_id\":\"local_2361668351695638\",\"section_id\":\"38417356828885762\",\"reply_id\":\"40475619601796866\",\"is_delta\":true,\"status\":4,\"input_content_type\":2020,\"message_index\":2,\"bot_id\":\"7338286299411103781\"}","event_id":"2","event_type":2001}

data: {"event_data":"{\"message\":{\"content_type\":2001,\"content\":\"{\\\"text\\\":\\\"为\\\"}\",\"id\":\"a40a8884-919c-4e74-a35f-760024752ad4\"},\"message_id\":\"40475619601797122\",\"local_message_id\":\"7b9bc9f0-21c4-11f1-8e1b-b9525c54fdd9\",\"conversation_id\":\"38417356828885506\",\"local_conversation_id\":\"local_2361668351695638\",\"section_id\":\"38417356828885762\",\"reply_id\":\"40475619601796866\",\"is_delta\":true,\"status\":4,\"input_content_type\":2020,\"message_index\":2,\"bot_id\":\"7338286299411103781\"}","event_id":"3","event_type":2001}


[REGEX MATCH SUCCESS] Found ID: 38417356828885506
[FEEDING PARSER]...
[RAW CHUNK RECEIVED] len=1694, content=data: {"event_data":"{\"message\":{\"content_type\":2001,\"content\":\"{\\\"text\\\":\\\"你\\\"}\",\"id\":\"a40a8884-919c-4e74-a35f-760024752ad4\"},\"message_id\":\"40475619601797122\",\"local_message_id\":\"7b9bc9f0-21c4-11f1-8e1b-b9525c54fdd9\",\"conversation_id\":\"38417356828885506\",\"local_conversation_id\":\"local_2361668351695638\",\"section_id\":\"38417356828885762\",\"reply_id\":\"40475619601796866\",\"is_delta\":true,\"status\":4,\"input_content_type\":2020,\"message_index\":2,\"bot_id\":\"7338286299411103781\"}","event_id":"4","event_type":2001}

data: {"event_data":"{\"message\":{\"content_type\":2001,\"content\":\"{\\\"text\\\":\\\"生成\\\"}\",\"id\":\"a40a8884-919c-4e74-a35f-760024752ad4\"},\"message_id\":\"40475619601797122\",\"local_message_id\":\"7b9bc9f0-21c4-11f1-8e1b-b9525c54fdd9\",\"conversation_id\":\"38417356828885506\",\"local_conversation_id\":\"local_2361668351695638\",\"section_id\":\"38417356828885762\",\"reply_id\":\"40475619601796866\",\"is_delta\":true,\"status\":4,\"input_content_type\":2020,\"message_index\":2,\"bot_id\":\"7338286299411103781\"}","event_id":"5","event_type":2001}

data: {"event_data":"{\"message\":{\"content_type\":2001,\"content\":\"{\\\"text\\\":\\\"一只\\\"}\",\"id\":\"a40a8884-919c-4e74-a35f-760024752ad4\"},\"message_id\":\"40475619601797122\",\"local_message_id\":\"7b9bc9f0-21c4-11f1-8e1b-b9525c54fdd9\",\"conversation_id\":\"38417356828885506\",\"local_conversation_id\":\"local_2361668351695638\",\"section_id\":\"38417356828885762\",\"reply_id\":\"40475619601796866\",\"is_delta\":true,\"status\":4,\"input_content_type\":2020,\"message_index\":2,\"bot_id\":\"7338286299411103781\"}","event_id":"6","event_type":2001}


[REGEX MATCH SUCCESS] Found ID: 38417356828885506
[FEEDING PARSER]...
[RAW CHUNK RECEIVED] len=564, content=data: {"event_data":"{\"message\":{\"content_type\":2001,\"content\":\"{\\\"text\\\":\\\"在\\\"}\",\"id\":\"a40a8884-919c-4e74-a35f-760024752ad4\"},\"message_id\":\"40475619601797122\",\"local_message_id\":\"7b9bc9f0-21c4-11f1-8e1b-b9525c54fdd9\",\"conversation_id\":\"38417356828885506\",\"local_conversation_id\":\"local_2361668351695638\",\"section_id\":\"38417356828885762\",\"reply_id\":\"40475619601796866\",\"is_delta\":true,\"status\":4,\"input_content_type\":2020,\"message_index\":2,\"bot_id\":\"7338286299411103781\"}","event_id":"7","event_type":2001}


[REGEX MATCH SUCCESS] Found ID: 38417356828885506
[FEEDING PARSER]...
[RAW CHUNK RECEIVED] len=1129, content=data: {"event_data":"{\"message\":{\"content_type\":2001,\"content\":\"{\\\"text\\\":\\\"星空\\\"}\",\"id\":\"a40a8884-919c-4e74-a35f-760024752ad4\"},\"message_id\":\"40475619601797122\",\"local_message_id\":\"7b9bc9f0-21c4-11f1-8e1b-b9525c54fdd9\",\"conversation_id\":\"38417356828885506\",\"local_conversation_id\":\"local_2361668351695638\",\"section_id\":\"38417356828885762\",\"reply_id\":\"40475619601796866\",\"is_delta\":true,\"status\":4,\"input_content_type\":2020,\"message_index\":2,\"bot_id\":\"7338286299411103781\"}","event_id":"8","event_type":2001}

data: {"event_data":"{\"message\":{\"content_type\":2001,\"content\":\"{\\\"text\\\":\\\"下\\\"}\",\"id\":\"a40a8884-919c-4e74-a35f-760024752ad4\"},\"message_id\":\"40475619601797122\",\"local_message_id\":\"7b9bc9f0-21c4-11f1-8e1b-b9525c54fdd9\",\"conversation_id\":\"38417356828885506\",\"local_conversation_id\":\"local_2361668351695638\",\"section_id\":\"38417356828885762\",\"reply_id\":\"40475619601796866\",\"is_delta\":true,\"status\":4,\"input_content_type\":2020,\"message_index\":2,\"bot_id\":\"7338286299411103781\"}","event_id":"9","event_type":2001}


[REGEX MATCH SUCCESS] Found ID: 38417356828885506
[FEEDING PARSER]...
[RAW CHUNK RECEIVED] len=566, content=data: {"event_data":"{\"message\":{\"content_type\":2001,\"content\":\"{\\\"text\\\":\\\"奔跑\\\"}\",\"id\":\"a40a8884-919c-4e74-a35f-760024752ad4\"},\"message_id\":\"40475619601797122\",\"local_message_id\":\"7b9bc9f0-21c4-11f1-8e1b-b9525c54fdd9\",\"conversation_id\":\"38417356828885506\",\"local_conversation_id\":\"local_2361668351695638\",\"section_id\":\"38417356828885762\",\"reply_id\":\"40475619601796866\",\"is_delta\":true,\"status\":4,\"input_content_type\":2020,\"message_index\":2,\"bot_id\":\"7338286299411103781\"}","event_id":"10","event_type":2001}


[REGEX MATCH SUCCESS] Found ID: 38417356828885506
[FEEDING PARSER]...
[RAW CHUNK RECEIVED] len=565, content=data: {"event_data":"{\"message\":{\"content_type\":2001,\"content\":\"{\\\"text\\\":\\\"的\\\"}\",\"id\":\"a40a8884-919c-4e74-a35f-760024752ad4\"},\"message_id\":\"40475619601797122\",\"local_message_id\":\"7b9bc9f0-21c4-11f1-8e1b-b9525c54fdd9\",\"conversation_id\":\"38417356828885506\",\"local_conversation_id\":\"local_2361668351695638\",\"section_id\":\"38417356828885762\",\"reply_id\":\"40475619601796866\",\"is_delta\":true,\"status\":4,\"input_content_type\":2020,\"message_index\":2,\"bot_id\":\"7338286299411103781\"}","event_id":"11","event_type":2001}


[REGEX MATCH SUCCESS] Found ID: 38417356828885506
[FEEDING PARSER]...
[RAW CHUNK RECEIVED] len=2262, content=data: {"event_data":"{\"message\":{\"content_type\":2001,\"content\":\"{\\\"text\\\":\\\"赛\\\"}\",\"id\":\"a40a8884-919c-4e74-a35f-760024752ad4\"},\"message_id\":\"40475619601797122\",\"local_message_id\":\"7b9bc9f0-21c4-11f1-8e1b-b9525c54fdd9\",\"conversation_id\":\"38417356828885506\",\"local_conversation_id\":\"local_2361668351695638\",\"section_id\":\"38417356828885762\",\"reply_id\":\"40475619601796866\",\"is_delta\":true,\"status\":4,\"input_content_type\":2020,\"message_index\":2,\"bot_id\":\"7338286299411103781\"}","event_id":"12","event_type":2001}

data: {"event_data":"{\"message\":{\"content_type\":2001,\"content\":\"{\\\"text\\\":\\\"博\\\"}\",\"id\":\"a40a8884-919c-4e74-a35f-760024752ad4\"},\"message_id\":\"40475619601797122\",\"local_message_id\":\"7b9bc9f0-21c4-11f1-8e1b-b9525c54fdd9\",\"conversation_id\":\"38417356828885506\",\"local_conversation_id\":\"local_2361668351695638\",\"section_id\":\"38417356828885762\",\"reply_id\":\"40475619601796866\",\"is_delta\":true,\"status\":4,\"input_content_type\":2020,\"message_index\":2,\"bot_id\":\"7338286299411103781\"}","event_id":"13","event_type":2001}

data: {"event_data":"{\"message\":{\"content_type\":2001,\"content\":\"{\\\"text\\\":\\\"朋克\\\"}\",\"id\":\"a40a8884-919c-4e74-a35f-760024752ad4\"},\"message_id\":\"40475619601797122\",\"local_message_id\":\"7b9bc9f0-21c4-11f1-8e1b-b9525c54fdd9\",\"conversation_id\":\"38417356828885506\",\"local_conversation_id\":\"local_2361668351695638\",\"section_id\":\"38417356828885762\",\"reply_id\":\"40475619601796866\",\"is_delta\":true,\"status\":4,\"input_content_type\":2020,\"message_index\":2,\"bot_id\":\"7338286299411103781\"}","event_id":"14","event_type":2001}

data: {"event_data":"{\"message\":{\"content_type\":2001,\"content\":\"{\\\"text\\\":\\\"风格\\\"}\",\"id\":\"a40a8884-919c-4e74-a35f-760024752ad4\"},\"message_id\":\"40475619601797122\",\"local_message_id\":\"7b9bc9f0-21c4-11f1-8e1b-b9525c54fdd9\",\"conversation_id\":\"38417356828885506\",\"local_conversation_id\":\"local_2361668351695638\",\"section_id\":\"38417356828885762\",\"reply_id\":\"40475619601796866\",\"is_delta\":true,\"status\":4,\"input_content_type\":2020,\"message_index\":2,\"bot_id\":\"7338286299411103781\"}","event_id":"15","event_type":2001}


[REGEX MATCH SUCCESS] Found ID: 38417356828885506
[FEEDING PARSER]...
[RAW CHUNK RECEIVED] len=566, content=data: {"event_data":"{\"message\":{\"content_type\":2001,\"content\":\"{\\\"text\\\":\\\"小狗\\\"}\",\"id\":\"a40a8884-919c-4e74-a35f-760024752ad4\"},\"message_id\":\"40475619601797122\",\"local_message_id\":\"7b9bc9f0-21c4-11f1-8e1b-b9525c54fdd9\",\"conversation_id\":\"38417356828885506\",\"local_conversation_id\":\"local_2361668351695638\",\"section_id\":\"38417356828885762\",\"reply_id\":\"40475619601796866\",\"is_delta\":true,\"status\":4,\"input_content_type\":2020,\"message_index\":2,\"bot_id\":\"7338286299411103781\"}","event_id":"16","event_type":2001}


[REGEX MATCH SUCCESS] Found ID: 38417356828885506
[FEEDING PARSER]...
[RAW CHUNK RECEIVED] len=1258, content=data: {"event_data":"{\"message\":{\"content_type\":2001,\"content\":\"{\\\"text\\\":\\\"的\\\"}\",\"id\":\"a40a8884-919c-4e74-a35f-760024752ad4\"},\"message_id\":\"40475619601797122\",\"local_message_id\":\"7b9bc9f0-21c4-11f1-8e1b-b9525c54fdd9\",\"conversation_id\":\"38417356828885506\",\"local_conversation_id\":\"local_2361668351695638\",\"section_id\":\"38417356828885762\",\"reply_id\":\"40475619601796866\",\"is_delta\":true,\"status\":4,\"input_content_type\":2020,\"message_index\":2,\"bot_id\":\"7338286299411103781\"}","event_id":"17","event_type":2001}

data: {"event_data":"{\"message\":{\"content_type\":2001,\"content\":\"{\\\"text\\\":\\\"视频\\\"}\",\"id\":\"a40a8884-919c-4e74-a35f-760024752ad4\"},\"message_id\":\"40475619601797122\",\"local_message_id\":\"7b9bc9f0-21c4-11f1-8e1b-b9525c54fdd9\",\"conversation_id\":\"38417356828885506\",\"local_conversation_id\":\"local_2361668351695638\",\"section_id\":\"38417356828885762\",\"reply_id\":\"40475619601796866\",\"is_delta\":true,\"status\":4,\"input_content_type\":2020,\"message_index\":2,\"bot_id\":\"7338286299411103781\"}","event_id":"18","event_type":2001}

data: {"event_data":"{\"message\":{\"content_type\":2001,\"content\":\"{\\\"text\\\":\\\"。\\\"}\",\"id\":\"a40a8884-919c-4e74-a
[REGEX MATCH SUCCESS] Found ID: 38417356828885506
[FEEDING PARSER]...
[RAW CHUNK RECEIVED] len=438, content=35f-760024752ad4\"},\"message_id\":\"40475619601797122\",\"local_message_id\":\"7b9bc9f0-21c4-11f1-8e1b-b9525c54fdd9\",\"conversation_id\":\"38417356828885506\",\"local_conversation_id\":\"local_2361668351695638\",\"section_id\":\"38417356828885762\",\"reply_id\":\"40475619601796866\",\"is_delta\":true,\"status\":4,\"input_content_type\":2020,\"message_index\":2,\"bot_id\":\"7338286299411103781\"}","event_id":"19","event_type":2001}


[REGEX MATCH SUCCESS] Found ID: 38417356828885506
[FEEDING PARSER]...
[RAW CHUNK RECEIVED] len=574, content=data: {"event_data":"{\"message\":{\"content_type\":2001,\"content\":\"{\\\"text\\\":\\\"\\\\n\\\\n\\\"}\",\"id\":\"a40a8884-919c-4e74-a35f-760024752ad4\"},\"message_id\":\"40475619601797122\",\"local_message_id\":\"7b9bc9f0-21c4-11f1-8e1b-b9525c54fdd9\",\"conversation_id\":\"38417356828885506\",\"local_conversation_id\":\"local_2361668351695638\",\"section_id\":\"38417356828885762\",\"reply_id\":\"40475619601796866\",\"is_delta\":true,\"status\":4,\"input_content_type\":2020,\"message_index\":2,\"bot_id\":\"7338286299411103781\"}","event_id":"20","event_type":2001}


[REGEX MATCH SUCCESS] Found ID: 38417356828885506
[FEEDING PARSER]...
[RAW CHUNK RECEIVED] len=650, content=data: {"event_data":"{\"message\":{\"content_type\":2001,\"content\":\"{\\\"text\\\":\\\"本次使用 **Seedance 2.0 全能视频模型**生成，将消耗 2 个视频生成额度，预计等待 1-3分钟。视频生成好后，我会及时通知你，今日剩余 6 个视频生成额度。\\\"}\",\"id\":\"a40a8884-919c-4e74-a35f-760024752ad4\"},\"message_id\":\"40475619601797122\",\"local_message_id\":\"7b9bc9f0-21c4-11f1-8e1b-b9525c54fdd9\",\"conversation_id\":\"38417356828885506\",\"local_conversation_id\":\"local_2361668351695638\",\"section_id\":\"38417356828885762\",\"reply_id\":\"40475619601796866\",\"is_delta\":true,\"status\":4,\"input_content_type\":2020,\"message_index\":2,\"bot_id\":\"7338286299411103781\"}","event_id":"21","event_type":2001}


[REGEX MATCH SUCCESS] Found ID: 38417356828885506
[FEEDING PARSER]...
[RAW CHUNK RECEIVED] len=728, content=data: {"event_data":"{\"message\":{\"content_type\":2001,\"content\":\"{}\",\"id\":\"a40a8884-919c-4e74-a35f-760024752ad4\"},\"message_id\":\"40475619601797122\",\"local_message_id\":\"7b9bc9f0-21c4-11f1-8e1b-b9525c54fdd9\",\"conversation_id\":\"38417356828885506\",\"local_conversation_id\":\"local_2361668351695638\",\"section_id\":\"38417356828885762\",\"reply_id\":\"40475619601796866\",\"is_delta\":true,\"status\":1,\"is_finish\":true,\"message_action_bar\":{},\"input_content_type\":2020,\"message_index\":2,\"bot_id\":\"7338286299411103781\",\"tts_content\":\"我将为你生成一只在星空下奔跑的赛博朋克风格小狗的视频。\\n\\n本次使用 **Seedance 2.0 全能视频模型**生成，将消耗 2 个视频生成额度，预计等待 1-3分钟。视频生成好后，我会及时通知你，今日剩余 6 个视频生成额度。\"}","event_id":"22","event_type":2001}


[REGEX MATCH SUCCESS] Found ID: 38417356828885506
[FEEDING PARSER]...
[FINALIZE] Final ID: 38417356828885506, Videos Count: 0
[RAW CHUNK RECEIVED] len=59, content=data: {"event_data":"{}","event_id":"23","event_type":2003}
[REGEX MATCH FAIL] This chunk contains no ID
[FEEDING PARSER]...
[RAW CHUNK RECEIVED] len=2, content=


[REGEX MATCH FAIL] This chunk contains no ID
[FEEDING PARSER]...
[STREAM CLOSED]
[FINALIZE] Final ID: 38417356828885506, Videos Count: 0


--- [2026-03-17T06:40:22.219Z] NEW STREAM START ---
[RAW CHUNK RECEIVED] len=334, content=data: {"event_data":"{\"message_id\":\"40478815375224322\",\"local_message_id\":\"2bb34550-21cc-11f1-bb1d-cdbea3e565c2\",\"conversation_id\":\"38417430195384578\",\"local_conversation_id\":\"local_0073231848281497\",\"section_id\":\"38417430195384834\",\"message_index\":1,\"conversation_type\":5}","event_id":"0","event_type":2002}


[REGEX MATCH SUCCESS] Found ID: 38417430195384578
[FEEDING PARSER]...
[RAW CHUNK RECEIVED] len=564, content=data: {"event_data":"{\"message\":{\"content_type\":2001,\"content\":\"{\\\"text\\\":\\\"我\\\"}\",\"id\":\"5373709f-179a-48cf-a109-3ad7e4d206c0\"},\"message_id\":\"40478815375224578\",\"local_message_id\":\"2bb34550-21cc-11f1-bb1d-cdbea3e565c2\",\"conversation_id\":\"38417430195384578\",\"local_conversation_id\":\"local_0073231848281497\",\"section_id\":\"38417430195384834\",\"reply_id\":\"40478815375224322\",\"is_delta\":true,\"status\":4,\"input_content_type\":2020,\"message_index\":2,\"bot_id\":\"7338286299411103781\"}","event_id":"1","event_type":2001}


[REGEX MATCH SUCCESS] Found ID: 38417430195384578
[FEEDING PARSER]...
[RAW CHUNK RECEIVED] len=1128, content=data: {"event_data":"{\"message\":{\"content_type\":2001,\"content\":\"{\\\"text\\\":\\\"将\\\"}\",\"id\":\"5373709f-179a-48cf-a109-3ad7e4d206c0\"},\"message_id\":\"40478815375224578\",\"local_message_id\":\"2bb34550-21cc-11f1-bb1d-cdbea3e565c2\",\"conversation_id\":\"38417430195384578\",\"local_conversation_id\":\"local_0073231848281497\",\"section_id\":\"38417430195384834\",\"reply_id\":\"40478815375224322\",\"is_delta\":true,\"status\":4,\"input_content_type\":2020,\"message_index\":2,\"bot_id\":\"7338286299411103781\"}","event_id":"2","event_type":2001}

data: {"event_data":"{\"message\":{\"content_type\":2001,\"content\":\"{\\\"text\\\":\\\"为\\\"}\",\"id\":\"5373709f-179a-48cf-a109-3ad7e4d206c0\"},\"message_id\":\"40478815375224578\",\"local_message_id\":\"2bb34550-21cc-11f1-bb1d-cdbea3e565c2\",\"conversation_id\":\"38417430195384578\",\"local_conversation_id\":\"local_0073231848281497\",\"section_id\":\"38417430195384834\",\"reply_id\":\"40478815375224322\",\"is_delta\":true,\"status\":4,\"input_content_type\":2020,\"message_index\":2,\"bot_id\":\"7338286299411103781\"}","event_id":"3","event_type":2001}


[REGEX MATCH SUCCESS] Found ID: 38417430195384578
[FEEDING PARSER]...
[RAW CHUNK RECEIVED] len=2258, content=data: {"event_data":"{\"message\":{\"content_type\":2001,\"content\":\"{\\\"text\\\":\\\"你\\\"}\",\"id\":\"5373709f-179a-48cf-a109-3ad7e4d206c0\"},\"message_id\":\"40478815375224578\",\"local_message_id\":\"2bb34550-21cc-11f1-bb1d-cdbea3e565c2\",\"conversation_id\":\"38417430195384578\",\"local_conversation_id\":\"local_0073231848281497\",\"section_id\":\"38417430195384834\",\"reply_id\":\"40478815375224322\",\"is_delta\":true,\"status\":4,\"input_content_type\":2020,\"message_index\":2,\"bot_id\":\"7338286299411103781\"}","event_id":"4","event_type":2001}

data: {"event_data":"{\"message\":{\"content_type\":2001,\"content\":\"{\\\"text\\\":\\\"生成\\\"}\",\"id\":\"5373709f-179a-48cf-a109-3ad7e4d206c0\"},\"message_id\":\"40478815375224578\",\"local_message_id\":\"2bb34550-21cc-11f1-bb1d-cdbea3e565c2\",\"conversation_id\":\"38417430195384578\",\"local_conversation_id\":\"local_0073231848281497\",\"section_id\":\"38417430195384834\",\"reply_id\":\"40478815375224322\",\"is_delta\":true,\"status\":4,\"input_content_type\":2020,\"message_index\":2,\"bot_id\":\"7338286299411103781\"}","event_id":"5","event_type":2001}

data: {"event_data":"{\"message\":{\"content_type\":2001,\"content\":\"{\\\"text\\\":\\\"一只\\\"}\",\"id\":\"5373709f-179a-48cf-a109-3ad7e4d206c0\"},\"message_id\":\"40478815375224578\",\"local_message_id\":\"2bb34550-21cc-11f1-bb1d-cdbea3e565c2\",\"conversation_id\":\"38417430195384578\",\"local_conversation_id\":\"local_0073231848281497\",\"section_id\":\"38417430195384834\",\"reply_id\":\"40478815375224322\",\"is_delta\":true,\"status\":4,\"input_content_type\":2020,\"message_index\":2,\"bot_id\":\"7338286299411103781\"}","event_id":"6","event_type":2001}

data: {"event_data":"{\"message\":{\"content_type\":2001,\"content\":\"{\\\"text\\\":\\\"在\\\"}\",\"id\":\"5373709f-179a-48cf-a109-3ad7e4d206c0\"},\"message_id\":\"40478815375224578\",\"local_message_id\":\"2bb34550-21cc-11f1-bb1d-cdbea3e565c2\",\"conversation_id\":\"38417430195384578\",\"local_conversation_id\":\"local_0073231848281497\",\"section_id\":\"38417430195384834\",\"reply_id\":\"40478815375224322\",\"is_delta\":true,\"status\":4,\"input_content_type\":2020,\"message_index\":2,\"bot_id\":\"7338286299411103781\"}","event_id":"7","event_type":2001}


[REGEX MATCH SUCCESS] Found ID: 38417430195384578
[FEEDING PARSER]...
[RAW CHUNK RECEIVED] len=1129, content=data: {"event_data":"{\"message\":{\"content_type\":2001,\"content\":\"{\\\"text\\\":\\\"星空\\\"}\",\"id\":\"5373709f-179a-48cf-a109-3ad7e4d206c0\"},\"message_id\":\"40478815375224578\",\"local_message_id\":\"2bb34550-21cc-11f1-bb1d-cdbea3e565c2\",\"conversation_id\":\"38417430195384578\",\"local_conversation_id\":\"local_0073231848281497\",\"section_id\":\"38417430195384834\",\"reply_id\":\"40478815375224322\",\"is_delta\":true,\"status\":4,\"input_content_type\":2020,\"message_index\":2,\"bot_id\":\"7338286299411103781\"}","event_id":"8","event_type":2001}

data: {"event_data":"{\"message\":{\"content_type\":2001,\"content\":\"{\\\"text\\\":\\\"下\\\"}\",\"id\":\"5373709f-179a-48cf-a109-3ad7e4d206c0\"},\"message_id\":\"40478815375224578\",\"local_message_id\":\"2bb34550-21cc-11f1-bb1d-cdbea3e565c2\",\"conversation_id\":\"38417430195384578\",\"local_conversation_id\":\"local_0073231848281497\",\"section_id\":\"38417430195384834\",\"reply_id\":\"40478815375224322\",\"is_delta\":true,\"status\":4,\"input_content_type\":2020,\"message_index\":2,\"bot_id\":\"7338286299411103781\"}","event_id":"9","event_type":2001}


[REGEX MATCH SUCCESS] Found ID: 38417430195384578
[FEEDING PARSER]...
[RAW CHUNK RECEIVED] len=566, content=data: {"event_data":"{\"message\":{\"content_type\":2001,\"content\":\"{\\\"text\\\":\\\"奔跑\\\"}\",\"id\":\"5373709f-179a-48cf-a109-3ad7e4d206c0\"},\"message_id\":\"40478815375224578\",\"local_message_id\":\"2bb34550-21cc-11f1-bb1d-cdbea3e565c2\",\"conversation_id\":\"38417430195384578\",\"local_conversation_id\":\"local_0073231848281497\",\"section_id\":\"38417430195384834\",\"reply_id\":\"40478815375224322\",\"is_delta\":true,\"status\":4,\"input_content_type\":2020,\"message_index\":2,\"bot_id\":\"7338286299411103781\"}","event_id":"10","event_type":2001}


[REGEX MATCH SUCCESS] Found ID: 38417430195384578
[FEEDING PARSER]...
[RAW CHUNK RECEIVED] len=565, content=data: {"event_data":"{\"message\":{\"content_type\":2001,\"content\":\"{\\\"text\\\":\\\"的\\\"}\",\"id\":\"5373709f-179a-48cf-a109-3ad7e4d206c0\"},\"message_id\":\"40478815375224578\",\"local_message_id\":\"2bb34550-21cc-11f1-bb1d-cdbea3e565c2\",\"conversation_id\":\"38417430195384578\",\"local_conversation_id\":\"local_0073231848281497\",\"section_id\":\"38417430195384834\",\"reply_id\":\"40478815375224322\",\"is_delta\":true,\"status\":4,\"input_content_type\":2020,\"message_index\":2,\"bot_id\":\"7338286299411103781\"}","event_id":"11","event_type":2001}


[REGEX MATCH SUCCESS] Found ID: 38417430195384578
[FEEDING PARSER]...
[RAW CHUNK RECEIVED] len=1696, content=data: {"event_data":"{\"message\":{\"content_type\":2001,\"content\":\"{\\\"text\\\":\\\"赛\\\"}\",\"id\":\"5373709f-179a-48cf-a109-3ad7e4d206c0\"},\"message_id\":\"40478815375224578\",\"local_message_id\":\"2bb34550-21cc-11f1-bb1d-cdbea3e565c2\",\"conversation_id\":\"38417430195384578\",\"local_conversation_id\":\"local_0073231848281497\",\"section_id\":\"38417430195384834\",\"reply_id\":\"40478815375224322\",\"is_delta\":true,\"status\":4,\"input_content_type\":2020,\"message_index\":2,\"bot_id\":\"7338286299411103781\"}","event_id":"12","event_type":2001}

data: {"event_data":"{\"message\":{\"content_type\":2001,\"content\":\"{\\\"text\\\":\\\"博\\\"}\",\"id\":\"5373709f-179a-48cf-a109-3ad7e4d206c0\"},\"message_id\":\"40478815375224578\",\"local_message_id\":\"2bb34550-21cc-11f1-bb1d-cdbea3e565c2\",\"conversation_id\":\"38417430195384578\",\"local_conversation_id\":\"local_0073231848281497\",\"section_id\":\"38417430195384834\",\"reply_id\":\"40478815375224322\",\"is_delta\":true,\"status\":4,\"input_content_type\":2020,\"message_index\":2,\"bot_id\":\"7338286299411103781\"}","event_id":"13","event_type":2001}

data: {"event_data":"{\"message\":{\"content_type\":2001,\"content\":\"{\\\"text\\\":\\\"朋克\\\"}\",\"id\":\"5373709f-179a-48cf-a109-3ad7e4d206c0\"},\"message_id\":\"40478815375224578\",\"local_message_id\":\"2bb34550-21cc-11f1-bb1d-cdbea3e565c2\",\"conversation_id\":\"38417430195384578\",\"local_conversation_id\":\"local_0073231848281497\",\"section_id\":\"38417430195384834\",\"reply_id\":\"40478815375224322\",\"is_delta\":true,\"status\":4,\"input_content_type\":2020,\"message_index\":2,\"bot_id\":\"7338286299411103781\"}","event_id":"14","event_type":2001}


[REGEX MATCH SUCCESS] Found ID: 38417430195384578
[FEEDING PARSER]...
[RAW CHUNK RECEIVED] len=566, content=data: {"event_data":"{\"message\":{\"content_type\":2001,\"content\":\"{\\\"text\\\":\\\"风格\\\"}\",\"id\":\"5373709f-179a-48cf-a109-3ad7e4d206c0\"},\"message_id\":\"40478815375224578\",\"local_message_id\":\"2bb34550-21cc-11f1-bb1d-cdbea3e565c2\",\"conversation_id\":\"38417430195384578\",\"local_conversation_id\":\"local_0073231848281497\",\"section_id\":\"38417430195384834\",\"reply_id\":\"40478815375224322\",\"is_delta\":true,\"status\":4,\"input_content_type\":2020,\"message_index\":2,\"bot_id\":\"7338286299411103781\"}","event_id":"15","event_type":2001}


[REGEX MATCH SUCCESS] Found ID: 38417430195384578
[FEEDING PARSER]...
[RAW CHUNK RECEIVED] len=1131, content=data: {"event_data":"{\"message\":{\"content_type\":2001,\"content\":\"{\\\"text\\\":\\\"小狗\\\"}\",\"id\":\"5373709f-179a-48cf-a109-3ad7e4d206c0\"},\"message_id\":\"40478815375224578\",\"local_message_id\":\"2bb34550-21cc-11f1-bb1d-cdbea3e565c2\",\"conversation_id\":\"38417430195384578\",\"local_conversation_id\":\"local_0073231848281497\",\"section_id\":\"38417430195384834\",\"reply_id\":\"40478815375224322\",\"is_delta\":true,\"status\":4,\"input_content_type\":2020,\"message_index\":2,\"bot_id\":\"7338286299411103781\"}","event_id":"16","event_type":2001}

data: {"event_data":"{\"message\":{\"content_type\":2001,\"content\":\"{\\\"text\\\":\\\"的\\\"}\",\"id\":\"5373709f-179a-48cf-a109-3ad7e4d206c0\"},\"message_id\":\"40478815375224578\",\"local_message_id\":\"2bb34550-21cc-11f1-bb1d-cdbea3e565c2\",\"conversation_id\":\"38417430195384578\",\"local_conversation_id\":\"local_0073231848281497\",\"section_id\":\"38417430195384834\",\"reply_id\":\"40478815375224322\",\"is_delta\":true,\"status\":4,\"input_content_type\":2020,\"message_index\":2,\"bot_id\":\"7338286299411103781\"}","event_id":"17","event_type":2001}


[REGEX MATCH SUCCESS] Found ID: 38417430195384578
[FEEDING PARSER]...
[RAW CHUNK RECEIVED] len=1131, content=data: {"event_data":"{\"message\":{\"content_type\":2001,\"content\":\"{\\\"text\\\":\\\"视频\\\"}\",\"id\":\"5373709f-179a-48cf-a109-3ad7e4d206c0\"},\"message_id\":\"40478815375224578\",\"local_message_id\":\"2bb34550-21cc-11f1-bb1d-cdbea3e565c2\",\"conversation_id\":\"38417430195384578\",\"local_conversation_id\":\"local_0073231848281497\",\"section_id\":\"38417430195384834\",\"reply_id\":\"40478815375224322\",\"is_delta\":true,\"status\":4,\"input_content_type\":2020,\"message_index\":2,\"bot_id\":\"7338286299411103781\"}","event_id":"18","event_type":2001}

data: {"event_data":"{\"message\":{\"content_type\":2001,\"content\":\"{\\\"text\\\":\\\"。\\\"}\",\"id\":\"5373709f-179a-48cf-a109-3ad7e4d206c0\"},\"message_id\":\"40478815375224578\",\"local_message_id\":\"2bb34550-21cc-11f1-bb1d-cdbea3e565c2\",\"conversation_id\":\"38417430195384578\",\"local_conversation_id\":\"local_0073231848281497\",\"section_id\":\"38417430195384834\",\"reply_id\":\"40478815375224322\",\"is_delta\":true,\"status\":4,\"input_content_type\":2020,\"message_index\":2,\"bot_id\":\"7338286299411103781\"}","event_id":"19","event_type":2001}


[REGEX MATCH SUCCESS] Found ID: 38417430195384578
[FEEDING PARSER]...
[RAW CHUNK RECEIVED] len=574, content=data: {"event_data":"{\"message\":{\"content_type\":2001,\"content\":\"{\\\"text\\\":\\\"\\\\n\\\\n\\\"}\",\"id\":\"5373709f-179a-48cf-a109-3ad7e4d206c0\"},\"message_id\":\"40478815375224578\",\"local_message_id\":\"2bb34550-21cc-11f1-bb1d-cdbea3e565c2\",\"conversation_id\":\"38417430195384578\",\"local_conversation_id\":\"local_0073231848281497\",\"section_id\":\"38417430195384834\",\"reply_id\":\"40478815375224322\",\"is_delta\":true,\"status\":4,\"input_content_type\":2020,\"message_index\":2,\"bot_id\":\"7338286299411103781\"}","event_id":"20","event_type":2001}


[REGEX MATCH SUCCESS] Found ID: 38417430195384578
[FEEDING PARSER]...
[RAW CHUNK RECEIVED] len=650, content=data: {"event_data":"{\"message\":{\"content_type\":2001,\"content\":\"{\\\"text\\\":\\\"本次使用 **Seedance 2.0 全能视频模型**生成，将消耗 2 个视频生成额度，预计等待 1-3分钟。视频生成好后，我会及时通知你，今日剩余 4 个视频生成额度。\\\"}\",\"id\":\"5373709f-179a-48cf-a109-3ad7e4d206c0\"},\"message_id\":\"40478815375224578\",\"local_message_id\":\"2bb34550-21cc-11f1-bb1d-cdbea3e565c2\",\"conversation_id\":\"38417430195384578\",\"local_conversation_id\":\"local_0073231848281497\",\"section_id\":\"38417430195384834\",\"reply_id\":\"40478815375224322\",\"is_delta\":true,\"status\":4,\"input_content_type\":2020,\"message_index\":2,\"bot_id\":\"7338286299411103781\"}","event_id":"21","event_type":2001}


[REGEX MATCH SUCCESS] Found ID: 38417430195384578
[FEEDING PARSER]...
[RAW CHUNK RECEIVED] len=728, content=data: {"event_data":"{\"message\":{\"content_type\":2001,\"content\":\"{}\",\"id\":\"5373709f-179a-48cf-a109-3ad7e4d206c0\"},\"message_id\":\"40478815375224578\",\"local_message_id\":\"2bb34550-21cc-11f1-bb1d-cdbea3e565c2\",\"conversation_id\":\"38417430195384578\",\"local_conversation_id\":\"local_0073231848281497\",\"section_id\":\"38417430195384834\",\"reply_id\":\"40478815375224322\",\"is_delta\":true,\"status\":1,\"is_finish\":true,\"message_action_bar\":{},\"input_content_type\":2020,\"message_index\":2,\"bot_id\":\"7338286299411103781\",\"tts_content\":\"我将为你生成一只在星空下奔跑的赛博朋克风格小狗的视频。\\n\\n本次使用 **Seedance 2.0 全能视频模型**生成，将消耗 2 个视频生成额度，预计等待 1-3分钟。视频生成好后，我会及时通知你，今日剩余 4 个视频生成额度。\"}","event_id":"22","event_type":2001}


[REGEX MATCH SUCCESS] Found ID: 38417430195384578
[FEEDING PARSER]...
[FINALIZE] Final ID: 38417430195384578, Videos Count: 0
[RAW CHUNK RECEIVED] len=61, content=data: {"event_data":"{}","event_id":"23","event_type":2003}


[REGEX MATCH FAIL] This chunk contains no ID
[FEEDING PARSER]...
[STREAM CLOSED]
[FINALIZE] Final ID: 38417430195384578, Videos Count: 0


--- [2026-03-17T06:50:34.706Z] NEW STREAM START ---
[RAW CHUNK RECEIVED] len=184, content=event: gateway-error
data: {"code":"Internal","message":"ErrorX:code=710012000 stable=true isPeer=false peerStable=false message=[user invalid]\nchain=[\n(cause)0: Invalid User ID\n]"}
[REGEX MATCH FAIL] This chunk contains no ID
[FEEDING PARSER]...
[RAW CHUNK RECEIVED] len=2, content=


[REGEX MATCH FAIL] This chunk contains no ID
[FEEDING PARSER]...
[PARSER ERROR] [请求doubao失败]: Internal-ErrorX:code=710012000 stable=true isPeer=false peerStable=false message=[user invalid]
chain=[
(cause)0: Invalid User ID
]
[STREAM CLOSED]
[FINALIZE] Final ID: , Videos Count: 0


--- [2026-03-17T06:51:44.025Z] NEW STREAM START ---
[RAW CHUNK RECEIVED] len=186, content=event: gateway-error
data: {"code":"Internal","message":"ErrorX:code=710012000 stable=true isPeer=false peerStable=false message=[user invalid]\nchain=[\n(cause)0: Invalid User ID\n]"}


[REGEX MATCH FAIL] This chunk contains no ID
[FEEDING PARSER]...
[PARSER ERROR] [请求doubao失败]: Internal-ErrorX:code=710012000 stable=true isPeer=false peerStable=false message=[user invalid]
chain=[
(cause)0: Invalid User ID
]
[STREAM CLOSED]
[FINALIZE] Final ID: , Videos Count: 0


--- [2026-03-17T08:53:06.744Z] NEW STREAM START ---
[RAW CHUNK RECEIVED] len=186, content=event: gateway-error
data: {"code":"Internal","message":"ErrorX:code=710012000 stable=true isPeer=false peerStable=false message=[user invalid]\nchain=[\n(cause)0: Invalid User ID\n]"}


[REGEX MATCH FAIL] This chunk contains no ID
[FEEDING PARSER]...
[PARSER ERROR] [请求doubao失败]: Internal-ErrorX:code=710012000 stable=true isPeer=false peerStable=false message=[user invalid]
chain=[
(cause)0: Invalid User ID
]
[STREAM CLOSED]
[FINALIZE] Final ID: , Videos Count: 0


--- [2026-03-17T08:53:52.315Z] NEW STREAM START ---
[RAW CHUNK RECEIVED] len=184, content=event: gateway-error
data: {"code":"Internal","message":"ErrorX:code=710012000 stable=true isPeer=false peerStable=false message=[user invalid]\nchain=[\n(cause)0: Invalid User ID\n]"}
[REGEX MATCH FAIL] This chunk contains no ID
[FEEDING PARSER]...
[RAW CHUNK RECEIVED] len=2, content=


[REGEX MATCH FAIL] This chunk contains no ID
[FEEDING PARSER]...
[PARSER ERROR] [请求doubao失败]: Internal-ErrorX:code=710012000 stable=true isPeer=false peerStable=false message=[user invalid]
chain=[
(cause)0: Invalid User ID
]
[STREAM CLOSED]
[FINALIZE] Final ID: , Videos Count: 0


--- [2026-03-17T08:54:44.713Z] NEW STREAM START ---
[RAW CHUNK RECEIVED] len=184, content=event: gateway-error
data: {"code":"Internal","message":"ErrorX:code=710012000 stable=true isPeer=false peerStable=false message=[user invalid]\nchain=[\n(cause)0: Invalid User ID\n]"}
[REGEX MATCH FAIL] This chunk contains no ID
[FEEDING PARSER]...
[RAW CHUNK RECEIVED] len=2, content=


[REGEX MATCH FAIL] This chunk contains no ID
[FEEDING PARSER]...
[PARSER ERROR] [请求doubao失败]: Internal-ErrorX:code=710012000 stable=true isPeer=false peerStable=false message=[user invalid]
chain=[
(cause)0: Invalid User ID
]
[STREAM CLOSED]
[FINALIZE] Final ID: , Videos Count: 0


--- [2026-03-17T08:56:08.102Z] NEW STREAM START ---
[RAW CHUNK RECEIVED] len=334, content=data: {"event_data":"{\"message_id\":\"40495218252096002\",\"local_message_id\":\"23200280-21df-11f1-b560-f53ee39b9771\",\"conversation_id\":\"38417359232730626\",\"local_conversation_id\":\"local_4922661972640137\",\"section_id\":\"38417359232730882\",\"message_index\":1,\"conversation_type\":5}","event_id":"0","event_type":2002}


[REGEX MATCH SUCCESS] Found ID: 38417359232730626
[FEEDING PARSER]...
[RAW CHUNK RECEIVED] len=1128, content=data: {"event_data":"{\"message\":{\"content_type\":2001,\"content\":\"{\\\"text\\\":\\\"我\\\"}\",\"id\":\"b6a7e999-a06a-4dcb-8ec0-9c9bd3602940\"},\"message_id\":\"40495218252096258\",\"local_message_id\":\"23200280-21df-11f1-b560-f53ee39b9771\",\"conversation_id\":\"38417359232730626\",\"local_conversation_id\":\"local_4922661972640137\",\"section_id\":\"38417359232730882\",\"reply_id\":\"40495218252096002\",\"is_delta\":true,\"status\":4,\"input_content_type\":2020,\"message_index\":2,\"bot_id\":\"7338286299411103781\"}","event_id":"1","event_type":2001}

data: {"event_data":"{\"message\":{\"content_type\":2001,\"content\":\"{\\\"text\\\":\\\"将\\\"}\",\"id\":\"b6a7e999-a06a-4dcb-8ec0-9c9bd3602940\"},\"message_id\":\"40495218252096258\",\"local_message_id\":\"23200280-21df-11f1-b560-f53ee39b9771\",\"conversation_id\":\"38417359232730626\",\"local_conversation_id\":\"local_4922661972640137\",\"section_id\":\"38417359232730882\",\"reply_id\":\"40495218252096002\",\"is_delta\":true,\"status\":4,\"input_content_type\":2020,\"message_index\":2,\"bot_id\":\"7338286299411103781\"}","event_id":"2","event_type":2001}


[REGEX MATCH SUCCESS] Found ID: 38417359232730626
[FEEDING PARSER]...
[RAW CHUNK RECEIVED] len=564, content=data: {"event_data":"{\"message\":{\"content_type\":2001,\"content\":\"{\\\"text\\\":\\\"为\\\"}\",\"id\":\"b6a7e999-a06a-4dcb-8ec0-9c9bd3602940\"},\"message_id\":\"40495218252096258\",\"local_message_id\":\"23200280-21df-11f1-b560-f53ee39b9771\",\"conversation_id\":\"38417359232730626\",\"local_conversation_id\":\"local_4922661972640137\",\"section_id\":\"38417359232730882\",\"reply_id\":\"40495218252096002\",\"is_delta\":true,\"status\":4,\"input_content_type\":2020,\"message_index\":2,\"bot_id\":\"7338286299411103781\"}","event_id":"3","event_type":2001}


[REGEX MATCH SUCCESS] Found ID: 38417359232730626
[FEEDING PARSER]...
[RAW CHUNK RECEIVED] len=564, content=data: {"event_data":"{\"message\":{\"content_type\":2001,\"content\":\"{\\\"text\\\":\\\"你\\\"}\",\"id\":\"b6a7e999-a06a-4dcb-8ec0-9c9bd3602940\"},\"message_id\":\"40495218252096258\",\"local_message_id\":\"23200280-21df-11f1-b560-f53ee39b9771\",\"conversation_id\":\"38417359232730626\",\"local_conversation_id\":\"local_4922661972640137\",\"section_id\":\"38417359232730882\",\"reply_id\":\"40495218252096002\",\"is_delta\":true,\"status\":4,\"input_content_type\":2020,\"message_index\":2,\"bot_id\":\"7338286299411103781\"}","event_id":"4","event_type":2001}


[REGEX MATCH SUCCESS] Found ID: 38417359232730626
[FEEDING PARSER]...
[RAW CHUNK RECEIVED] len=1130, content=data: {"event_data":"{\"message\":{\"content_type\":2001,\"content\":\"{\\\"text\\\":\\\"生成\\\"}\",\"id\":\"b6a7e999-a06a-4dcb-8ec0-9c9bd3602940\"},\"message_id\":\"40495218252096258\",\"local_message_id\":\"23200280-21df-11f1-b560-f53ee39b9771\",\"conversation_id\":\"38417359232730626\",\"local_conversation_id\":\"local_4922661972640137\",\"section_id\":\"38417359232730882\",\"reply_id\":\"40495218252096002\",\"is_delta\":true,\"status\":4,\"input_content_type\":2020,\"message_index\":2,\"bot_id\":\"7338286299411103781\"}","event_id":"5","event_type":2001}

data: {"event_data":"{\"message\":{\"content_type\":2001,\"content\":\"{\\\"text\\\":\\\"这个\\\"}\",\"id\":\"b6a7e999-a06a-4dcb-8ec0-9c9bd3602940\"},\"message_id\":\"40495218252096258\",\"local_message_id\":\"23200280-21df-11f1-b560-f53ee39b9771\",\"conversation_id\":\"38417359232730626\",\"local_conversation_id\":\"local_4922661972640137\",\"section_id\":\"38417359232730882\",\"reply_id\":\"40495218252096002\",\"is_delta\":true,\"status\":4,\"input_content_type\":2020,\"message_index\":2,\"bot_id\":\"7338286299411103781\"}","event_id":"6","event_type":2001}


[REGEX MATCH SUCCESS] Found ID: 38417359232730626
[FEEDING PARSER]...
[RAW CHUNK RECEIVED] len=565, content=data: {"event_data":"{\"message\":{\"content_type\":2001,\"content\":\"{\\\"text\\\":\\\"猫咪\\\"}\",\"id\":\"b6a7e999-a06a-4dcb-8ec0-9c9bd3602940\"},\"message_id\":\"40495218252096258\",\"local_message_id\":\"23200280-21df-11f1-b560-f53ee39b9771\",\"conversation_id\":\"38417359232730626\",\"local_conversation_id\":\"local_4922661972640137\",\"section_id\":\"38417359232730882\",\"reply_id\":\"40495218252096002\",\"is_delta\":true,\"status\":4,\"input_content_type\":2020,\"message_index\":2,\"bot_id\":\"7338286299411103781\"}","event_id":"7","event_type":2001}


[REGEX MATCH SUCCESS] Found ID: 38417359232730626
[FEEDING PARSER]...
[RAW CHUNK RECEIVED] len=564, content=data: {"event_data":"{\"message\":{\"content_type\":2001,\"content\":\"{\\\"text\\\":\\\"和\\\"}\",\"id\":\"b6a7e999-a06a-4dcb-8ec0-9c9bd3602940\"},\"message_id\":\"40495218252096258\",\"local_message_id\":\"23200280-21df-11f1-b560-f53ee39b9771\",\"conversation_id\":\"38417359232730626\",\"local_conversation_id\":\"local_4922661972640137\",\"section_id\":\"38417359232730882\",\"reply_id\":\"40495218252096002\",\"is_delta\":true,\"status\":4,\"input_content_type\":2020,\"message_index\":2,\"bot_id\":\"7338286299411103781\"}","event_id":"8","event_type":2001}


[REGEX MATCH SUCCESS] Found ID: 38417359232730626
[FEEDING PARSER]...
[RAW CHUNK RECEIVED] len=565, content=data: {"event_data":"{\"message\":{\"content_type\":2001,\"content\":\"{\\\"text\\\":\\\"狗狗\\\"}\",\"id\":\"b6a7e999-a06a-4dcb-8ec0-9c9bd3602940\"},\"message_id\":\"40495218252096258\",\"local_message_id\":\"23200280-21df-11f1-b560-f53ee39b9771\",\"conversation_id\":\"38417359232730626\",\"local_conversation_id\":\"local_4922661972640137\",\"section_id\":\"38417359232730882\",\"reply_id\":\"40495218252096002\",\"is_delta\":true,\"status\":4,\"input_content_type\":2020,\"message_index\":2,\"bot_id\":\"7338286299411103781\"}","event_id":"9","event_type":2001}


[REGEX MATCH SUCCESS] Found ID: 38417359232730626
[FEEDING PARSER]...
[RAW CHUNK RECEIVED] len=565, content=data: {"event_data":"{\"message\":{\"content_type\":2001,\"content\":\"{\\\"text\\\":\\\"的\\\"}\",\"id\":\"b6a7e999-a06a-4dcb-8ec0-9c9bd3602940\"},\"message_id\":\"40495218252096258\",\"local_message_id\":\"23200280-21df-11f1-b560-f53ee39b9771\",\"conversation_id\":\"38417359232730626\",\"local_conversation_id\":\"local_4922661972640137\",\"section_id\":\"38417359232730882\",\"reply_id\":\"40495218252096002\",\"is_delta\":true,\"status\":4,\"input_content_type\":2020,\"message_index\":2,\"bot_id\":\"7338286299411103781\"}","event_id":"10","event_type":2001}


[REGEX MATCH SUCCESS] Found ID: 38417359232730626
[FEEDING PARSER]...
[RAW CHUNK RECEIVED] len=566, content=data: {"event_data":"{\"message\":{\"content_type\":2001,\"content\":\"{\\\"text\\\":\\\"趣味\\\"}\",\"id\":\"b6a7e999-a06a-4dcb-8ec0-9c9bd3602940\"},\"message_id\":\"40495218252096258\",\"local_message_id\":\"23200280-21df-11f1-b560-f53ee39b9771\",\"conversation_id\":\"38417359232730626\",\"local_conversation_id\":\"local_4922661972640137\",\"section_id\":\"38417359232730882\",\"reply_id\":\"40495218252096002\",\"is_delta\":true,\"status\":4,\"input_content_type\":2020,\"message_index\":2,\"bot_id\":\"7338286299411103781\"}","event_id":"11","event_type":2001}


[REGEX MATCH SUCCESS] Found ID: 38417359232730626
[FEEDING PARSER]...
[RAW CHUNK RECEIVED] len=566, content=data: {"event_data":"{\"message\":{\"content_type\":2001,\"content\":\"{\\\"text\\\":\\\"视频\\\"}\",\"id\":\"b6a7e999-a06a-4dcb-8ec0-9c9bd3602940\"},\"message_id\":\"40495218252096258\",\"local_message_id\":\"23200280-21df-11f1-b560-f53ee39b9771\",\"conversation_id\":\"38417359232730626\",\"local_conversation_id\":\"local_4922661972640137\",\"section_id\":\"38417359232730882\",\"reply_id\":\"40495218252096002\",\"is_delta\":true,\"status\":4,\"input_content_type\":2020,\"message_index\":2,\"bot_id\":\"7338286299411103781\"}","event_id":"12","event_type":2001}


[REGEX MATCH SUCCESS] Found ID: 38417359232730626
[FEEDING PARSER]...
[RAW CHUNK RECEIVED] len=565, content=data: {"event_data":"{\"message\":{\"content_type\":2001,\"content\":\"{\\\"text\\\":\\\"。\\\"}\",\"id\":\"b6a7e999-a06a-4dcb-8ec0-9c9bd3602940\"},\"message_id\":\"40495218252096258\",\"local_message_id\":\"23200280-21df-11f1-b560-f53ee39b9771\",\"conversation_id\":\"38417359232730626\",\"local_conversation_id\":\"local_4922661972640137\",\"section_id\":\"38417359232730882\",\"reply_id\":\"40495218252096002\",\"is_delta\":true,\"status\":4,\"input_content_type\":2020,\"message_index\":2,\"bot_id\":\"7338286299411103781\"}","event_id":"13","event_type":2001}


[REGEX MATCH SUCCESS] Found ID: 38417359232730626
[FEEDING PARSER]...
[RAW CHUNK RECEIVED] len=574, content=data: {"event_data":"{\"message\":{\"content_type\":2001,\"content\":\"{\\\"text\\\":\\\"\\\\n\\\\n\\\"}\",\"id\":\"b6a7e999-a06a-4dcb-8ec0-9c9bd3602940\"},\"message_id\":\"40495218252096258\",\"local_message_id\":\"23200280-21df-11f1-b560-f53ee39b9771\",\"conversation_id\":\"38417359232730626\",\"local_conversation_id\":\"local_4922661972640137\",\"section_id\":\"38417359232730882\",\"reply_id\":\"40495218252096002\",\"is_delta\":true,\"status\":4,\"input_content_type\":2020,\"message_index\":2,\"bot_id\":\"7338286299411103781\"}","event_id":"14","event_type":2001}


[REGEX MATCH SUCCESS] Found ID: 38417359232730626
[FEEDING PARSER]...
[RAW CHUNK RECEIVED] len=650, content=data: {"event_data":"{\"message\":{\"content_type\":2001,\"content\":\"{\\\"text\\\":\\\"本次使用 **Seedance 2.0 全能视频模型**生成，将消耗 2 个视频生成额度，预计等待 1-3分钟。视频生成好后，我会及时通知你，今日剩余 0 个视频生成额度。\\\"}\",\"id\":\"b6a7e999-a06a-4dcb-8ec0-9c9bd3602940\"},\"message_id\":\"40495218252096258\",\"local_message_id\":\"23200280-21df-11f1-b560-f53ee39b9771\",\"conversation_id\":\"38417359232730626\",\"local_conversation_id\":\"local_4922661972640137\",\"section_id\":\"38417359232730882\",\"reply_id\":\"40495218252096002\",\"is_delta\":true,\"status\":4,\"input_content_type\":2020,\"message_index\":2,\"bot_id\":\"7338286299411103781\"}","event_id":"15","event_type":2001}


[REGEX MATCH SUCCESS] Found ID: 38417359232730626
[FEEDING PARSER]...
[RAW CHUNK RECEIVED] len=720, content=data: {"event_data":"{\"message\":{\"content_type\":2001,\"content\":\"{}\",\"id\":\"b6a7e999-a06a-4dcb-8ec0-9c9bd3602940\"},\"message_id\":\"40495218252096258\",\"local_message_id\":\"23200280-21df-11f1-b560-f53ee39b9771\",\"conversation_id\":\"38417359232730626\",\"local_conversation_id\":\"local_4922661972640137\",\"section_id\":\"38417359232730882\",\"reply_id\":\"40495218252096002\",\"is_delta\":true,\"status\":1,\"is_finish\":true,\"message_action_bar\":{},\"input_content_type\":2020,\"message_index\":2,\"bot_id\":\"7338286299411103781\",\"tts_content\":\"我将为你生成这个猫咪和狗狗的趣味视频。\\n\\n本次使用 **Seedance 2.0 全能视频模型**生成，将消耗 2 个视频生成额度，预计等待 1-3分钟。视频生成好后，我会及时通知你，今日剩余 0 个视频生成额度。\"}","event_id":"16","event_type":2001}


[REGEX MATCH SUCCESS] Found ID: 38417359232730626
[FEEDING PARSER]...
[FINALIZE] Final ID: 38417359232730626, Videos Count: 0
[RAW CHUNK RECEIVED] len=61, content=data: {"event_data":"{}","event_id":"17","event_type":2003}


[REGEX MATCH FAIL] This chunk contains no ID
[FEEDING PARSER]...
[STREAM CLOSED]
[FINALIZE] Final ID: 38417359232730626, Videos Count: 0


--- [2026-03-17T09:00:45.227Z] NEW STREAM START ---
[RAW CHUNK RECEIVED] len=334, content=data: {"event_data":"{\"message_id\":\"40495237762811138\",\"local_message_id\":\"c8246cd0-21df-11f1-be37-eb9091781848\",\"conversation_id\":\"38416719607444482\",\"local_conversation_id\":\"local_5833829647836008\",\"section_id\":\"38416719607444738\",\"message_index\":1,\"conversation_type\":5}","event_id":"0","event_type":2002}


[REGEX MATCH SUCCESS] Found ID: 38416719607444482
[FEEDING PARSER]...
[RAW CHUNK RECEIVED] len=564, content=data: {"event_data":"{\"message\":{\"content_type\":2001,\"content\":\"{\\\"text\\\":\\\"我\\\"}\",\"id\":\"efef8176-87b5-46af-818c-4866cef7e4e9\"},\"message_id\":\"40495237762811394\",\"local_message_id\":\"c8246cd0-21df-11f1-be37-eb9091781848\",\"conversation_id\":\"38416719607444482\",\"local_conversation_id\":\"local_5833829647836008\",\"section_id\":\"38416719607444738\",\"reply_id\":\"40495237762811138\",\"is_delta\":true,\"status\":4,\"input_content_type\":2020,\"message_index\":2,\"bot_id\":\"7338286299411103781\"}","event_id":"1","event_type":2001}


[REGEX MATCH SUCCESS] Found ID: 38416719607444482
[FEEDING PARSER]...
[RAW CHUNK RECEIVED] len=1128, content=data: {"event_data":"{\"message\":{\"content_type\":2001,\"content\":\"{\\\"text\\\":\\\"将\\\"}\",\"id\":\"efef8176-87b5-46af-818c-4866cef7e4e9\"},\"message_id\":\"40495237762811394\",\"local_message_id\":\"c8246cd0-21df-11f1-be37-eb9091781848\",\"conversation_id\":\"38416719607444482\",\"local_conversation_id\":\"local_5833829647836008\",\"section_id\":\"38416719607444738\",\"reply_id\":\"40495237762811138\",\"is_delta\":true,\"status\":4,\"input_content_type\":2020,\"message_index\":2,\"bot_id\":\"7338286299411103781\"}","event_id":"2","event_type":2001}

data: {"event_data":"{\"message\":{\"content_type\":2001,\"content\":\"{\\\"text\\\":\\\"为\\\"}\",\"id\":\"efef8176-87b5-46af-818c-4866cef7e4e9\"},\"message_id\":\"40495237762811394\",\"local_message_id\":\"c8246cd0-21df-11f1-be37-eb9091781848\",\"conversation_id\":\"38416719607444482\",\"local_conversation_id\":\"local_5833829647836008\",\"section_id\":\"38416719607444738\",\"reply_id\":\"40495237762811138\",\"is_delta\":true,\"status\":4,\"input_content_type\":2020,\"message_index\":2,\"bot_id\":\"7338286299411103781\"}","event_id":"3","event_type":2001}


[REGEX MATCH SUCCESS] Found ID: 38416719607444482
[FEEDING PARSER]...
[RAW CHUNK RECEIVED] len=1694, content=data: {"event_data":"{\"message\":{\"content_type\":2001,\"content\":\"{\\\"text\\\":\\\"你\\\"}\",\"id\":\"efef8176-87b5-46af-818c-4866cef7e4e9\"},\"message_id\":\"40495237762811394\",\"local_message_id\":\"c8246cd0-21df-11f1-be37-eb9091781848\",\"conversation_id\":\"38416719607444482\",\"local_conversation_id\":\"local_5833829647836008\",\"section_id\":\"38416719607444738\",\"reply_id\":\"40495237762811138\",\"is_delta\":true,\"status\":4,\"input_content_type\":2020,\"message_index\":2,\"bot_id\":\"7338286299411103781\"}","event_id":"4","event_type":2001}

data: {"event_data":"{\"message\":{\"content_type\":2001,\"content\":\"{\\\"text\\\":\\\"生成\\\"}\",\"id\":\"efef8176-87b5-46af-818c-4866cef7e4e9\"},\"message_id\":\"40495237762811394\",\"local_message_id\":\"c8246cd0-21df-11f1-be37-eb9091781848\",\"conversation_id\":\"38416719607444482\",\"local_conversation_id\":\"local_5833829647836008\",\"section_id\":\"38416719607444738\",\"reply_id\":\"40495237762811138\",\"is_delta\":true,\"status\":4,\"input_content_type\":2020,\"message_index\":2,\"bot_id\":\"7338286299411103781\"}","event_id":"5","event_type":2001}

data: {"event_data":"{\"message\":{\"content_type\":2001,\"content\":\"{\\\"text\\\":\\\"这个\\\"}\",\"id\":\"efef8176-87b5-46af-818c-4866cef7e4e9\"},\"message_id\":\"40495237762811394\",\"local_message_id\":\"c8246cd0-21df-11f1-be37-eb9091781848\",\"conversation_id\":\"38416719607444482\",\"local_conversation_id\":\"local_5833829647836008\",\"section_id\":\"38416719607444738\",\"reply_id\":\"40495237762811138\",\"is_delta\":true,\"status\":4,\"input_content_type\":2020,\"message_index\":2,\"bot_id\":\"7338286299411103781\"}","event_id":"6","event_type":2001}


[REGEX MATCH SUCCESS] Found ID: 38416719607444482
[FEEDING PARSER]...
[RAW CHUNK RECEIVED] len=565, content=data: {"event_data":"{\"message\":{\"content_type\":2001,\"content\":\"{\\\"text\\\":\\\"包含\\\"}\",\"id\":\"efef8176-87b5-46af-818c-4866cef7e4e9\"},\"message_id\":\"40495237762811394\",\"local_message_id\":\"c8246cd0-21df-11f1-be37-eb9091781848\",\"conversation_id\":\"38416719607444482\",\"local_conversation_id\":\"local_5833829647836008\",\"section_id\":\"38416719607444738\",\"reply_id\":\"40495237762811138\",\"is_delta\":true,\"status\":4,\"input_content_type\":2020,\"message_index\":2,\"bot_id\":\"7338286299411103781\"}","event_id":"7","event_type":2001}


[REGEX MATCH SUCCESS] Found ID: 38416719607444482
[FEEDING PARSER]...
[RAW CHUNK RECEIVED] len=565, content=data: {"event_data":"{\"message\":{\"content_type\":2001,\"content\":\"{\\\"text\\\":\\\"猫咪\\\"}\",\"id\":\"efef8176-87b5-46af-818c-4866cef7e4e9\"},\"message_id\":\"40495237762811394\",\"local_message_id\":\"c8246cd0-21df-11f1-be37-eb9091781848\",\"conversation_id\":\"38416719607444482\",\"local_conversation_id\":\"local_5833829647836008\",\"section_id\":\"38416719607444738\",\"reply_id\":\"40495237762811138\",\"is_delta\":true,\"status\":4,\"input_content_type\":2020,\"message_index\":2,\"bot_id\":\"7338286299411103781\"}","event_id":"8","event_type":2001}


[REGEX MATCH SUCCESS] Found ID: 38416719607444482
[FEEDING PARSER]...
[RAW CHUNK RECEIVED] len=564, content=data: {"event_data":"{\"message\":{\"content_type\":2001,\"content\":\"{\\\"text\\\":\\\"、\\\"}\",\"id\":\"efef8176-87b5-46af-818c-4866cef7e4e9\"},\"message_id\":\"40495237762811394\",\"local_message_id\":\"c8246cd0-21df-11f1-be37-eb9091781848\",\"conversation_id\":\"38416719607444482\",\"local_conversation_id\":\"local_5833829647836008\",\"section_id\":\"38416719607444738\",\"reply_id\":\"40495237762811138\",\"is_delta\":true,\"status\":4,\"input_content_type\":2020,\"message_index\":2,\"bot_id\":\"7338286299411103781\"}","event_id":"9","event_type":2001}


[REGEX MATCH SUCCESS] Found ID: 38416719607444482
[FEEDING PARSER]...
[RAW CHUNK RECEIVED] len=566, content=data: {"event_data":"{\"message\":{\"content_type\":2001,\"content\":\"{\\\"text\\\":\\\"人类\\\"}\",\"id\":\"efef8176-87b5-46af-818c-4866cef7e4e9\"},\"message_id\":\"40495237762811394\",\"local_message_id\":\"c8246cd0-21df-11f1-be37-eb9091781848\",\"conversation_id\":\"38416719607444482\",\"local_conversation_id\":\"local_5833829647836008\",\"section_id\":\"38416719607444738\",\"reply_id\":\"40495237762811138\",\"is_delta\":true,\"status\":4,\"input_content_type\":2020,\"message_index\":2,\"bot_id\":\"7338286299411103781\"}","event_id":"10","event_type":2001}


[REGEX MATCH SUCCESS] Found ID: 38416719607444482
[FEEDING PARSER]...
[RAW CHUNK RECEIVED] len=1131, content=data: {"event_data":"{\"message\":{\"content_type\":2001,\"content\":\"{\\\"text\\\":\\\"和\\\"}\",\"id\":\"efef8176-87b5-46af-818c-4866cef7e4e9\"},\"message_id\":\"40495237762811394\",\"local_message_id\":\"c8246cd0-21df-11f1-be37-eb9091781848\",\"conversation_id\":\"38416719607444482\",\"local_conversation_id\":\"local_5833829647836008\",\"section_id\":\"38416719607444738\",\"reply_id\":\"40495237762811138\",\"is_delta\":true,\"status\":4,\"input_content_type\":2020,\"message_index\":2,\"bot_id\":\"7338286299411103781\"}","event_id":"11","event_type":2001}

data: {"event_data":"{\"message\":{\"content_type\":2001,\"content\":\"{\\\"text\\\":\\\"小狗\\\"}\",\"id\":\"efef8176-87b5-46af-818c-4866cef7e4e9\"},\"message_id\":\"40495237762811394\",\"local_message_id\":\"c8246cd0-21df-11f1-be37-eb9091781848\",\"conversation_id\":\"38416719607444482\",\"local_conversation_id\":\"local_5833829647836008\",\"section_id\":\"38416719607444738\",\"reply_id\":\"40495237762811138\",\"is_delta\":true,\"status\":4,\"input_content_type\":2020,\"message_index\":2,\"bot_id\":\"7338286299411103781\"}","event_id":"12","event_type":2001}


[REGEX MATCH SUCCESS] Found ID: 38416719607444482
[FEEDING PARSER]...
[RAW CHUNK RECEIVED] len=1131, content=data: {"event_data":"{\"message\":{\"content_type\":2001,\"content\":\"{\\\"text\\\":\\\"的\\\"}\",\"id\":\"efef8176-87b5-46af-818c-4866cef7e4e9\"},\"message_id\":\"40495237762811394\",\"local_message_id\":\"c8246cd0-21df-11f1-be37-eb9091781848\",\"conversation_id\":\"38416719607444482\",\"local_conversation_id\":\"local_5833829647836008\",\"section_id\":\"38416719607444738\",\"reply_id\":\"40495237762811138\",\"is_delta\":true,\"status\":4,\"input_content_type\":2020,\"message_index\":2,\"bot_id\":\"7338286299411103781\"}","event_id":"13","event_type":2001}

data: {"event_data":"{\"message\":{\"content_type\":2001,\"content\":\"{\\\"text\\\":\\\"视频\\\"}\",\"id\":\"efef8176-87b5-46af-818c-4866cef7e4e9\"},\"message_id\":\"40495237762811394\",\"local_message_id\":\"c8246cd0-21df-11f1-be37-eb9091781848\",\"conversation_id\":\"38416719607444482\",\"local_conversation_id\":\"local_5833829647836008\",\"section_id\":\"38416719607444738\",\"reply_id\":\"40495237762811138\",\"is_delta\":true,\"status\":4,\"input_content_type\":2020,\"message_index\":2,\"bot_id\":\"7338286299411103781\"}","event_id":"14","event_type":2001}


[REGEX MATCH SUCCESS] Found ID: 38416719607444482
[FEEDING PARSER]...
[RAW CHUNK RECEIVED] len=565, content=data: {"event_data":"{\"message\":{\"content_type\":2001,\"content\":\"{\\\"text\\\":\\\"。\\\"}\",\"id\":\"efef8176-87b5-46af-818c-4866cef7e4e9\"},\"message_id\":\"40495237762811394\",\"local_message_id\":\"c8246cd0-21df-11f1-be37-eb9091781848\",\"conversation_id\":\"38416719607444482\",\"local_conversation_id\":\"local_5833829647836008\",\"section_id\":\"38416719607444738\",\"reply_id\":\"40495237762811138\",\"is_delta\":true,\"status\":4,\"input_content_type\":2020,\"message_index\":2,\"bot_id\":\"7338286299411103781\"}","event_id":"15","event_type":2001}


[REGEX MATCH SUCCESS] Found ID: 38416719607444482
[FEEDING PARSER]...
[RAW CHUNK RECEIVED] len=574, content=data: {"event_data":"{\"message\":{\"content_type\":2001,\"content\":\"{\\\"text\\\":\\\"\\\\n\\\\n\\\"}\",\"id\":\"efef8176-87b5-46af-818c-4866cef7e4e9\"},\"message_id\":\"40495237762811394\",\"local_message_id\":\"c8246cd0-21df-11f1-be37-eb9091781848\",\"conversation_id\":\"38416719607444482\",\"local_conversation_id\":\"local_5833829647836008\",\"section_id\":\"38416719607444738\",\"reply_id\":\"40495237762811138\",\"is_delta\":true,\"status\":4,\"input_content_type\":2020,\"message_index\":2,\"bot_id\":\"7338286299411103781\"}","event_id":"16","event_type":2001}


[REGEX MATCH SUCCESS] Found ID: 38416719607444482
[FEEDING PARSER]...
[RAW CHUNK RECEIVED] len=650, content=data: {"event_data":"{\"message\":{\"content_type\":2001,\"content\":\"{\\\"text\\\":\\\"本次使用 **Seedance 2.0 全能视频模型**生成，将消耗 2 个视频生成额度，预计等待 1-3分钟。视频生成好后，我会及时通知你，今日剩余 4 个视频生成额度。\\\"}\",\"id\":\"efef8176-87b5-46af-818c-4866cef7e4e9\"},\"message_id\":\"40495237762811394\",\"local_message_id\":\"c8246cd0-21df-11f1-be37-eb9091781848\",\"conversation_id\":\"38416719607444482\",\"local_conversation_id\":\"local_5833829647836008\",\"section_id\":\"38416719607444738\",\"reply_id\":\"40495237762811138\",\"is_delta\":true,\"status\":4,\"input_content_type\":2020,\"message_index\":2,\"bot_id\":\"7338286299411103781\"}","event_id":"17","event_type":2001}


[REGEX MATCH SUCCESS] Found ID: 38416719607444482
[FEEDING PARSER]...
[RAW CHUNK RECEIVED] len=723, content=data: {"event_data":"{\"message\":{\"content_type\":2001,\"content\":\"{}\",\"id\":\"efef8176-87b5-46af-818c-4866cef7e4e9\"},\"message_id\":\"40495237762811394\",\"local_message_id\":\"c8246cd0-21df-11f1-be37-eb9091781848\",\"conversation_id\":\"38416719607444482\",\"local_conversation_id\":\"local_5833829647836008\",\"section_id\":\"38416719607444738\",\"reply_id\":\"40495237762811138\",\"is_delta\":true,\"status\":1,\"is_finish\":true,\"message_action_bar\":{},\"input_content_type\":2020,\"message_index\":2,\"bot_id\":\"7338286299411103781\",\"tts_content\":\"我将为你生成这个包含猫咪、人类和小狗的视频。\\n\\n本次使用 **Seedance 2.0 全能视频模型**生成，将消耗 2 个视频生成额度，预计等待 1-3分钟。视频生成好后，我会及时通知你，今日剩余 4 个视频生成额度。\"}","event_id":"18","event_type":2001}


[REGEX MATCH SUCCESS] Found ID: 38416719607444482
[FEEDING PARSER]...
[FINALIZE] Final ID: 38416719607444482, Videos Count: 0
[RAW CHUNK RECEIVED] len=59, content=data: {"event_data":"{}","event_id":"19","event_type":2003}
[REGEX MATCH FAIL] This chunk contains no ID
[FEEDING PARSER]...
[RAW CHUNK RECEIVED] len=2, content=


[REGEX MATCH FAIL] This chunk contains no ID
[FEEDING PARSER]...
[STREAM CLOSED]
[FINALIZE] Final ID: 38416719607444482, Videos Count: 0


--- [2026-05-06T10:16:12.870Z] NEW STREAM START ---
[RAW CHUNK RECEIVED] len=334, content=data: {"event_data":"{\"message_id\":\"44306878676390146\",\"local_message_id\":\"98d13310-4934-11f1-8cba-8bb68443d784\",\"conversation_id\":\"38424689230468610\",\"local_conversation_id\":\"local_4357323822252757\",\"section_id\":\"38424689230468866\",\"message_index\":1,\"conversation_type\":5}","event_id":"0","event_type":2002}


[REGEX MATCH SUCCESS] Found ID: 38424689230468610
[FEEDING PARSER]...
[RAW CHUNK RECEIVED] len=564, content=data: {"event_data":"{\"message\":{\"content_type\":2001,\"content\":\"{\\\"text\\\":\\\"我\\\"}\",\"id\":\"b69b41a5-6a2f-49bb-ad16-6305a66d2e73\"},\"message_id\":\"44306878676390402\",\"local_message_id\":\"98d13310-4934-11f1-8cba-8bb68443d784\",\"conversation_id\":\"38424689230468610\",\"local_conversation_id\":\"local_4357323822252757\",\"section_id\":\"38424689230468866\",\"reply_id\":\"44306878676390146\",\"is_delta\":true,\"status\":4,\"input_content_type\":2020,\"message_index\":2,\"bot_id\":\"7338286299411103781\"}","event_id":"1","event_type":2001}


[REGEX MATCH SUCCESS] Found ID: 38424689230468610
[FEEDING PARSER]...
[RAW CHUNK RECEIVED] len=564, content=data: {"event_data":"{\"message\":{\"content_type\":2001,\"content\":\"{\\\"text\\\":\\\"将\\\"}\",\"id\":\"b69b41a5-6a2f-49bb-ad16-6305a66d2e73\"},\"message_id\":\"44306878676390402\",\"local_message_id\":\"98d13310-4934-11f1-8cba-8bb68443d784\",\"conversation_id\":\"38424689230468610\",\"local_conversation_id\":\"local_4357323822252757\",\"section_id\":\"38424689230468866\",\"reply_id\":\"44306878676390146\",\"is_delta\":true,\"status\":4,\"input_content_type\":2020,\"message_index\":2,\"bot_id\":\"7338286299411103781\"}","event_id":"2","event_type":2001}


[REGEX MATCH SUCCESS] Found ID: 38424689230468610
[FEEDING PARSER]...
[RAW CHUNK RECEIVED] len=564, content=data: {"event_data":"{\"message\":{\"content_type\":2001,\"content\":\"{\\\"text\\\":\\\"为\\\"}\",\"id\":\"b69b41a5-6a2f-49bb-ad16-6305a66d2e73\"},\"message_id\":\"44306878676390402\",\"local_message_id\":\"98d13310-4934-11f1-8cba-8bb68443d784\",\"conversation_id\":\"38424689230468610\",\"local_conversation_id\":\"local_4357323822252757\",\"section_id\":\"38424689230468866\",\"reply_id\":\"44306878676390146\",\"is_delta\":true,\"status\":4,\"input_content_type\":2020,\"message_index\":2,\"bot_id\":\"7338286299411103781\"}","event_id":"3","event_type":2001}


[REGEX MATCH SUCCESS] Found ID: 38424689230468610
[FEEDING PARSER]...
[RAW CHUNK RECEIVED] len=1129, content=data: {"event_data":"{\"message\":{\"content_type\":2001,\"content\":\"{\\\"text\\\":\\\"你\\\"}\",\"id\":\"b69b41a5-6a2f-49bb-ad16-6305a66d2e73\"},\"message_id\":\"44306878676390402\",\"local_message_id\":\"98d13310-4934-11f1-8cba-8bb68443d784\",\"conversation_id\":\"38424689230468610\",\"local_conversation_id\":\"local_4357323822252757\",\"section_id\":\"38424689230468866\",\"reply_id\":\"44306878676390146\",\"is_delta\":true,\"status\":4,\"input_content_type\":2020,\"message_index\":2,\"bot_id\":\"7338286299411103781\"}","event_id":"4","event_type":2001}

data: {"event_data":"{\"message\":{\"content_type\":2001,\"content\":\"{\\\"text\\\":\\\"生成\\\"}\",\"id\":\"b69b41a5-6a2f-49bb-ad16-6305a66d2e73\"},\"message_id\":\"44306878676390402\",\"local_message_id\":\"98d13310-4934-11f1-8cba-8bb68443d784\",\"conversation_id\":\"38424689230468610\",\"local_conversation_id\":\"local_4357323822252757\",\"section_id\":\"38424689230468866\",\"reply_id\":\"44306878676390146\",\"is_delta\":true,\"status\":4,\"input_content_type\":2020,\"message_index\":2,\"bot_id\":\"7338286299411103781\"}","event_id":"5","event_type":2001}


[REGEX MATCH SUCCESS] Found ID: 38424689230468610
[FEEDING PARSER]...
[RAW CHUNK RECEIVED] len=565, content=data: {"event_data":"{\"message\":{\"content_type\":2001,\"content\":\"{\\\"text\\\":\\\"小猫\\\"}\",\"id\":\"b69b41a5-6a2f-49bb-ad16-6305a66d2e73\"},\"message_id\":\"44306878676390402\",\"local_message_id\":\"98d13310-4934-11f1-8cba-8bb68443d784\",\"conversation_id\":\"38424689230468610\",\"local_conversation_id\":\"local_4357323822252757\",\"section_id\":\"38424689230468866\",\"reply_id\":\"44306878676390146\",\"is_delta\":true,\"status\":4,\"input_content_type\":2020,\"message_index\":2,\"bot_id\":\"7338286299411103781\"}","event_id":"6","event_type":2001}


[REGEX MATCH SUCCESS] Found ID: 38424689230468610
[FEEDING PARSER]...
[RAW CHUNK RECEIVED] len=564, content=data: {"event_data":"{\"message\":{\"content_type\":2001,\"content\":\"{\\\"text\\\":\\\"在\\\"}\",\"id\":\"b69b41a5-6a2f-49bb-ad16-6305a66d2e73\"},\"message_id\":\"44306878676390402\",\"local_message_id\":\"98d13310-4934-11f1-8cba-8bb68443d784\",\"conversation_id\":\"38424689230468610\",\"local_conversation_id\":\"local_4357323822252757\",\"section_id\":\"38424689230468866\",\"reply_id\":\"44306878676390146\",\"is_delta\":true,\"status\":4,\"input_content_type\":2020,\"message_index\":2,\"bot_id\":\"7338286299411103781\"}","event_id":"7","event_type":2001}


[REGEX MATCH SUCCESS] Found ID: 38424689230468610
[FEEDING PARSER]...
[RAW CHUNK RECEIVED] len=566, content=data: {"event_data":"{\"message\":{\"content_type\":2001,\"content\":\"{\\\"text\\\":\\\"草地上\\\"}\",\"id\":\"b69b41a5-6a2f-49bb-ad16-6305a66d2e73\"},\"message_id\":\"44306878676390402\",\"local_message_id\":\"98d13310-4934-11f1-8cba-8bb68443d784\",\"conversation_id\":\"38424689230468610\",\"local_conversation_id\":\"local_4357323822252757\",\"section_id\":\"38424689230468866\",\"reply_id\":\"44306878676390146\",\"is_delta\":true,\"status\":4,\"input_content_type\":2020,\"message_index\":2,\"bot_id\":\"7338286299411103781\"}","event_id":"8","event_type":2001}


[REGEX MATCH SUCCESS] Found ID: 38424689230468610
[FEEDING PARSER]...
[RAW CHUNK RECEIVED] len=565, content=data: {"event_data":"{\"message\":{\"content_type\":2001,\"content\":\"{\\\"text\\\":\\\"奔跑\\\"}\",\"id\":\"b69b41a5-6a2f-49bb-ad16-6305a66d2e73\"},\"message_id\":\"44306878676390402\",\"local_message_id\":\"98d13310-4934-11f1-8cba-8bb68443d784\",\"conversation_id\":\"38424689230468610\",\"local_conversation_id\":\"local_4357323822252757\",\"section_id\":\"38424689230468866\",\"reply_id\":\"44306878676390146\",\"is_delta\":true,\"status\":4,\"input_content_type\":2020,\"message_index\":2,\"bot_id\":\"7338286299411103781\"}","event_id":"9","event_type":2001}


[REGEX MATCH SUCCESS] Found ID: 38424689230468610
[FEEDING PARSER]...
[RAW CHUNK RECEIVED] len=565, content=data: {"event_data":"{\"message\":{\"content_type\":2001,\"content\":\"{\\\"text\\\":\\\"的\\\"}\",\"id\":\"b69b41a5-6a2f-49bb-ad16-6305a66d2e73\"},\"message_id\":\"44306878676390402\",\"local_message_id\":\"98d13310-4934-11f1-8cba-8bb68443d784\",\"conversation_id\":\"38424689230468610\",\"local_conversation_id\":\"local_4357323822252757\",\"section_id\":\"38424689230468866\",\"reply_id\":\"44306878676390146\",\"is_delta\":true,\"status\":4,\"input_content_type\":2020,\"message_index\":2,\"bot_id\":\"7338286299411103781\"}","event_id":"10","event_type":2001}


[REGEX MATCH SUCCESS] Found ID: 38424689230468610
[FEEDING PARSER]...
[RAW CHUNK RECEIVED] len=1131, content=data: {"event_data":"{\"message\":{\"content_type\":2001,\"content\":\"{\\\"text\\\":\\\"视频\\\"}\",\"id\":\"b69b41a5-6a2f-49bb-ad16-6305a66d2e73\"},\"message_id\":\"44306878676390402\",\"local_message_id\":\"98d13310-4934-11f1-8cba-8bb68443d784\",\"conversation_id\":\"38424689230468610\",\"local_conversation_id\":\"local_4357323822252757\",\"section_id\":\"38424689230468866\",\"reply_id\":\"44306878676390146\",\"is_delta\":true,\"status\":4,\"input_content_type\":2020,\"message_index\":2,\"bot_id\":\"7338286299411103781\"}","event_id":"11","event_type":2001}

data: {"event_data":"{\"message\":{\"content_type\":2001,\"content\":\"{\\\"text\\\":\\\"。\\\"}\",\"id\":\"b69b41a5-6a2f-49bb-ad16-6305a66d2e73\"},\"message_id\":\"44306878676390402\",\"local_message_id\":\"98d13310-4934-11f1-8cba-8bb68443d784\",\"conversation_id\":\"38424689230468610\",\"local_conversation_id\":\"local_4357323822252757\",\"section_id\":\"38424689230468866\",\"reply_id\":\"44306878676390146\",\"is_delta\":true,\"status\":4,\"input_content_type\":2020,\"message_index\":2,\"bot_id\":\"7338286299411103781\"}","event_id":"12","event_type":2001}


[REGEX MATCH SUCCESS] Found ID: 38424689230468610
[FEEDING PARSER]...
[RAW CHUNK RECEIVED] len=574, content=data: {"event_data":"{\"message\":{\"content_type\":2001,\"content\":\"{\\\"text\\\":\\\"\\\\n\\\\n\\\"}\",\"id\":\"b69b41a5-6a2f-49bb-ad16-6305a66d2e73\"},\"message_id\":\"44306878676390402\",\"local_message_id\":\"98d13310-4934-11f1-8cba-8bb68443d784\",\"conversation_id\":\"38424689230468610\",\"local_conversation_id\":\"local_4357323822252757\",\"section_id\":\"38424689230468866\",\"reply_id\":\"44306878676390146\",\"is_delta\":true,\"status\":4,\"input_content_type\":2020,\"message_index\":2,\"bot_id\":\"7338286299411103781\"}","event_id":"13","event_type":2001}


[REGEX MATCH SUCCESS] Found ID: 38424689230468610
[FEEDING PARSER]...
[RAW CHUNK RECEIVED] len=650, content=data: {"event_data":"{\"message\":{\"content_type\":2001,\"content\":\"{\\\"text\\\":\\\"本次使用 **Seedance 2.0 全能视频模型**生成，将消耗 2 个视频生成额度，预计等待 1-3分钟。视频生成好后，我会及时通知你，今日剩余 4 个视频生成额度。\\\"}\",\"id\":\"b69b41a5-6a2f-49bb-ad16-6305a66d2e73\"},\"message_id\":\"44306878676390402\",\"local_message_id\":\"98d13310-4934-11f1-8cba-8bb68443d784\",\"conversation_id\":\"38424689230468610\",\"local_conversation_id\":\"local_4357323822252757\",\"section_id\":\"38424689230468866\",\"reply_id\":\"44306878676390146\",\"is_delta\":true,\"status\":4,\"input_content_type\":2020,\"message_index\":2,\"bot_id\":\"7338286299411103781\"}","event_id":"14","event_type":2001}


[REGEX MATCH SUCCESS] Found ID: 38424689230468610
[FEEDING PARSER]...
[RAW CHUNK RECEIVED] len=719, content=data: {"event_data":"{\"message\":{\"content_type\":2001,\"content\":\"{}\",\"id\":\"b69b41a5-6a2f-49bb-ad16-6305a66d2e73\"},\"message_id\":\"44306878676390402\",\"local_message_id\":\"98d13310-4934-11f1-8cba-8bb68443d784\",\"conversation_id\":\"38424689230468610\",\"local_conversation_id\":\"local_4357323822252757\",\"section_id\":\"38424689230468866\",\"reply_id\":\"44306878676390146\",\"is_delta\":true,\"status\":1,\"is_finish\":true,\"message_action_bar\":{},\"input_content_type\":2020,\"message_index\":2,\"bot_id\":\"7338286299411103781\",\"tts_content\":\"我将为你生成小猫在草地上奔跑的视频。\\n\\n本次使用 **Seedance 2.0 全能视频模型**生成，将消耗 2 个视频生成额度，预计等待 1-3分钟。视频生成好后，我会及时通知你，今日剩余 4 个视频生成额度。\"}","event_id":"15","event_type":2001}


[REGEX MATCH SUCCESS] Found ID: 38424689230468610
[FEEDING PARSER]...
[FINALIZE] Final ID: 38424689230468610, Videos Count: 0
[RAW CHUNK RECEIVED] len=61, content=data: {"event_data":"{}","event_id":"16","event_type":2003}


[REGEX MATCH FAIL] This chunk contains no ID
[FEEDING PARSER]...
[STREAM CLOSED]
[FINALIZE] Final ID: 38424689230468610, Videos Count: 0


--- [2026-05-20T03:51:12.825Z] NEW STREAM START ---
[RAW CHUNK RECEIVED] len=37, content=id: 0
event: SSE_HEARTBEAT
data: {}


[REGEX MATCH FAIL] This chunk contains no ID
[FEEDING PARSER]...
[RAW CHUNK RECEIVED] len=123, content=id: 0
event: STREAM_ERROR
data: {"error_code":710020202,"error_msg":"common invalid param","extra":{"is_replay":"false"}}


[REGEX MATCH FAIL] This chunk contains no ID
[FEEDING PARSER]...
[STREAM CLOSED]
[FINALIZE] Final ID: , Videos Count: 0


--- [2026-05-20T03:51:25.933Z] NEW STREAM START ---
[RAW CHUNK RECEIVED] len=37, content=id: 0
event: SSE_HEARTBEAT
data: {}


[REGEX MATCH FAIL] This chunk contains no ID
[FEEDING PARSER]...
[RAW CHUNK RECEIVED] len=123, content=id: 0
event: STREAM_ERROR
data: {"error_code":710020202,"error_msg":"common invalid param","extra":{"is_replay":"false"}}


[REGEX MATCH FAIL] This chunk contains no ID
[FEEDING PARSER]...
[STREAM CLOSED]
[FINALIZE] Final ID: , Videos Count: 0


--- [2026-05-20T03:51:38.273Z] NEW STREAM START ---
[RAW CHUNK RECEIVED] len=27, content=id: 0
event: SSE_HEARTBEAT

[REGEX MATCH FAIL] This chunk contains no ID
[FEEDING PARSER]...
[RAW CHUNK RECEIVED] len=10, content=data: {}


[REGEX MATCH FAIL] This chunk contains no ID
[FEEDING PARSER]...
[RAW CHUNK RECEIVED] len=123, content=id: 0
event: STREAM_ERROR
data: {"error_code":710020202,"error_msg":"common invalid param","extra":{"is_replay":"false"}}


[REGEX MATCH FAIL] This chunk contains no ID
[FEEDING PARSER]...
[STREAM CLOSED]
[FINALIZE] Final ID: , Videos Count: 0


--- [2026-05-20T03:58:36.627Z] NEW STREAM START ---
[RAW CHUNK RECEIVED] len=37, content=id: 0
event: SSE_HEARTBEAT
data: {}


[REGEX MATCH FAIL] This chunk contains no ID
[FEEDING PARSER]...
[RAW CHUNK RECEIVED] len=2097, content=id: 0
event: SSE_ACK
data: {"query_list":[{"question_id":"45411259451332610","local_message_id":"2d6960d3-5400-11f1-a7d6-83f6f1dded74","message_index":1}],"ack_client_meta":{"conversation_id":"38426747527519746","local_conversation_id":"local_3989912624415097","conversation_type":3,"section_id":"38426747527520002","conversation_info":{"conversation_id":"38426747527519746","conversation_type":3,"creator_id":"3622218132106954","name":"新对话","image":{"image_thumb":{"url":"https://p3-flow-imagex-sign.byteimg.com/ocean-cloud-tos/FileBizType.BIZ_BOT_ICON/bot_0817_02.png~tplv-a9rns2rl98-image-qvalue.png?lk3s=8e244e95&rcl=2026052011583830F68D6C648D8C9D980A&rrcfp=bf2e6f99&x-expires=1781841519&x-signature=OUUh63C7yKHBg5Mh3Bz5H4zLD54%3D"},"image_ori":{"url":"https://p3-flow-imagex-sign.byteimg.com/ocean-cloud-tos/FileBizType.BIZ_BOT_ICON/bot_0817_02.png~tplv-a9rns2rl98-image-qvalue.png?lk3s=8e244e95&rcl=2026052011583830F68D6C648D8C9D980A&rrcfp=bf2e6f99&x-expires=1781841519&x-signature=OUUh63C7yKHBg5Mh3Bz5H4zLD54%3D"}},"participant_count":2,"human_count":1,"tenant_id":0,"biz_id":0,"status":1,"create_time":1779249519,"update_time":1779249519,"extra":"{\"inner_app_id\":\"497858\",\"inner_cluster\":\"default\",\"inner_did\":\"7698710361581032224\",\"inner_env\":\"prod\",\"inner_flow_app_variant\":\"doubao\",\"inner_is_tour\":\"false\",\"inner_log_id\":\"2026052011583830F68D6C648D8C9D980A\",\"inner_pc_version\":\"2.44.0\",\"inner_platform\":\"web\",\"inner_real_app_id\":\"497858\",\"inner_samantha_web\":\"true\",\"inner_tea_uuid\":\"7622636711847140531\",\"inner_tt_wid\":\"7637957343552865832\",\"inner_user_ip\":\"202.168.176.116\",\"inner_version_name\":\"\",\"local_conversation_id\":\"local_3989912624415097\",\"log_id\":\"2026052011583830F68D6C648D8C9D980A\"}","msg_cursor":1,"bot_type":3,"retention_cursor":1,"last_read_index":0,"latest_index":0,"last_section_id":"38426747527520002","review_status":2,"create_scene":0,"create_channel":0,"badge_count":0,"read_badge_count":0,"latest_artifact":1}},"timeout_conf":{"answer_first_pending_time":180000,"packet_interval_time":120000}}


[REGEX MATCH SUCCESS] Found ID: 38426747527519746
[FEEDING PARSER]...
[RAW CHUNK RECEIVED] len=5515, content=id: 1
event: FULL_MSG_NOTIFY
data: {"message":{"conversation_id":"38426747527519746","message_id":"45411259451332610","message_body_version":1,"sender_id":"3622218132106954","user_type":1,"content_type":9999,"content":"[{\"block_type\":10052,\"block_id\":\"2d6960d1-5400-11f1-a7d6-83f6f1dded74\",\"content\":{\"attachment_block\":{\"attachments\":[{\"type\":1,\"identifier\":\"2d6960d0-5400-11f1-a7d6-83f6f1dded74\",\"image\":{\"uri\":\"tos-cn-i-a9rns2rl98/0f4166730c0e474b85ce45dfc08869a5.png\",\"image_ori\":{\"url\":\"https://p26-flow-imagex-sign.byteimg.com/tos-cn-i-a9rns2rl98/0f4166730c0e474b85ce45dfc08869a5.png~tplv-a9rns2rl98-24:720:720.jpeg?lk3s=8e244e95&rcl=2026052011583830F68D6C648D8C9D980A&rrcfp=d52e923b&x-expires=1779854319&x-signature=gAUvq53EN39ipPda%2BFVE3kkBppw%3D\",\"width\":1536,\"height\":1024},\"name\":\"0f4166730c0e474b85ce45dfc08869a5.png\"},\"review_state\":1,\"progress\":100,\"upload_status\":1}]}}},{\"block_type\":10000,\"block_id\":\"2d6960d2-5400-11f1-a7d6-83f6f1dded74\",\"content\":{\"text_block\":{\"text\":\"帮我生成视频：比例 「16:9」画面特写：一个小骑士在茂密的草丛中向前迈步，眼神坚定，微风吹拂着它身后的红色披风。\"}}}]","index_in_conv":1,"create_time":1779249519,"biz_content_type":"flow_nested","sec_sender":"MS4wLjABAAAAWjkzt1wrx9Pq78qF-_AMDBykQVQ6G6lZof6iBP3VebAliqYEhy8ho7FaH31WPI0U","content_block":[{"block_type":10052,"block_id":"2d6960d1-5400-11f1-a7d6-83f6f1dded74","content":{"attachment_block":{"attachments":[{"type":1,"identifier":"2d6960d0-5400-11f1-a7d6-83f6f1dded74","image":{"uri":"tos-cn-i-a9rns2rl98/0f4166730c0e474b85ce45dfc08869a5.png","image_thumb":{"url":"https://p26-flow-imagex-sign.byteimg.com/tos-cn-i-a9rns2rl98/0f4166730c0e474b85ce45dfc08869a5.png~tplv-a9rns2rl98-image.png?lk3s=8e244e95&rcl=2026052011583830F68D6C648D8C9D980A&rrcfp=dafada99&x-expires=2095473519&x-signature=leoL6mhkFR1Fnuv%2FYaAEmqwpqms%3D"},"image_ori":{"url":"https://p3-flow-imagex-sign.byteimg.com/tos-cn-i-a9rns2rl98/0f4166730c0e474b85ce45dfc08869a5.png~tplv-a9rns2rl98-image.png?lk3s=8e244e95&rcl=2026052011583830F68D6C648D8C9D980A&rrcfp=dafada99&x-expires=2095473519&x-signature=IL5Bhj40glY5Tm9td%2FffkFOSxAA%3D","width":1536,"height":1024},"image_preview":{"url":"https://p3-flow-imagex-sign.byteimg.com/tos-cn-i-a9rns2rl98/0f4166730c0e474b85ce45dfc08869a5.png~tplv-a9rns2rl98-image.png?lk3s=8e244e95&rcl=2026052011583830F68D6C648D8C9D980A&rrcfp=dafada99&x-expires=2095473519&x-signature=IL5Bhj40glY5Tm9td%2FffkFOSxAA%3D"},"name":"0f4166730c0e474b85ce45dfc08869a5.png"},"review_state":1,"progress":100,"upload_status":1}]}},"is_finish":false},{"block_type":10000,"block_id":"2d6960d2-5400-11f1-a7d6-83f6f1dded74","content":{"text_block":{"text":"帮我生成视频：比例 「16:9」画面特写：一个小骑士在茂密的草丛中向前迈步，眼神坚定，微风吹拂着它身后的红色披风。"}},"is_finish":false}],"tts_content":"","update_time":1779249519,"ext":{"inner_platform":"web","update_version_code":"0","memory_reflect":"1","inner_msg_lang_exemption":"false","read_conv_version":"1779249519183841","chat_id":"45411259451332610","inner_tt_wid":"7637957343552865832","msg_update_time_ms":"1779249519207","inner_libra_versions":"9681435,16407271,16485006,16609910,16690101,16690141,16690184,16690245,16690269,16762144,9427166,15020092,10541099,11100283,11100284,12077497,16336904,16506101,16565985,16590998,16598727,16599031,16625129,16636655,16637089,16647553,16653056,16677760,16678016,16681257,16688320,16690771,16690827,16690868,16690892,16690938,16718117,16737291,16754148,16760275,16763496,16776647,16784088,16797814,11958164,12628471,13349017,14207348,14432780,14438036,14464960,15106043,15373303,15834938,16647922,16708516,16766580,16799559","inner_region":"CN","bot_source":"BotStudio","inner_bot_id":"0","inner_user_ip":"202.168.176.116","model_type":"38","cot_switch":"0","speaker_id":"zh_female_wenroutaozi_uranus_bigtts","commerce_credit_config_enable":"0","pre_read_conv_version":"1779249519183841","section_tag_1h":"38426747527520002_2026052011","group":"1779249519","is_ai_playground":"false","inner_is_tour":"false","inner_env":"prod","conversation_init_option":"{\"need_ack_conversation\":true}","sub_conv_firstmet_type":"1","ugc_voice_id":"104","inner_log_id":"2026052011583830F68D6C648D8C9D980A","image_attachment_num":"1","inner_pc_version":"2.44.0","inner_tea_uuid":"7622636711847140531","use_content_block":"1","inner_cluster":"default","is_membership":"0","message_from":"InputBox","fp":"7622636711847140531","inner_version_name":"","answer_with_suggest":"0","is_image_related":"1","user_question_round":"1","inner_msg_lang_confidence":"1","search_engine_type":"4","chat_ability":"{\"ability_type\":17,\"ability_param\":\"{\\\"ratio\\\":\\\"16:9\\\"}\"}","inner_is_dola_agent_hub":"0","inner_did":"7698710361581032224","inner_msg_lang_display_code":"zh","biz_content_type":"flow_nested","inner_real_app_id":"497858","reply_unique_key":"2d6987e0-5400-11f1-a7d6-83f6f1dded74","collection_id":"","attachment_scene":"4","chat_next":"1","bot_id":"7338286299411103781","inner_msg_lang_code":"zh","inner_terminal_app_id":"497858","old_content_type":"20","input_skill":"{\"skill_id\":\"17\",\"skill_type\":17}","client_report_scene":"gui","inner_flow_app_variant":"doubao","inner_samantha_web":"true","inner_app_id":"497858","llm_model_type":"38","chat_history_count":"0","has_nested_image":"1"},"local_message_id":"2d6960d3-5400-11f1-a7d6-83f6f1dded74","section_id":"38426747527520002","bot_reply_message_id":"0","fetch_token":"45411259451332610"},"message_attr":{"badge_count":1,"read_badge_count":1,"read_conv_version":1779249519183841,"pre_read_conv_version":1779249519183841}}


[REGEX MATCH SUCCESS] Found ID: 38426747527519746
[FEEDING PARSER]...
[RAW CHUNK RECEIVED] len=3105, content=id: 2
event: STREAM_MSG_NOTIFY
data: {"content":{"content_block":[{"block_type":10000,"block_id":"40080475405820674","content":{"text_block":{"text":"我"}},"is_finish":false,"patch_type":1}],"content_status":100,"ext":{"inner_real_app_id":"497858","ai_create_show_mode":"mixed","inner_libra_versions":"9681435,16407271,16485006,16609910,16690101,16690141,16690184,16690245,16690269,16762144,9427166,15020092,10541099,11100283,11100284,12077497,16336904,16506101,16565985,16590998,16598727,16599031,16625129,16636655,16637089,16647553,16653056,16677760,16678016,16681257,16688320,16690771,16690827,16690868,16690892,16690938,16718117,16737291,16754148,16760275,16763496,16776647,16784088,16797814,11958164,12628471,13349017,14207348,14432780,14438036,14464960,15106043,15373303,15834938,16647922,16708516,16766580,16799559","inner_msg_lang_display_code":"zh","is_image_related":"1","agent_id":"7416550974343069696","agent_name":"Agent-Text2Image","chat_next":"1","inner_is_tour":"false","inner_msg_lang_confidence":"1","old_content_type":"9999","regen_no_replace":"1","chat_id":"45411259451332610","image_attachment_num":"1","inner_platform":"web","inner_version_name":"","memory_reflect":"1","model_id":"38","use_content_block":"1","ai_creation_show_mode":"mixed","cot_switch":"0","inner_is_dola_agent_hub":"0","model_type":"38","section_tag_1h":"38426747527520002_2026052011","inner_tea_uuid":"7622636711847140531","llm_model_type":"38","review_biz_type":"1","chat_ability":"{\"ability_type\":17,\"ability_param\":\"{\\\"ratio\\\":\\\"16:9\\\"}\"}","inner_flow_app_variant":"doubao","inner_msg_lang_exemption":"false","is_membership":"0","reply_unique_key":"2d6987e0-5400-11f1-a7d6-83f6f1dded74","chat_history_count":"0","inner_tt_wid":"7637957343552865832","inner_cluster":"default","inner_env":"prod","inner_samantha_web":"true","need_deep_think":"0","inner_pc_version":"2.44.0","inner_region":"CN","inner_user_ip":"202.168.176.116","review_scenario_id":"4085066754","use_creation":"1","attachment_scene":"4","gen_msg_id":"45416991490044930","inner_app_id":"497858","inner_did":"7698710361581032224","user_question_round":"1","ai_creation_layout_type":"mixed","auto_create_creation_asset":"0","input_skill":"{\"skill_id\":\"17\",\"skill_type\":17}","update_version_code":"0","tea_tags_time_cost":"{\"ack_cost_time\":\"144\",\"first_packet_cost_time\":\"2792\"}","bot_state":"{\"bot_id\":\"7338286299411103781\",\"bot_name\":\"豆包\",\"agent_name\":\"Agent-Text2Image\",\"agent_id\":\"7416550974343069696\"}","auto_create_creation":"1","before_content_type":"9999","client_report_scene":"gui","inner_log_id":"2026052011583830F68D6C648D8C9D980A","inner_msg_lang_code":"zh","tts":""},"content_type":9999,"model_content":"我","tts_content":"我"},"meta":{"message_id":"45416991490044930","conversation_id":"38426747527519746","section_id":"38426747527520002","sender_id":"7338286299411103781","user_type":2,"create_time":1779249521,"index_in_conv":2,"bot_reply_message_id":"45411259451332610","local_conversation_id":"local_3989912624415097"},"attr":{"reply_unique_key":"2d6987e0-5400-11f1-a7d6-83f6f1dded74"}}


[REGEX MATCH SUCCESS] Found ID: 38426747527519746
[FEEDING PARSER]...
[RAW CHUNK RECEIVED] len=272, content=id: 3
event: STREAM_CHUNK
data: {"message_id":"45416991490044930","patch_op":[{"patch_object":1,"patch_type":1,"patch_value":{"content_block":[{"block_type":10000,"block_id":"40080475405820674","content":{"text_block":{"text":"会"}},"is_finish":false,"patch_type":1}]}}]}


[REGEX MATCH FAIL] This chunk contains no ID
[FEEDING PARSER]...
[RAW CHUNK RECEIVED] len=151, content=id: 4
event: STREAM_CHUNK
data: {"message_id":"45416991490044930","patch_op":[{"patch_object":111,"patch_type":1,"patch_value":{"tts_content":"会"}}]}


[REGEX MATCH FAIL] This chunk contains no ID
[FEEDING PARSER]...
[RAW CHUNK RECEIVED] len=25, content=id: 5
event: STREAM_CHUNK
[REGEX MATCH FAIL] This chunk contains no ID
[FEEDING PARSER]...
[RAW CHUNK RECEIVED] len=248, content=
data: {"message_id":"45416991490044930","patch_op":[{"patch_object":1,"patch_type":1,"patch_value":{"content_block":[{"block_type":10000,"block_id":"40080475405820674","content":{"text_block":{"text":"按照"}},"is_finish":false,"patch_type":1}]}}]}


[REGEX MATCH FAIL] This chunk contains no ID
[FEEDING PARSER]...
[RAW CHUNK RECEIVED] len=152, content=id: 6
event: STREAM_CHUNK
data: {"message_id":"45416991490044930","patch_op":[{"patch_object":111,"patch_type":1,"patch_value":{"tts_content":"按照"}}]}


[REGEX MATCH FAIL] This chunk contains no ID
[FEEDING PARSER]...
[RAW CHUNK RECEIVED] len=273, content=id: 7
event: STREAM_CHUNK
data: {"message_id":"45416991490044930","patch_op":[{"patch_object":1,"patch_type":1,"patch_value":{"content_block":[{"block_type":10000,"block_id":"40080475405820674","content":{"text_block":{"text":"你的"}},"is_finish":false,"patch_type":1}]}}]}


[REGEX MATCH FAIL] This chunk contains no ID
[FEEDING PARSER]...
[RAW CHUNK RECEIVED] len=152, content=id: 8
event: STREAM_CHUNK
data: {"message_id":"45416991490044930","patch_op":[{"patch_object":111,"patch_type":1,"patch_value":{"tts_content":"你的"}}]}


[REGEX MATCH FAIL] This chunk contains no ID
[FEEDING PARSER]...
[RAW CHUNK RECEIVED] len=273, content=id: 9
event: STREAM_CHUNK
data: {"message_id":"45416991490044930","patch_op":[{"patch_object":1,"patch_type":1,"patch_value":{"content_block":[{"block_type":10000,"block_id":"40080475405820674","content":{"text_block":{"text":"要求"}},"is_finish":false,"patch_type":1}]}}]}


[REGEX MATCH FAIL] This chunk contains no ID
[FEEDING PARSER]...
[RAW CHUNK RECEIVED] len=4, content=id: 
[REGEX MATCH FAIL] This chunk contains no ID
[FEEDING PARSER]...
[RAW CHUNK RECEIVED] len=149, content=10
event: STREAM_CHUNK
data: {"message_id":"45416991490044930","patch_op":[{"patch_object":111,"patch_type":1,"patch_value":{"tts_content":"要求"}}]}


[REGEX MATCH FAIL] This chunk contains no ID
[FEEDING PARSER]...
[RAW CHUNK RECEIVED] len=27, content=id: 11
event: STREAM_CHUNK

[REGEX MATCH FAIL] This chunk contains no ID
[FEEDING PARSER]...
[RAW CHUNK RECEIVED] len=247, content=data: {"message_id":"45416991490044930","patch_op":[{"patch_object":1,"patch_type":1,"patch_value":{"content_block":[{"block_type":10000,"block_id":"40080475405820674","content":{"text_block":{"text":"生成"}},"is_finish":false,"patch_type":1}]}}]}


[REGEX MATCH FAIL] This chunk contains no ID
[FEEDING PARSER]...
[RAW CHUNK RECEIVED] len=153, content=id: 12
event: STREAM_CHUNK
data: {"message_id":"45416991490044930","patch_op":[{"patch_object":111,"patch_type":1,"patch_value":{"tts_content":"生成"}}]}


[REGEX MATCH FAIL] This chunk contains no ID
[FEEDING PARSER]...
[RAW CHUNK RECEIVED] len=854, content=id: 13
event: STREAM_CHUNK
data: {"message_id":"45416991490044930","patch_op":[{"patch_object":1,"patch_type":1,"patch_value":{"content_block":[{"block_type":10000,"block_id":"40080475405820674","content":{"text_block":{"text":"这个"}},"is_finish":false,"patch_type":1}]}}]}

id: 14
event: STREAM_CHUNK
data: {"message_id":"45416991490044930","patch_op":[{"patch_object":111,"patch_type":1,"patch_value":{"tts_content":"这个"}}]}

id: 15
event: STREAM_CHUNK
data: {"message_id":"45416991490044930","patch_op":[{"patch_object":1,"patch_type":1,"patch_value":{"content_block":[{"block_type":10000,"block_id":"40080475405820674","content":{"text_block":{"text":"视频"}},"is_finish":false,"patch_type":1}]}}]}

id: 16
event: STREAM_CHUNK
data: {"message_id":"45416991490044930","patch_op":[{"patch_object":111,"patch_type":1,"patch_value":{"tts_content":"视频"}}]}


[REGEX MATCH FAIL] This chunk contains no ID
[FEEDING PARSER]...
[RAW CHUNK RECEIVED] len=26, content=id: 17
event: STREAM_CHUNK
[REGEX MATCH FAIL] This chunk contains no ID
[FEEDING PARSER]...
[RAW CHUNK RECEIVED] len=399, content=
data: {"message_id":"45416991490044930","patch_op":[{"patch_object":1,"patch_type":1,"patch_value":{"content_block":[{"block_type":10000,"block_id":"40080475405820674","content":{"text_block":{"text":"。"}},"is_finish":false,"patch_type":1}]}}]}

id: 18
event: STREAM_CHUNK
data: {"message_id":"45416991490044930","patch_op":[{"patch_object":111,"patch_type":1,"patch_value":{"tts_content":"。"}}]}


[REGEX MATCH FAIL] This chunk contains no ID
[FEEDING PARSER]...
[RAW CHUNK RECEIVED] len=431, content=id: 19
event: STREAM_CHUNK
data: {"message_id":"45416991490044930","patch_op":[{"patch_object":1,"patch_type":1,"patch_value":{"content_block":[{"block_type":10000,"block_id":"40080475405820674","content":{"text_block":{"text":"\n\n"}},"is_finish":false,"patch_type":1}]}}]}

id: 20
event: STREAM_CHUNK
data: {"message_id":"45416991490044930","patch_op":[{"patch_object":111,"patch_type":1,"patch_value":{"tts_content":"\n\n"}}]}


[REGEX MATCH FAIL] This chunk contains no ID
[FEEDING PARSER]...
[RAW CHUNK RECEIVED] len=723, content=id: 21
event: STREAM_CHUNK
data: {"message_id":"45416991490044930","patch_op":[{"patch_object":1,"patch_type":1,"patch_value":{"content_block":[{"block_type":10000,"block_id":"40080475405820674","content":{"text_block":{"text":"本次使用 **Seedance 2.0 全能视频模型**生成，将消耗 2 个视频生成额度，预计等待 1-3分钟。视频生成好后，我会及时通知你，今日剩余 8 个视频生成额度。"}},"is_finish":false,"patch_type":1}]}},{"patch_object":50,"patch_type":1,"patch_value":{"ext":{"disable_regen":"1","has_video_gen":"1","text2image_text_finish":"1"}}}]}

id: 22
event: STREAM_CHUNK
data: {"message_id":"45416991490044930","patch_op":[{"patch_object":111,"patch_type":1,"patch_value":{"tts_content":"本次使用 **Seedance 2.0 全能视频模型**生成，将消耗 2 个视频生成额度，预计等待 1-3分钟。视频生成好后，我会及时通知你，今日剩余 8 个视频生成额度。"}}]}


[REGEX MATCH FAIL] This chunk contains no ID
[FEEDING PARSER]...
[RAW CHUNK RECEIVED] len=38, content=id: 22
event: SSE_HEARTBEAT
data: {}


[REGEX MATCH FAIL] This chunk contains no ID
[FEEDING PARSER]...
[RAW CHUNK RECEIVED] len=2591, content=id: 23
event: STREAM_CHUNK
data: {"message_id":"45416991490044930","patch_op":[{"patch_object":3,"patch_type":2,"patch_value":{}},{"patch_object":1,"patch_type":1,"patch_value":{"content_block":[{"block_type":10000,"block_id":"40080475405820674","content":{"text_block":{}},"is_finish":true,"patch_type":1}]}},{"patch_object":50,"patch_type":1,"patch_value":{"ext":{"creation_material_info":"","intention":"agent_creation","agent_context":"[{\"role\":\"assistant\",\"content\":\"\",\"tool_calls\":[{\"index\":0,\"id\":\"01bb1938-4653-d715-2007-6a691a89a8b3\",\"type\":\"function\",\"function\":{\"name\":\"img2img\",\"arguments\":\"{\\\"prompt\\\":\\\"帮我生成视频：比例 「16:9」画面特写：一个小骑士在茂密的草丛中向前迈步，眼神坚定，微风吹拂着它身后的红色披风。\\\",\\\"image_url\\\":\\\"\\\",\\\"image_urls\\\":null}\"}}]},{\"role\":\"tool\",\"content\":\"null\",\"tool_call_id\":\"01bb1938-4653-d715-2007-6a691a89a8b3\"},{\"role\":\"assistant\",\"content\":\"我会按照你的要求生成这个视频。\\n\\n本次使用 **Seedance 2.0 全能视频模型**生成，将消耗 2 个视频生成额度，预计等待 1-3分钟。视频生成好后，我会及时通知你，今日剩余 8 个视频生成额度。\"}]","ai_create_show_mode":"text","ai_creation_duration_info":"[{\"type\":1,\"task_id\":\"\",\"duration_info\":[{\"step_name\":\"pre\",\"duration\":83},{\"step_name\":\"pre_prompt_review\",\"duration\":111},{\"step_name\":\"pre_prompt_attachment_review\",\"duration\":691},{\"step_name\":\"rag\",\"duration\":1},{\"step_name\":\"plan\",\"duration\":2330},{\"step_name\":\"fc\",\"duration\":2462},{\"step_name\":\"simple_task\",\"duration\":0},{\"step_name\":\"total\",\"duration\":6002}],\"error_code\":0}]","ai_creation_fallback_retry":"false","disable_action_view":"true","include_creation_material":"0","is_finish":"1","ai_creation_show_mode":"text","ai_creation_tool_list":"[]","brief":"我会按照你的要求生成这个视频。\n\n本次使用 **Seedance 2.0 全能视频模型**生成，将消耗 2 个视频生成额度，预计等待 1-3分钟。视频生成好后，我会及时通知你，今日剩余 8 个视频生成额度。","creation_full_content":"[{\"PacketMeta\":{\"Seq\":0,\"NeedInjectPos\":false,\"SaveIgnore\":false,\"PacketType\":\"packet_type_incr\",\"Command\":null},\"PacketValue\":null,\"Ext\":null,\"PacketTxtValue\":\"\",\"BlockInfo\":{\"BlockType\":10000,\"BlockContent\":{\"block_type\":10000,\"block_id\":\"40080475405820674\",\"content\":{\"text_block\":{\"text\":\"我会按照你的要求生成这个视频。\\n\\n本次使用 **Seedance 2.0 全能视频模型**生成，将消耗 2 个视频生成额度，预计等待 1-3分钟。视频生成好后，我会及时通知你，今日剩余 8 个视频生成额度。\"}}},\"BlockContentForTTS\":\"会按照你的要求生成这个视频。\\n\\n本次使用 **Seedance 2.0 全能视频模型**生成，将消耗 2 个视频生成额度，预计等待 1-3分钟。视频生成好后，我会及时通知你，今日剩余 8 个视频生成额度。\",\"BlockMeta\":{\"block_id\":\"40080475405820674\",\"parent_block_id\":\"\",\"is_finish\":false}},\"NeedRefreshFullBlock\":false,\"StreamID\":\"\",\"MsgID\":\"\"}]"}}}]}


[REGEX MATCH FAIL] This chunk contains no ID
[FEEDING PARSER]...
[RAW CHUNK RECEIVED] len=34, content=id: 25
event: SSE_REPLY_END
data: 
[REGEX MATCH FAIL] This chunk contains no ID
[FEEDING PARSER]...
[RAW CHUNK RECEIVED] len=295, content={"end_type":1,"msg_finish_attr":{"msgid":"45416991490044930","badge_count":2,"read_badge_count":1,"read_conv_version":1779249521811079,"pre_read_conv_version":1779249521811079,"brief":"我会按照你的要求生成这个视频。\n\n本次使用 **Seedance 2.0 全能视频模型**生成，将消耗 2 个视频生成额度，预计等待 1-3分钟。视频生成好后，我会及时通知你，今日剩余 8 个视频生成额度。"}}


[REGEX MATCH FAIL] This chunk contains no ID
[FEEDING PARSER]...
[RAW CHUNK RECEIVED] len=92, content=id: 26
event: SSE_REPLY_END
data: {"end_type":2,"answer_finish_attr":{"has_suggest":true}}


[REGEX MATCH FAIL] This chunk contains no ID
[FEEDING PARSER]...
[RAW CHUNK RECEIVED] len=50, content=id: 27
event: SSE_REPLY_END
data: {"end_type":3}


[REGEX MATCH FAIL] This chunk contains no ID
[FEEDING PARSER]...
[STREAM CLOSED]
[FINALIZE] Final ID: 38426747527519746, Videos Count: 0


--- [2026-06-03T08:13:25.386Z] NEW STREAM START ---
[RAW CHUNK RECEIVED] len=37, content=id: 0
event: SSE_HEARTBEAT
data: {}


[REGEX MATCH FAIL] This chunk contains no ID
[FEEDING PARSER]...
[RAW CHUNK RECEIVED] len=2200, content=id: 0
event: SSE_ACK
data: {"query_list":[{"question_id":"46554318470829570","local_message_id":"15231c81-5f24-11f1-95d5-eddc45c932c2","message_index":1}],"ack_client_meta":{"conversation_id":"38428996939961602","local_conversation_id":"local_6814895732138520","conversation_type":3,"section_id":"38428996939961858","conversation_info":{"conversation_id":"38428996939961602","conversation_type":3,"creator_id":"3622218132106954","name":"新对话","image":{"image_thumb":{"url":"https://p26-flow-imagex-sign.byteimg.com/ocean-cloud-tos/FileBizType.BIZ_BOT_ICON/bot_0817_06.png~tplv-a9rns2rl98-image-qvalue.png?lk3s=8e244e95&rcl=20260603161322456C84647D3F99D9C651&rrcfp=bf2e6f99&x-expires=1783066402&x-signature=ag3h2thVAxzDUEBzZzmg%2B0UwdNw%3D"},"image_ori":{"url":"https://p26-flow-imagex-sign.byteimg.com/ocean-cloud-tos/FileBizType.BIZ_BOT_ICON/bot_0817_06.png~tplv-a9rns2rl98-image-qvalue.png?lk3s=8e244e95&rcl=20260603161322456C84647D3F99D9C651&rrcfp=bf2e6f99&x-expires=1783066402&x-signature=ag3h2thVAxzDUEBzZzmg%2B0UwdNw%3D"}},"participant_count":2,"human_count":1,"tenant_id":0,"biz_id":0,"status":1,"create_time":1780474402,"update_time":1780474402,"extra":"{\"inner_app_id\":\"497858\",\"inner_cluster\":\"default\",\"inner_did\":\"7698710361581032224\",\"inner_env\":\"prod\",\"inner_flow_app_variant\":\"doubao\",\"inner_is_tour\":\"false\",\"inner_log_id\":\"20260603161322456C84647D3F99D9C651\",\"inner_pc_version\":\"2.44.0\",\"inner_platform\":\"web\",\"inner_real_app_id\":\"497858\",\"inner_samantha_web\":\"true\",\"inner_tea_uuid\":\"7622636711847140531\",\"inner_tt_wid\":\"7637957343552865832\",\"inner_user_ip\":\"203.132.36.43\",\"inner_version_name\":\"\",\"local_conversation_id\":\"local_6814895732138520\",\"log_id\":\"20260603161322456C84647D3F99D9C651\",\"reply_mode\":\"0\"}","msg_cursor":1,"bot_type":3,"retention_cursor":1,"last_read_index":0,"latest_index":0,"last_section_id":"38428996939961858","review_status":2,"create_scene":0,"create_channel":0,"badge_count":0,"read_badge_count":0,"latest_artifact":1}},"timeout_conf":{"answer_first_pending_time":180000,"packet_interval_time":120000,"max_retry_count":10,"max_retry_duration_ms":3600000,"retry_interval_ms":1000}}


[REGEX MATCH SUCCESS] Found ID: 38428996939961602
[FEEDING PARSER]...
[RAW CHUNK RECEIVED] len=7186, content=id: 1
event: FULL_MSG_NOTIFY
data: {"message":{"conversation_id":"38428996939961602","message_id":"46554318470829570","message_body_version":1,"sender_id":"3622218132106954","user_type":1,"content_type":9999,"content":"[{\"block_type\":10052,\"block_id\":\"1522f572-5f24-11f1-95d5-eddc45c932c2\",\"content\":{\"attachment_block\":{\"attachments\":[{\"type\":1,\"identifier\":\"1522f570-5f24-11f1-95d5-eddc45c932c2\",\"image\":{\"uri\":\"tos-cn-i-a9rns2rl98/07e0947c36c246559f676983f650e63e.png\",\"image_ori\":{\"url\":\"https://p6-flow-imagex-sign.byteimg.com/tos-cn-i-a9rns2rl98/07e0947c36c246559f676983f650e63e.png~tplv-a9rns2rl98-24:720:720.jpeg?lk3s=8e244e95&rcl=20260603161322456C84647D3F99D9C651&rrcfp=d52e923b&x-expires=1781079202&x-signature=gjxhR%2B4pKDO0PxFHg5bc%2BKMz9xI%3D\",\"width\":1340,\"height\":723},\"name\":\"07e0947c36c246559f676983f650e63e.png\"},\"review_state\":1,\"progress\":100,\"upload_status\":1},{\"type\":1,\"identifier\":\"1522f571-5f24-11f1-95d5-eddc45c932c2\",\"image\":{\"uri\":\"tos-cn-i-a9rns2rl98/fac9ea49c9314160b83811229d5f34bd.png\",\"image_ori\":{\"url\":\"https://p11-flow-imagex-sign.byteimg.com/tos-cn-i-a9rns2rl98/fac9ea49c9314160b83811229d5f34bd.png~tplv-a9rns2rl98-24:720:720.jpeg?lk3s=8e244e95&rcl=20260603161322456C84647D3F99D9C651&rrcfp=d52e923b&x-expires=1781079202&x-signature=xv4piZRm%2F54sqQpOz%2BvYlkWk5Qs%3D\",\"width\":650,\"height\":859},\"name\":\"fac9ea49c9314160b83811229d5f34bd.png\"},\"review_state\":1,\"progress\":100,\"upload_status\":1}]}}},{\"block_type\":10000,\"block_id\":\"15231c80-5f24-11f1-95d5-eddc45c932c2\",\"content\":{\"text_block\":{\"text\":\"帮我生成视频：比例 「16:9」将图1换成图2得衣服。 做一个再加的模特走秀展示服装\"}}}]","index_in_conv":1,"create_time":1780474402,"biz_content_type":"flow_nested","sec_sender":"MS4wLjABAAAAWjkzt1wrx9Pq78qF-_AMDBykQVQ6G6lZof6iBP3VebAliqYEhy8ho7FaH31WPI0U","content_block":[{"block_type":10052,"block_id":"1522f572-5f24-11f1-95d5-eddc45c932c2","content":{"attachment_block":{"attachments":[{"type":1,"identifier":"1522f570-5f24-11f1-95d5-eddc45c932c2","image":{"uri":"tos-cn-i-a9rns2rl98/07e0947c36c246559f676983f650e63e.png","image_thumb":{"url":"https://p3-flow-imagex-sign.byteimg.com/tos-cn-i-a9rns2rl98/07e0947c36c246559f676983f650e63e.png~tplv-a9rns2rl98-image.png?lk3s=8e244e95&rcl=20260603161322456C84647D3F99D9C651&rrcfp=dafada99&x-expires=2096698402&x-signature=jdNRo4OK%2Fzr76A3HS%2BRrmOqu%2FLY%3D"},"image_ori":{"url":"https://p11-flow-imagex-sign.byteimg.com/tos-cn-i-a9rns2rl98/07e0947c36c246559f676983f650e63e.png~tplv-a9rns2rl98-image.png?lk3s=8e244e95&rcl=20260603161322456C84647D3F99D9C651&rrcfp=dafada99&x-expires=2096698402&x-signature=5nsUICftnefOnmWYSKEhogJ3dvo%3D","width":1340,"height":723},"image_preview":{"url":"https://p11-flow-imagex-sign.byteimg.com/tos-cn-i-a9rns2rl98/07e0947c36c246559f676983f650e63e.png~tplv-a9rns2rl98-image.png?lk3s=8e244e95&rcl=20260603161322456C84647D3F99D9C651&rrcfp=dafada99&x-expires=2096698402&x-signature=5nsUICftnefOnmWYSKEhogJ3dvo%3D"},"name":"07e0947c36c246559f676983f650e63e.png"},"review_state":1,"progress":100,"upload_status":1},{"type":1,"identifier":"1522f571-5f24-11f1-95d5-eddc45c932c2","image":{"uri":"tos-cn-i-a9rns2rl98/fac9ea49c9314160b83811229d5f34bd.png","image_thumb":{"url":"https://p26-flow-imagex-sign.byteimg.com/tos-cn-i-a9rns2rl98/fac9ea49c9314160b83811229d5f34bd.png~tplv-a9rns2rl98-image.png?lk3s=8e244e95&rcl=20260603161322456C84647D3F99D9C651&rrcfp=dafada99&x-expires=2096698402&x-signature=733QE5S36F8YojrZElWHU3aaDZI%3D"},"image_ori":{"url":"https://p3-flow-imagex-sign.byteimg.com/tos-cn-i-a9rns2rl98/fac9ea49c9314160b83811229d5f34bd.png~tplv-a9rns2rl98-image.png?lk3s=8e244e95&rcl=20260603161322456C84647D3F99D9C651&rrcfp=dafada99&x-expires=2096698402&x-signature=zlrbPO6o3dE0aW055WZqisdyxZ4%3D","width":650,"height":859},"image_preview":{"url":"https://p3-flow-imagex-sign.byteimg.com/tos-cn-i-a9rns2rl98/fac9ea49c9314160b83811229d5f34bd.png~tplv-a9rns2rl98-image.png?lk3s=8e244e95&rcl=20260603161322456C84647D3F99D9C651&rrcfp=dafada99&x-expires=2096698402&x-signature=zlrbPO6o3dE0aW055WZqisdyxZ4%3D"},"name":"fac9ea49c9314160b83811229d5f34bd.png"},"review_state":1,"progress":100,"upload_status":1}]}},"is_finish":false},{"block_type":10000,"block_id":"15231c80-5f24-11f1-95d5-eddc45c932c2","content":{"text_block":{"text":"帮我生成视频：比例 「16:9」将图1换成图2得衣服。 做一个再加的模特走秀展示服装"}},"is_finish":false}],"tts_content":"","update_time":1780474402,"ext":{"speaker_id":"zh_female_wenroutaozi_uranus_bigtts","attachment_scene":"4","update_version_code":"0","conversation_init_option":"{\"need_ack_conversation\":true}","image_attachment_num":"2","inner_did":"7698710361581032224","inner_log_id":"20260603161322456C84647D3F99D9C651","inner_pc_version":"2.44.0","inner_real_app_id":"497858","bot_id":"7338286299411103781","inner_terminal_app_id":"497858","inner_env":"prod","inner_flow_app_variant":"doubao","inner_msg_lang_display_code":"zh","sub_conv_firstmet_type":"1","use_content_block":"1","llm_model_type":"38","user_question_round":"1","chat_id":"46554318470829570","inner_region":"CN","client_report_scene":"gui","message_from":"InputBox","biz_content_type":"flow_nested","group":"1780474402","inner_msg_lang_confidence":"1","inner_app_id":"497858","old_content_type":"20","inner_libra_versions":"9681435,16407271,16762144,16822855,16870837,16870879,16870910,16870989,16871014,16876725,16917975,16921305,9427166,15020092,16962881,16336904,10541099,11100283,11100284,12077497,16575585,16590998,16653056,16751185,16797814,16823079,16871484,16871525,16871578,16871603,16871654,16876658,16882636,16905316,16908096,16934034,16951902,16957347,16963975,16964324,16969209,16972279,11958164,12628471,13349017,14207348,14432780,14438036,14464960,15106043,15373303,16800683,16819984,16827665,16881348,16884297,16888352,16966208,16968354,16969459,16991331","inner_msg_lang_code":"zh","chat_next":"1","is_image_related":"1","chat_history_count":"0","section_tag_1h":"38428996939961858_2026060316","pre_read_conv_version":"1780474402518224","is_ai_playground":"false","inner_version_name":"","inner_tt_wid":"7637957343552865832","bot_source":"BotStudio","inner_samantha_web":"true","cot_switch":"0","inner_msg_lang_exemption":"false","search_engine_type":"4","inner_platform":"web","commerce_credit_config_enable":"0","input_skill":"{\"skill_id\":\"17\",\"skill_type\":17}","collection_id":"","msg_update_time_ms":"1780474402543","is_membership":"0","inner_cluster":"default","inner_user_ip":"203.132.36.43","answer_with_suggest":"0","model_type":"38","inner_is_dola_agent_hub":"0","memory_reflect":"1","fp":"7622636711847140531","ugc_voice_id":"104","chat_ability":"{\"ability_type\":17,\"ability_param\":\"{\\\"ratio\\\":\\\"16:9\\\"}\"}","has_nested_image":"1","inner_is_tour":"false","inner_tea_uuid":"7622636711847140531","reply_unique_key":"15231c82-5f24-11f1-95d5-eddc45c932c2","inner_bot_id":"0","read_conv_version":"1780474402518224"},"local_message_id":"15231c81-5f24-11f1-95d5-eddc45c932c2","section_id":"38428996939961858","bot_reply_message_id":"0","fetch_token":"46554318470829570"},"message_attr":{"badge_count":1,"read_badge_count":1,"read_conv_version":1780474402518224,"pre_read_conv_version":1780474402518224}}


[REGEX MATCH SUCCESS] Found ID: 38428996939961602
[FEEDING PARSER]...
[RAW CHUNK RECEIVED] len=3255, content=id: 3
event: STREAM_MSG_NOTIFY
data: {"content":{"content_block":[{"block_type":10000,"block_id":"40088612577187330","content":{"text_block":{"text":"这"}},"is_finish":false,"patch_type":1}],"content_status":100,"ext":{"attachment_scene":"4","auto_create_creation":"1","inner_flow_app_variant":"doubao","inner_libra_versions":"9681435,16407271,16762144,16822855,16870837,16870879,16870910,16870989,16871014,16876725,16917975,16921305,9427166,15020092,16962881,16336904,10541099,11100283,11100284,12077497,16575585,16590998,16653056,16751185,16797814,16823079,16871484,16871525,16871578,16871603,16871654,16876658,16882636,16905316,16908096,16934034,16951902,16957347,16963975,16964324,16969209,16972279,11958164,12628471,13349017,14207348,14432780,14438036,14464960,15106043,15373303,16800683,16819984,16827665,16881348,16884297,16888352,16966208,16968354,16969459,16991331","inner_msg_lang_exemption":"false","use_content_block":"1","use_creation":"1","inner_app_id":"497858","inner_log_id":"20260603161322456C84647D3F99D9C651","is_image_related":"1","inner_cluster":"default","llm_model_type":"38","model_id":"38","regen_no_replace":"1","section_tag_1h":"38428996939961858_2026060316","inner_is_dola_agent_hub":"0","review_scenario_id":"4085066754","ai_create_show_mode":"mixed","inner_tt_wid":"7637957343552865832","is_pre_moderation":"1","old_content_type":"9999","ai_creation_layout_type":"mixed","ai_creation_show_mode":"mixed","chat_id":"46554318470829570","inner_msg_lang_confidence":"1","inner_version_name":"","model_type":"38","reply_unique_key":"15231c82-5f24-11f1-95d5-eddc45c932c2","tts":"","gen_msg_id":"46550417108691714","cot_switch":"0","inner_msg_lang_code":"zh","is_membership":"0","type_writer_spring_config":"{\"flow_stream_acceleration\": 0,\"flow_stream_default_interval\": 35}","agent_id":"7416550974343069696","inner_did":"7698710361581032224","bot_state":"{\"bot_id\":\"7338286299411103781\",\"bot_name\":\"豆包\",\"agent_name\":\"Agent-Text2Image\",\"agent_id\":\"7416550974343069696\"}","input_skill":"{\"skill_id\":\"17\",\"skill_type\":17}","need_deep_think":"0","agent_name":"Agent-Text2Image","image_attachment_num":"2","inner_msg_lang_display_code":"zh","inner_real_app_id":"497858","inner_region":"CN","inner_user_ip":"203.132.36.43","update_version_code":"0","auto_create_creation_asset":"0","chat_next":"1","inner_env":"prod","chat_history_count":"0","inner_platform":"web","review_biz_type":"1","before_content_type":"9999","client_report_scene":"gui","inner_is_tour":"false","inner_pc_version":"2.44.0","inner_samantha_web":"true","inner_tea_uuid":"7622636711847140531","user_question_round":"1","tea_tags_time_cost":"{\"ack_cost_time\":\"206\",\"first_packet_cost_time\":\"4644\"}","chat_ability":"{\"ability_type\":17,\"ability_param\":\"{\\\"ratio\\\":\\\"16:9\\\"}\"}","memory_reflect":"1"},"content_type":9999,"model_content":"这","tts_content":"这"},"meta":{"message_id":"46550417108691714","conversation_id":"38428996939961602","section_id":"38428996939961858","sender_id":"7338286299411103781","user_type":2,"create_time":1780474406,"index_in_conv":2,"bot_reply_message_id":"46554318470829570","local_conversation_id":"local_6814895732138520"},"attr":{"reply_unique_key":"15231c82-5f24-11f1-95d5-eddc45c932c2"}}


[REGEX MATCH SUCCESS] Found ID: 38428996939961602
[FEEDING PARSER]...
[RAW CHUNK RECEIVED] len=272, content=id: 4
event: STREAM_CHUNK
data: {"message_id":"46550417108691714","patch_op":[{"patch_object":1,"patch_type":1,"patch_value":{"content_block":[{"block_type":10000,"block_id":"40088612577187330","content":{"text_block":{"text":"就"}},"is_finish":false,"patch_type":1}]}}]}


[REGEX MATCH FAIL] This chunk contains no ID
[FEEDING PARSER]...
[RAW CHUNK RECEIVED] len=151, content=id: 5
event: STREAM_CHUNK
data: {"message_id":"46550417108691714","patch_op":[{"patch_object":111,"patch_type":1,"patch_value":{"tts_content":"就"}}]}


[REGEX MATCH FAIL] This chunk contains no ID
[FEEDING PARSER]...
[RAW CHUNK RECEIVED] len=272, content=id: 6
event: STREAM_CHUNK
data: {"message_id":"46550417108691714","patch_op":[{"patch_object":1,"patch_type":1,"patch_value":{"content_block":[{"block_type":10000,"block_id":"40088612577187330","content":{"text_block":{"text":"为"}},"is_finish":false,"patch_type":1}]}}]}


[REGEX MATCH FAIL] This chunk contains no ID
[FEEDING PARSER]...
[RAW CHUNK RECEIVED] len=151, content=id: 7
event: STREAM_CHUNK
data: {"message_id":"46550417108691714","patch_op":[{"patch_object":111,"patch_type":1,"patch_value":{"tts_content":"为"}}]}


[REGEX MATCH FAIL] This chunk contains no ID
[FEEDING PARSER]...
[RAW CHUNK RECEIVED] len=272, content=id: 8
event: STREAM_CHUNK
data: {"message_id":"46550417108691714","patch_op":[{"patch_object":1,"patch_type":1,"patch_value":{"content_block":[{"block_type":10000,"block_id":"40088612577187330","content":{"text_block":{"text":"您"}},"is_finish":false,"patch_type":1}]}}]}


[REGEX MATCH FAIL] This chunk contains no ID
[FEEDING PARSER]...
[RAW CHUNK RECEIVED] len=151, content=id: 9
event: STREAM_CHUNK
data: {"message_id":"46550417108691714","patch_op":[{"patch_object":111,"patch_type":1,"patch_value":{"tts_content":"您"}}]}


[REGEX MATCH FAIL] This chunk contains no ID
[FEEDING PARSER]...
[RAW CHUNK RECEIVED] len=274, content=id: 10
event: STREAM_CHUNK
data: {"message_id":"46550417108691714","patch_op":[{"patch_object":1,"patch_type":1,"patch_value":{"content_block":[{"block_type":10000,"block_id":"40088612577187330","content":{"text_block":{"text":"生成"}},"is_finish":false,"patch_type":1}]}}]}


[REGEX MATCH FAIL] This chunk contains no ID
[FEEDING PARSER]...
[RAW CHUNK RECEIVED] len=153, content=id: 11
event: STREAM_CHUNK
data: {"message_id":"46550417108691714","patch_op":[{"patch_object":111,"patch_type":1,"patch_value":{"tts_content":"生成"}}]}


[REGEX MATCH FAIL] This chunk contains no ID
[FEEDING PARSER]...
[RAW CHUNK RECEIVED] len=274, content=id: 12
event: STREAM_CHUNK
data: {"message_id":"46550417108691714","patch_op":[{"patch_object":1,"patch_type":1,"patch_value":{"content_block":[{"block_type":10000,"block_id":"40088612577187330","content":{"text_block":{"text":"一个"}},"is_finish":false,"patch_type":1}]}}]}


[REGEX MATCH FAIL] This chunk contains no ID
[FEEDING PARSER]...
[RAW CHUNK RECEIVED] len=27, content=id: 13
event: STREAM_CHUNK

[REGEX MATCH FAIL] This chunk contains no ID
[FEEDING PARSER]...
[RAW CHUNK RECEIVED] len=289, content=data: {"message_id":"46550417108691714","patch_op":[{"patch_object":111,"patch_type":1,"patch_value":{"tts_content":"一个"}}]}

id: 14
event: STREAM_CHUNK
data: {"message_id":"46550417108691714","patch_op":[{"patch_object":1,"patch_type":1,"patch_value":{"content_block":[{"block_type":10000
[REGEX MATCH FAIL] This chunk contains no ID
[FEEDING PARSER]...
[RAW CHUNK RECEIVED] len=689, content=,"block_id":"40088612577187330","content":{"text_block":{"text":"模特"}},"is_finish":false,"patch_type":1}]}}]}

id: 15
event: STREAM_CHUNK
data: {"message_id":"46550417108691714","patch_op":[{"patch_object":111,"patch_type":1,"patch_value":{"tts_content":"模特"}}]}

id: 16
event: STREAM_CHUNK
data: {"message_id":"46550417108691714","patch_op":[{"patch_object":1,"patch_type":1,"patch_value":{"content_block":[{"block_type":10000,"block_id":"40088612577187330","content":{"text_block":{"text":"走"}},"is_finish":false,"patch_type":1}]}}]}

id: 17
event: STREAM_CHUNK
data: {"message_id":"46550417108691714","patch_op":[{"patch_object":111,"patch_type":1,"patch_value":{"tts_content":"走"}}]}


[REGEX MATCH FAIL] This chunk contains no ID
[FEEDING PARSER]...
[RAW CHUNK RECEIVED] len=425, content=id: 18
event: STREAM_CHUNK
data: {"message_id":"46550417108691714","patch_op":[{"patch_object":1,"patch_type":1,"patch_value":{"content_block":[{"block_type":10000,"block_id":"40088612577187330","content":{"text_block":{"text":"秀"}},"is_finish":false,"patch_type":1}]}}]}

id: 19
event: STREAM_CHUNK
data: {"message_id":"46550417108691714","patch_op":[{"patch_object":111,"patch_type":1,"patch_value":{"tts_content":"秀"}}]}


[REGEX MATCH FAIL] This chunk contains no ID
[FEEDING PARSER]...
[RAW CHUNK RECEIVED] len=699, content=id: 20
event: STREAM_CHUNK
data: {"message_id":"46550417108691714","patch_op":[{"patch_object":1,"patch_type":1,"patch_value":{"content_block":[{"block_type":10000,"block_id":"40088612577187330","content":{"text_block":{"text":"的"}},"is_finish":false,"patch_type":1}]}}]}

id: 21
event: STREAM_CHUNK
data: {"message_id":"46550417108691714","patch_op":[{"patch_object":111,"patch_type":1,"patch_value":{"tts_content":"的"}}]}

id: 22
event: STREAM_CHUNK
data: {"message_id":"46550417108691714","patch_op":[{"patch_object":1,"patch_type":1,"patch_value":{"content_block":[{"block_type":10000,"block_id":"40088612577187330","content":{"text_block":{"text":"视频"}},"is_finish":false,"patch_type":1}]}}]}


[REGEX MATCH FAIL] This chunk contains no ID
[FEEDING PARSER]...
[RAW CHUNK RECEIVED] len=1005, content=id: 23
event: STREAM_CHUNK
data: {"message_id":"46550417108691714","patch_op":[{"patch_object":111,"patch_type":1,"patch_value":{"tts_content":"视频"}}]}

id: 24
event: STREAM_CHUNK
data: {"message_id":"46550417108691714","patch_op":[{"patch_object":1,"patch_type":1,"patch_value":{"content_block":[{"block_type":10000,"block_id":"40088612577187330","content":{"text_block":{"text":"，"}},"is_finish":false,"patch_type":1}]}}]}

id: 25
event: STREAM_CHUNK
data: {"message_id":"46550417108691714","patch_op":[{"patch_object":111,"patch_type":1,"patch_value":{"tts_content":"，"}}]}

id: 26
event: STREAM_CHUNK
data: {"message_id":"46550417108691714","patch_op":[{"patch_object":1,"patch_type":1,"patch_value":{"content_block":[{"block_type":10000,"block_id":"40088612577187330","content":{"text_block":{"text":"视频"}},"is_finish":false,"patch_type":1}]}}]}

id: 27
event: STREAM_CHUNK
data: {"message_id":"46550417108691714","patch_op":[{"patch_object":111,"patch_type":1,"patch_value":{"tts_content":"视频"}}]}


[REGEX MATCH FAIL] This chunk contains no ID
[FEEDING PARSER]...
[RAW CHUNK RECEIVED] len=852, content=id: 28
event: STREAM_CHUNK
data: {"message_id":"46550417108691714","patch_op":[{"patch_object":1,"patch_type":1,"patch_value":{"content_block":[{"block_type":10000,"block_id":"40088612577187330","content":{"text_block":{"text":"中"}},"is_finish":false,"patch_type":1}]}}]}

id: 29
event: STREAM_CHUNK
data: {"message_id":"46550417108691714","patch_op":[{"patch_object":111,"patch_type":1,"patch_value":{"tts_content":"中"}}]}

id: 30
event: STREAM_CHUNK
data: {"message_id":"46550417108691714","patch_op":[{"patch_object":1,"patch_type":1,"patch_value":{"content_block":[{"block_type":10000,"block_id":"40088612577187330","content":{"text_block":{"text":"模特"}},"is_finish":false,"patch_type":1}]}}]}

id: 31
event: STREAM_CHUNK
data: {"message_id":"46550417108691714","patch_op":[{"patch_object":111,"patch_type":1,"patch_value":{"tts_content":"模特"}}]}


[REGEX MATCH FAIL] This chunk contains no ID
[FEEDING PARSER]...
[RAW CHUNK RECEIVED] len=38, content=id: 31
event: SSE_HEARTBEAT
data: {}


[REGEX MATCH FAIL] This chunk contains no ID
[FEEDING PARSER]...
[RAW CHUNK RECEIVED] len=4, content=id: 
[REGEX MATCH FAIL] This chunk contains no ID
[FEEDING PARSER]...
[RAW CHUNK RECEIVED] len=848, content=32
event: STREAM_CHUNK
data: {"message_id":"46550417108691714","patch_op":[{"patch_object":1,"patch_type":1,"patch_value":{"content_block":[{"block_type":10000,"block_id":"40088612577187330","content":{"text_block":{"text":"会"}},"is_finish":false,"patch_type":1}]}}]}

id: 33
event: STREAM_CHUNK
data: {"message_id":"46550417108691714","patch_op":[{"patch_object":111,"patch_type":1,"patch_value":{"tts_content":"会"}}]}

id: 34
event: STREAM_CHUNK
data: {"message_id":"46550417108691714","patch_op":[{"patch_object":1,"patch_type":1,"patch_value":{"content_block":[{"block_type":10000,"block_id":"40088612577187330","content":{"text_block":{"text":"穿着"}},"is_finish":false,"patch_type":1}]}}]}

id: 35
event: STREAM_CHUNK
data: {"message_id":"46550417108691714","patch_op":[{"patch_object":111,"patch_type":1,"patch_value":{"tts_content":"穿着"}}]}


[REGEX MATCH FAIL] This chunk contains no ID
[FEEDING PARSER]...
[RAW CHUNK RECEIVED] len=1125, content=id: 36
event: STREAM_CHUNK
data: {"message_id":"46550417108691714","patch_op":[{"patch_object":1,"patch_type":1,"patch_value":{"content_block":[{"block_type":10000,"block_id":"40088612577187330","content":{"text_block":{"text":"第二"}},"is_finish":false,"patch_type":1}]}}]}

id: 37
event: STREAM_CHUNK
data: {"message_id":"46550417108691714","patch_op":[{"patch_object":111,"patch_type":1,"patch_value":{"tts_content":"第二"}}]}

id: 38
event: STREAM_CHUNK
data: {"message_id":"46550417108691714","patch_op":[{"patch_object":1,"patch_type":1,"patch_value":{"content_block":[{"block_type":10000,"block_id":"40088612577187330","content":{"text_block":{"text":"张"}},"is_finish":false,"patch_type":1}]}}]}

id: 39
event: STREAM_CHUNK
data: {"message_id":"46550417108691714","patch_op":[{"patch_object":111,"patch_type":1,"patch_value":{"tts_content":"张"}}]}

id: 40
event: STREAM_CHUNK
data: {"message_id":"46550417108691714","patch_op":[{"patch_object":1,"patch_type":1,"patch_value":{"content_block":[{"block_type":10000,"block_id":"40088612577187330","content":{"text_block":{"text":"图"}},"is_finish":false,"patch_type":1}]}}]}


[REGEX MATCH FAIL] This chunk contains no ID
[FEEDING PARSER]...
[RAW CHUNK RECEIVED] len=27, content=id: 41
event: STREAM_CHUNK

[REGEX MATCH FAIL] This chunk contains no ID
[FEEDING PARSER]...
[RAW CHUNK RECEIVED] len=979, content=data: {"message_id":"46550417108691714","patch_op":[{"patch_object":111,"patch_type":1,"patch_value":{"tts_content":"图"}}]}

id: 42
event: STREAM_CHUNK
data: {"message_id":"46550417108691714","patch_op":[{"patch_object":1,"patch_type":1,"patch_value":{"content_block":[{"block_type":10000,"block_id":"40088612577187330","content":{"text_block":{"text":"中的"}},"is_finish":false,"patch_type":1}]}}]}

id: 43
event: STREAM_CHUNK
data: {"message_id":"46550417108691714","patch_op":[{"patch_object":111,"patch_type":1,"patch_value":{"tts_content":"中的"}}]}

id: 44
event: STREAM_CHUNK
data: {"message_id":"46550417108691714","patch_op":[{"patch_object":1,"patch_type":1,"patch_value":{"content_block":[{"block_type":10000,"block_id":"40088612577187330","content":{"text_block":{"text":"服装"}},"is_finish":false,"patch_type":1}]}}]}

id: 45
event: STREAM_CHUNK
data: {"message_id":"46550417108691714","patch_op":[{"patch_object":111,"patch_type":1,"patch_value":{"tts_content":"服装"}}]}


[REGEX MATCH FAIL] This chunk contains no ID
[FEEDING PARSER]...
[RAW CHUNK RECEIVED] len=1125, content=id: 46
event: STREAM_CHUNK
data: {"message_id":"46550417108691714","patch_op":[{"patch_object":1,"patch_type":1,"patch_value":{"content_block":[{"block_type":10000,"block_id":"40088612577187330","content":{"text_block":{"text":"，"}},"is_finish":false,"patch_type":1}]}}]}

id: 47
event: STREAM_CHUNK
data: {"message_id":"46550417108691714","patch_op":[{"patch_object":111,"patch_type":1,"patch_value":{"tts_content":"，"}}]}

id: 48
event: STREAM_CHUNK
data: {"message_id":"46550417108691714","patch_op":[{"patch_object":1,"patch_type":1,"patch_value":{"content_block":[{"block_type":10000,"block_id":"40088612577187330","content":{"text_block":{"text":"比例"}},"is_finish":false,"patch_type":1}]}}]}

id: 49
event: STREAM_CHUNK
data: {"message_id":"46550417108691714","patch_op":[{"patch_object":111,"patch_type":1,"patch_value":{"tts_content":"比例"}}]}

id: 50
event: STREAM_CHUNK
data: {"message_id":"46550417108691714","patch_op":[{"patch_object":1,"patch_type":1,"patch_value":{"content_block":[{"block_type":10000,"block_id":"40088612577187330","content":{"text_block":{"text":"为"}},"is_finish":false,"patch_type":1}]}}]}


[REGEX MATCH FAIL] This chunk contains no ID
[FEEDING PARSER]...
[RAW CHUNK RECEIVED] len=14, content=id: 51
event: 
[REGEX MATCH FAIL] This chunk contains no ID
[FEEDING PARSER]...
[RAW CHUNK RECEIVED] len=988, content=STREAM_CHUNK
data: {"message_id":"46550417108691714","patch_op":[{"patch_object":111,"patch_type":1,"patch_value":{"tts_content":"为"}}]}

id: 52
event: STREAM_CHUNK
data: {"message_id":"46550417108691714","patch_op":[{"patch_object":1,"patch_type":1,"patch_value":{"content_block":[{"block_type":10000,"block_id":"40088612577187330","content":{"text_block":{"text":"1"}},"is_finish":false,"patch_type":1}]}}]}

id: 53
event: STREAM_CHUNK
data: {"message_id":"46550417108691714","patch_op":[{"patch_object":111,"patch_type":1,"patch_value":{"tts_content":"1"}}]}

id: 54
event: STREAM_CHUNK
data: {"message_id":"46550417108691714","patch_op":[{"patch_object":1,"patch_type":1,"patch_value":{"content_block":[{"block_type":10000,"block_id":"40088612577187330","content":{"text_block":{"text":"6"}},"is_finish":false,"patch_type":1}]}}]}

id: 55
event: STREAM_CHUNK
data: {"message_id":"46550417108691714","patch_op":[{"patch_object":111,"patch_type":1,"patch_value":{"tts_content":"6"}}]}


[REGEX MATCH FAIL] This chunk contains no ID
[FEEDING PARSER]...
[RAW CHUNK RECEIVED] len=6, content=id: 56
[REGEX MATCH FAIL] This chunk contains no ID
[FEEDING PARSER]...
[RAW CHUNK RECEIVED] len=1118, content=
event: STREAM_CHUNK
data: {"message_id":"46550417108691714","patch_op":[{"patch_object":1,"patch_type":1,"patch_value":{"content_block":[{"block_type":10000,"block_id":"40088612577187330","content":{"text_block":{"text":":"}},"is_finish":false,"patch_type":1}]}}]}

id: 57
event: STREAM_CHUNK
data: {"message_id":"46550417108691714","patch_op":[{"patch_object":111,"patch_type":1,"patch_value":{"tts_content":":"}}]}

id: 58
event: STREAM_CHUNK
data: {"message_id":"46550417108691714","patch_op":[{"patch_object":1,"patch_type":1,"patch_value":{"content_block":[{"block_type":10000,"block_id":"40088612577187330","content":{"text_block":{"text":"9"}},"is_finish":false,"patch_type":1}]}}]}

id: 59
event: STREAM_CHUNK
data: {"message_id":"46550417108691714","patch_op":[{"patch_object":111,"patch_type":1,"patch_value":{"tts_content":"9"}}]}

id: 60
event: STREAM_CHUNK
data: {"message_id":"46550417108691714","patch_op":[{"patch_object":1,"patch_type":1,"patch_value":{"content_block":[{"block_type":10000,"block_id":"40088612577187330","content":{"text_block":{"text":"，请"}},"is_finish":false,"patch_type":1}]}}]}


[REGEX MATCH FAIL] This chunk contains no ID
[FEEDING PARSER]...
[RAW CHUNK RECEIVED] len=1003, content=id: 61
event: STREAM_CHUNK
data: {"message_id":"46550417108691714","patch_op":[{"patch_object":111,"patch_type":1,"patch_value":{"tts_content":"，请"}}]}

id: 62
event: STREAM_CHUNK
data: {"message_id":"46550417108691714","patch_op":[{"patch_object":1,"patch_type":1,"patch_value":{"content_block":[{"block_type":10000,"block_id":"40088612577187330","content":{"text_block":{"text":"稍"}},"is_finish":false,"patch_type":1}]}}]}

id: 63
event: STREAM_CHUNK
data: {"message_id":"46550417108691714","patch_op":[{"patch_object":111,"patch_type":1,"patch_value":{"tts_content":"稍"}}]}

id: 64
event: STREAM_CHUNK
data: {"message_id":"46550417108691714","patch_op":[{"patch_object":1,"patch_type":1,"patch_value":{"content_block":[{"block_type":10000,"block_id":"40088612577187330","content":{"text_block":{"text":"等"}},"is_finish":false,"patch_type":1}]}}]}

id: 65
event: STREAM_CHUNK
data: {"message_id":"46550417108691714","patch_op":[{"patch_object":111,"patch_type":1,"patch_value":{"tts_content":"等"}}]}


[REGEX MATCH FAIL] This chunk contains no ID
[FEEDING PARSER]...
[RAW CHUNK RECEIVED] len=1342, content=id: 66
event: STREAM_CHUNK
data: {"message_id":"46550417108691714","patch_op":[{"patch_object":1,"patch_type":1,"patch_value":{"content_block":[{"block_type":10000,"block_id":"40088612577187330","content":{"text_block":{"text":"。"}},"is_finish":false,"patch_type":1}]}}]}

id: 67
event: STREAM_CHUNK
data: {"message_id":"46550417108691714","patch_op":[{"patch_object":111,"patch_type":1,"patch_value":{"tts_content":"。"}}]}

id: 68
event: STREAM_CHUNK
data: {"message_id":"46550417108691714","patch_op":[{"patch_object":1,"patch_type":1,"patch_value":{"content_block":[{"block_type":10000,"block_id":"40088612577187330","content":{"text_block":{"text":"\n\n"}},"is_finish":false,"patch_type":1}]}}]}

id: 69
event: STREAM_CHUNK
data: {"message_id":"46550417108691714","patch_op":[{"patch_object":111,"patch_type":1,"patch_value":{"tts_content":"\n\n"}}]}

id: 70
event: STREAM_CHUNK
data: {"message_id":"46550417108691714","patch_op":[{"patch_object":1,"patch_type":1,"patch_value":{"content_block":[{"block_type":10000,"block_id":"40088612577187330","content":{"text_block":{"text":"本次使用 **Seedance 2.0 全能视频模型**生成，将消耗 2 个视频生成额度，预计等待 1-3分钟。视频生成好后，我会及时通知你，今日剩余 8 个视频生成额度。"}},"is_finish":false,"patch_type":1}]}},{"patch_object":50,"patch_type":1,"patch_value":{"ext":{"has_video_gen":"1","text2image_text_finish":"1","disable_regen":"1"}}}]}


[REGEX MATCH FAIL] This chunk contains no ID
[FEEDING PARSER]...
[RAW CHUNK RECEIVED] len=2403, content=id: 71
event: STREAM_CHUNK
data: {"message_id":"46550417108691714","patch_op":[{"patch_object":111,"patch_type":1,"patch_value":{"tts_content":"本次使用 **Seedance 2.0 全能视频模型**生成，将消耗 2 个视频生成额度，预计等待 1-3分钟。视频生成好后，我会及时通知你，今日剩余 8 个视频生成额度。"}}]}

id: 72
event: STREAM_CHUNK
data: {"message_id":"46550417108691714","patch_op":[{"patch_object":3,"patch_type":2,"patch_value":{}},{"patch_object":1,"patch_type":2,"patch_value":{"content_block":[{"block_type":10000,"block_id":"40096144215101186","content":{"text_block":{"text":"抱歉，由于版权相关限制，暂时无法创作对应的内容，换其他主题试试吧。"}},"is_finish":true,"patch_type":1}]}},{"patch_object":50,"patch_type":1,"patch_value":{"ext":{"ai_creation_res_code":"710082032","disable_action_view":"true","is_finish":"1","agent_context":"null","ai_creation_show_mode":"text","include_creation_material":"0","x_aiplugin_extra_info":"{\"response_starling_key\":\"\",\"risk_operation\":\"[\\\"3\\\"]\",\"risk_starling_key\":\"\"}","ai_creation_tool_list":"[{\"task_id\":46550417108761858,\"tool_name\":\"ai_creation\",\"req_key\":\"\",\"task_type\":6,\"index\":0,\"status\":5,\"tool_name_list\":null,\"dispatcher_agent\":\"\",\"based_task_id_list\":null,\"agent_version\":\"agent_30\",\"is_multi_round\":false,\"fail_code\":710082032,\"cache\":0,\"based_message_id_list\":null}]","brief":"抱歉，由于版权相关限制，暂时无法创作对应的内容，换其他主题试试吧。","creation_material_info":"","ai_create_show_mode":"text","ai_creation_duration_info":"[{\"type\":1,\"task_id\":\"\",\"duration_info\":[{\"step_name\":\"pre\",\"duration\":111},{\"step_name\":\"pre_prompt_review\",\"duration\":122},{\"step_name\":\"pre_prompt_attachment_review\",\"duration\":2218},{\"step_name\":\"rag\",\"duration\":0},{\"step_name\":\"plan\",\"duration\":3354},{\"step_name\":\"fc\",\"duration\":2325},{\"step_name\":\"simple_task\",\"duration\":0},{\"step_name\":\"total\",\"duration\":8837}],\"error_code\":1}]","ai_creation_fallback_retry":"false","creation_full_content":"","intention":"agent_creation"}}}]}

id: 73
event: STREAM_CHUNK
data: {"message_id":"46550417108691714","patch_op":[{"patch_object":111,"patch_type":2,"patch_value":{"tts_content":"抱歉，由于版权相关限制，暂时无法创作对应的内容，换其他主题试试吧。"}}]}

id: 74
event: STREAM_CHUNK
data: {"message_id":"46550417108691714","patch_op":[{"patch_object":1,"patch_type":1,"patch_value":{"content_block":[{"block_type":10000,"block_id":"40088612577187330","content":{"text_block":{}},"is_finish":true,"patch_type":1}]}}]}


[REGEX MATCH FAIL] This chunk contains no ID
[FEEDING PARSER]...
[RAW CHUNK RECEIVED] len=257, content=id: 75
event: SSE_REPLY_END
data: {"end_type":1,"msg_finish_attr":{"msgid":"46550417108691714","badge_count":2,"read_badge_count":1,"read_conv_version":1780474406934837,"pre_read_conv_version":1780474406934837,"brief":"抱歉，由于版权相关限制，暂时无法创作对应的内容，换其他主题试试吧。"}}


[REGEX MATCH FAIL] This chunk contains no ID
[FEEDING PARSER]...
[RAW CHUNK RECEIVED] len=38, content=id: 75
event: SSE_HEARTBEAT
data: {}


[REGEX MATCH FAIL] This chunk contains no ID
[FEEDING PARSER]...
[RAW CHUNK RECEIVED] len=93, content=id: 77
event: SSE_REPLY_END
data: {"end_type":2,"answer_finish_attr":{"has_suggest":false}}


[REGEX MATCH FAIL] This chunk contains no ID
[FEEDING PARSER]...
[RAW CHUNK RECEIVED] len=34, content=id: 78
event: SSE_REPLY_END
data: 
[REGEX MATCH FAIL] This chunk contains no ID
[FEEDING PARSER]...
[RAW CHUNK RECEIVED] len=16, content={"end_type":3}


[REGEX MATCH FAIL] This chunk contains no ID
[FEEDING PARSER]...
[RAW CHUNK RECEIVED] len=50, content=id: 79
event: SSE_REPLY_END
data: {"end_type":3}


[REGEX MATCH FAIL] This chunk contains no ID
[FEEDING PARSER]...
[STREAM CLOSED]
[FINALIZE] Final ID: 38428996939961602, Videos Count: 0


--- [2026-06-03T08:18:14.833Z] NEW STREAM START ---
[RAW CHUNK RECEIVED] len=37, content=id: 0
event: SSE_HEARTBEAT
data: {}


[REGEX MATCH FAIL] This chunk contains no ID
[FEEDING PARSER]...
[RAW CHUNK RECEIVED] len=2197, content=id: 0
event: SSE_ACK
data: {"query_list":[{"question_id":"46549537288166914","local_message_id":"c10752a3-5f24-11f1-bbf1-ad9844d310fd","message_index":1}],"ack_client_meta":{"conversation_id":"38428548798268162","local_conversation_id":"local_1056748828001904","conversation_type":3,"section_id":"38428548798268418","conversation_info":{"conversation_id":"38428548798268162","conversation_type":3,"creator_id":"3622218132106954","name":"新对话","image":{"image_thumb":{"url":"https://p26-flow-imagex-sign.byteimg.com/ocean-cloud-tos/FileBizType.BIZ_BOT_ICON/bot_0817_06.png~tplv-a9rns2rl98-image-qvalue.png?lk3s=8e244e95&rcl=202606031618109EB8800F92C216FCB39B&rrcfp=bf2e6f99&x-expires=1783066690&x-signature=WOevcDvxpVqpkBsXByNT8NcodUo%3D"},"image_ori":{"url":"https://p26-flow-imagex-sign.byteimg.com/ocean-cloud-tos/FileBizType.BIZ_BOT_ICON/bot_0817_06.png~tplv-a9rns2rl98-image-qvalue.png?lk3s=8e244e95&rcl=202606031618109EB8800F92C216FCB39B&rrcfp=bf2e6f99&x-expires=1783066690&x-signature=WOevcDvxpVqpkBsXByNT8NcodUo%3D"}},"participant_count":2,"human_count":1,"tenant_id":0,"biz_id":0,"status":1,"create_time":1780474690,"update_time":1780474690,"extra":"{\"inner_app_id\":\"497858\",\"inner_cluster\":\"default\",\"inner_did\":\"7698710361581032224\",\"inner_env\":\"prod\",\"inner_flow_app_variant\":\"doubao\",\"inner_is_tour\":\"false\",\"inner_log_id\":\"202606031618109EB8800F92C216FCB39B\",\"inner_pc_version\":\"2.44.0\",\"inner_platform\":\"web\",\"inner_real_app_id\":\"497858\",\"inner_samantha_web\":\"true\",\"inner_tea_uuid\":\"7622636711847140531\",\"inner_tt_wid\":\"7637957343552865832\",\"inner_user_ip\":\"203.132.40.163\",\"inner_version_name\":\"\",\"local_conversation_id\":\"local_1056748828001904\",\"log_id\":\"202606031618109EB8800F92C216FCB39B\",\"reply_mode\":\"0\"}","msg_cursor":1,"bot_type":3,"retention_cursor":1,"last_read_index":0,"latest_index":0,"last_section_id":"38428548798268418","review_status":2,"create_scene":0,"create_channel":0,"badge_count":0,"read_badge_count":0,"latest_artifact":1}},"timeout_conf":{"answer_first_pending_time":180000,"packet_interval_time":120000,"max_retry_count":10,"max_retry_duration_ms":3600000,"retry_interval_ms":1000}}


[REGEX MATCH SUCCESS] Found ID: 38428548798268162
[FEEDING PARSER]...
[RAW CHUNK RECEIVED] len=7185, content=id: 1
event: FULL_MSG_NOTIFY
data: {"message":{"conversation_id":"38428548798268162","message_id":"46549537288166914","message_body_version":1,"sender_id":"3622218132106954","user_type":1,"content_type":9999,"content":"[{\"block_type\":10052,\"block_id\":\"c10752a1-5f24-11f1-bbf1-ad9844d310fd\",\"content\":{\"attachment_block\":{\"attachments\":[{\"type\":1,\"identifier\":\"c1072b90-5f24-11f1-bbf1-ad9844d310fd\",\"image\":{\"uri\":\"tos-cn-i-a9rns2rl98/d233821b054c4276a36e0c678d4b160d.png\",\"image_ori\":{\"url\":\"https://p11-flow-imagex-sign.byteimg.com/tos-cn-i-a9rns2rl98/d233821b054c4276a36e0c678d4b160d.png~tplv-a9rns2rl98-24:720:720.jpeg?lk3s=8e244e95&rcl=202606031618109EB8800F92C216FCB39B&rrcfp=d52e923b&x-expires=1781079490&x-signature=RDBK026XUohg2ZH6SFzznwbPAys%3D\",\"width\":1340,\"height\":723},\"name\":\"d233821b054c4276a36e0c678d4b160d.png\"},\"review_state\":1,\"progress\":100,\"upload_status\":1},{\"type\":1,\"identifier\":\"c10752a0-5f24-11f1-bbf1-ad9844d310fd\",\"image\":{\"uri\":\"tos-cn-i-a9rns2rl98/d3ddd423b8a549b98b94010ad051a0d6.png\",\"image_ori\":{\"url\":\"https://p3-flow-imagex-sign.byteimg.com/tos-cn-i-a9rns2rl98/d3ddd423b8a549b98b94010ad051a0d6.png~tplv-a9rns2rl98-24:720:720.jpeg?lk3s=8e244e95&rcl=202606031618109EB8800F92C216FCB39B&rrcfp=d52e923b&x-expires=1781079490&x-signature=RyleZMV24Nr%2F2okHLzLo%2F2arxMI%3D\",\"width\":650,\"height\":859},\"name\":\"d3ddd423b8a549b98b94010ad051a0d6.png\"},\"review_state\":1,\"progress\":100,\"upload_status\":1}]}}},{\"block_type\":10000,\"block_id\":\"c10752a2-5f24-11f1-bbf1-ad9844d310fd\",\"content\":{\"text_block\":{\"text\":\"帮我生成视频：比例 「16:9」将图1换成图2得衣服。 做一个再加的模特走秀展示服装\"}}}]","index_in_conv":1,"create_time":1780474690,"biz_content_type":"flow_nested","sec_sender":"MS4wLjABAAAAWjkzt1wrx9Pq78qF-_AMDBykQVQ6G6lZof6iBP3VebAliqYEhy8ho7FaH31WPI0U","content_block":[{"block_type":10052,"block_id":"c10752a1-5f24-11f1-bbf1-ad9844d310fd","content":{"attachment_block":{"attachments":[{"type":1,"identifier":"c1072b90-5f24-11f1-bbf1-ad9844d310fd","image":{"uri":"tos-cn-i-a9rns2rl98/d233821b054c4276a36e0c678d4b160d.png","image_thumb":{"url":"https://p11-flow-imagex-sign.byteimg.com/tos-cn-i-a9rns2rl98/d233821b054c4276a36e0c678d4b160d.png~tplv-a9rns2rl98-image.png?lk3s=8e244e95&rcl=202606031618109EB8800F92C216FCB39B&rrcfp=dafada99&x-expires=2096698690&x-signature=5IMtZ0oyZ39dyqy9dwEm83P14ms%3D"},"image_ori":{"url":"https://p26-flow-imagex-sign.byteimg.com/tos-cn-i-a9rns2rl98/d233821b054c4276a36e0c678d4b160d.png~tplv-a9rns2rl98-image.png?lk3s=8e244e95&rcl=202606031618109EB8800F92C216FCB39B&rrcfp=dafada99&x-expires=2096698690&x-signature=T9sFAajOLVz95aSsp%2BRvDlG6yF8%3D","width":1340,"height":723},"image_preview":{"url":"https://p3-flow-imagex-sign.byteimg.com/tos-cn-i-a9rns2rl98/d233821b054c4276a36e0c678d4b160d.png~tplv-a9rns2rl98-image.png?lk3s=8e244e95&rcl=202606031618109EB8800F92C216FCB39B&rrcfp=dafada99&x-expires=2096698690&x-signature=ua%2FiU3Pp%2BssjXZvvZLTRtABAS%2FY%3D"},"name":"d233821b054c4276a36e0c678d4b160d.png"},"review_state":1,"progress":100,"upload_status":1},{"type":1,"identifier":"c10752a0-5f24-11f1-bbf1-ad9844d310fd","image":{"uri":"tos-cn-i-a9rns2rl98/d3ddd423b8a549b98b94010ad051a0d6.png","image_thumb":{"url":"https://p6-flow-imagex-sign.byteimg.com/tos-cn-i-a9rns2rl98/d3ddd423b8a549b98b94010ad051a0d6.png~tplv-a9rns2rl98-image.png?lk3s=8e244e95&rcl=202606031618109EB8800F92C216FCB39B&rrcfp=dafada99&x-expires=2096698690&x-signature=UXL24WOfrMJAq0gXK9NhPY7X6cQ%3D"},"image_ori":{"url":"https://p11-flow-imagex-sign.byteimg.com/tos-cn-i-a9rns2rl98/d3ddd423b8a549b98b94010ad051a0d6.png~tplv-a9rns2rl98-image.png?lk3s=8e244e95&rcl=202606031618109EB8800F92C216FCB39B&rrcfp=dafada99&x-expires=2096698690&x-signature=Nptt72gG98grOy1ySYhdybYx4Iw%3D","width":650,"height":859},"image_preview":{"url":"https://p6-flow-imagex-sign.byteimg.com/tos-cn-i-a9rns2rl98/d3ddd423b8a549b98b94010ad051a0d6.png~tplv-a9rns2rl98-image.png?lk3s=8e244e95&rcl=202606031618109EB8800F92C216FCB39B&rrcfp=dafada99&x-expires=2096698690&x-signature=UXL24WOfrMJAq0gXK9NhPY7X6cQ%3D"},"name":"d3ddd423b8a549b98b94010ad051a0d6.png"},"review_state":1,"progress":100,"upload_status":1}]}},"is_finish":false},{"block_type":10000,"block_id":"c10752a2-5f24-11f1-bbf1-ad9844d310fd","content":{"text_block":{"text":"帮我生成视频：比例 「16:9」将图1换成图2得衣服。 做一个再加的模特走秀展示服装"}},"is_finish":false}],"tts_content":"","update_time":1780474690,"ext":{"conversation_init_option":"{\"need_ack_conversation\":true}","bot_source":"BotStudio","inner_version_name":"","ugc_voice_id":"104","memory_reflect":"1","chat_id":"46549537288166914","is_image_related":"1","update_version_code":"0","inner_is_dola_agent_hub":"0","inner_msg_lang_display_code":"zh","inner_bot_id":"0","speaker_id":"zh_female_wenroutaozi_uranus_bigtts","answer_with_suggest":"0","use_content_block":"1","client_report_scene":"gui","inner_is_tour":"false","fp":"7622636711847140531","inner_env":"prod","inner_user_ip":"203.132.40.163","sub_conv_firstmet_type":"1","inner_flow_app_variant":"doubao","inner_libra_versions":"9681435,16407271,16762144,16822855,16870837,16870879,16870910,16870989,16871014,16876725,16917975,16921305,9427166,15020092,16962881,16336904,10541099,11100283,11100284,12077497,16575585,16590998,16653056,16751185,16797814,16823079,16871484,16871525,16871578,16871603,16871654,16876658,16882636,16905316,16908096,16934034,16951902,16957347,16963975,16964324,16969209,16972279,11958164,12628471,13349017,14207348,14432780,14438036,14464960,15106043,15373303,16800683,16819984,16827665,16881348,16884297,16888352,16966208,16968354,16969459,16991331","cot_switch":"0","inner_log_id":"202606031618109EB8800F92C216FCB39B","inner_real_app_id":"497858","inner_terminal_app_id":"497858","bot_id":"7338286299411103781","inner_pc_version":"2.44.0","inner_tt_wid":"7637957343552865832","chat_history_count":"0","input_skill":"{\"skill_id\":\"17\",\"skill_type\":17}","is_ai_playground":"false","inner_msg_lang_code":"zh","section_tag_1h":"38428548798268418_2026060316","inner_region":"CN","inner_msg_lang_confidence":"1","inner_samantha_web":"true","biz_content_type":"flow_nested","group":"1780474690","has_nested_image":"1","commerce_credit_config_enable":"0","inner_cluster":"default","message_from":"InputBox","inner_tea_uuid":"7622636711847140531","model_type":"38","old_content_type":"20","attachment_scene":"4","chat_ability":"{\"ability_type\":17,\"ability_param\":\"{\\\"ratio\\\":\\\"16:9\\\"}\"}","chat_next":"1","pre_read_conv_version":"1780474690884987","image_attachment_num":"2","is_membership":"0","collection_id":"","msg_update_time_ms":"1780474690909","read_conv_version":"1780474690884987","inner_did":"7698710361581032224","inner_msg_lang_exemption":"false","inner_platform":"web","user_question_round":"1","reply_unique_key":"c10752a4-5f24-11f1-bbf1-ad9844d310fd","inner_app_id":"497858","search_engine_type":"4","llm_model_type":"38"},"local_message_id":"c10752a3-5f24-11f1-bbf1-ad9844d310fd","section_id":"38428548798268418","bot_reply_message_id":"0","fetch_token":"46549537288166914"},"message_attr":{"badge_count":1,"read_badge_count":1,"read_conv_version":1780474690884987,"pre_read_conv_version":1780474690884987}}


[REGEX MATCH SUCCESS] Found ID: 38428548798268162
[FEEDING PARSER]...
[RAW CHUNK RECEIVED] len=3256, content=id: 3
event: STREAM_MSG_NOTIFY
data: {"content":{"content_block":[{"block_type":10000,"block_id":"40098265307563010","content":{"text_block":{"text":"这"}},"is_finish":false,"patch_type":1}],"content_status":100,"ext":{"cot_switch":"0","gen_msg_id":"46554067082658818","inner_tea_uuid":"7622636711847140531","model_type":"38","reply_unique_key":"c10752a4-5f24-11f1-bbf1-ad9844d310fd","review_scenario_id":"4085066754","ai_creation_layout_type":"mixed","ai_creation_show_mode":"mixed","old_content_type":"9999","review_biz_type":"1","inner_cluster":"default","inner_is_dola_agent_hub":"0","model_id":"38","regen_no_replace":"1","auto_create_creation":"1","chat_history_count":"0","inner_flow_app_variant":"doubao","agent_id":"7416550974343069696","chat_ability":"{\"ability_type\":17,\"ability_param\":\"{\\\"ratio\\\":\\\"16:9\\\"}\"}","inner_samantha_web":"true","input_skill":"{\"skill_id\":\"17\",\"skill_type\":17}","tts":"","need_deep_think":"0","before_content_type":"9999","inner_platform":"web","tea_tags_time_cost":"{\"ack_cost_time\":\"193\",\"first_packet_cost_time\":\"4394\"}","auto_create_creation_asset":"0","bot_state":"{\"bot_id\":\"7338286299411103781\",\"bot_name\":\"豆包\",\"agent_name\":\"Agent-Text2Image\",\"agent_id\":\"7416550974343069696\"}","chat_id":"46549537288166914","inner_did":"7698710361581032224","memory_reflect":"1","type_writer_spring_config":"{\"flow_stream_acceleration\": 0,\"flow_stream_default_interval\": 35}","inner_env":"prod","inner_real_app_id":"497858","inner_region":"CN","inner_tt_wid":"7637957343552865832","chat_next":"1","inner_user_ip":"203.132.40.163","llm_model_type":"38","update_version_code":"0","is_image_related":"1","inner_is_tour":"false","inner_msg_lang_code":"zh","user_question_round":"1","agent_name":"Agent-Text2Image","ai_create_show_mode":"mixed","inner_libra_versions":"9681435,16407271,16762144,16822855,16870837,16870879,16870910,16870989,16871014,16876725,16917975,16921305,9427166,15020092,16962881,16336904,10541099,11100283,11100284,12077497,16575585,16590998,16653056,16751185,16797814,16823079,16871484,16871525,16871578,16871603,16871654,16876658,16882636,16905316,16908096,16934034,16951902,16957347,16963975,16964324,16969209,16972279,11958164,12628471,13349017,14207348,14432780,14438036,14464960,15106043,15373303,16800683,16819984,16827665,16881348,16884297,16888352,16966208,16968354,16969459,16991331","inner_msg_lang_confidence":"1","inner_msg_lang_display_code":"zh","use_creation":"1","attachment_scene":"4","client_report_scene":"gui","image_attachment_num":"2","inner_app_id":"497858","is_pre_moderation":"1","section_tag_1h":"38428548798268418_2026060316","use_content_block":"1","inner_log_id":"202606031618109EB8800F92C216FCB39B","inner_msg_lang_exemption":"false","inner_pc_version":"2.44.0","inner_version_name":"","is_membership":"0"},"content_type":9999,"model_content":"这","tts_content":"这"},"meta":{"message_id":"46554067082658818","conversation_id":"38428548798268162","section_id":"38428548798268418","sender_id":"7338286299411103781","user_type":2,"create_time":1780474695,"index_in_conv":2,"bot_reply_message_id":"46549537288166914","local_conversation_id":"local_1056748828001904"},"attr":{"reply_unique_key":"c10752a4-5f24-11f1-bbf1-ad9844d310fd"}}


[REGEX MATCH SUCCESS] Found ID: 38428548798268162
[FEEDING PARSER]...
[RAW CHUNK RECEIVED] len=272, content=id: 4
event: STREAM_CHUNK
data: {"message_id":"46554067082658818","patch_op":[{"patch_object":1,"patch_type":1,"patch_value":{"content_block":[{"block_type":10000,"block_id":"40098265307563010","content":{"text_block":{"text":"就"}},"is_finish":false,"patch_type":1}]}}]}


[REGEX MATCH FAIL] This chunk contains no ID
[FEEDING PARSER]...
[RAW CHUNK RECEIVED] len=151, content=id: 5
event: STREAM_CHUNK
data: {"message_id":"46554067082658818","patch_op":[{"patch_object":111,"patch_type":1,"patch_value":{"tts_content":"就"}}]}


[REGEX MATCH FAIL] This chunk contains no ID
[FEEDING PARSER]...
[RAW CHUNK RECEIVED] len=272, content=id: 6
event: STREAM_CHUNK
data: {"message_id":"46554067082658818","patch_op":[{"patch_object":1,"patch_type":1,"patch_value":{"content_block":[{"block_type":10000,"block_id":"40098265307563010","content":{"text_block":{"text":"为"}},"is_finish":false,"patch_type":1}]}}]}


[REGEX MATCH FAIL] This chunk contains no ID
[FEEDING PARSER]...
[RAW CHUNK RECEIVED] len=151, content=id: 7
event: STREAM_CHUNK
data: {"message_id":"46554067082658818","patch_op":[{"patch_object":111,"patch_type":1,"patch_value":{"tts_content":"为"}}]}


[REGEX MATCH FAIL] This chunk contains no ID
[FEEDING PARSER]...
[RAW CHUNK RECEIVED] len=272, content=id: 8
event: STREAM_CHUNK
data: {"message_id":"46554067082658818","patch_op":[{"patch_object":1,"patch_type":1,"patch_value":{"content_block":[{"block_type":10000,"block_id":"40098265307563010","content":{"text_block":{"text":"您"}},"is_finish":false,"patch_type":1}]}}]}


[REGEX MATCH FAIL] This chunk contains no ID
[FEEDING PARSER]...
[RAW CHUNK RECEIVED] len=151, content=id: 9
event: STREAM_CHUNK
data: {"message_id":"46554067082658818","patch_op":[{"patch_object":111,"patch_type":1,"patch_value":{"tts_content":"您"}}]}


[REGEX MATCH FAIL] This chunk contains no ID
[FEEDING PARSER]...
[RAW CHUNK RECEIVED] len=274, content=id: 10
event: STREAM_CHUNK
data: {"message_id":"46554067082658818","patch_op":[{"patch_object":1,"patch_type":1,"patch_value":{"content_block":[{"block_type":10000,"block_id":"40098265307563010","content":{"text_block":{"text":"生成"}},"is_finish":false,"patch_type":1}]}}]}


[REGEX MATCH FAIL] This chunk contains no ID
[FEEDING PARSER]...
[RAW CHUNK RECEIVED] len=153, content=id: 11
event: STREAM_CHUNK
data: {"message_id":"46554067082658818","patch_op":[{"patch_object":111,"patch_type":1,"patch_value":{"tts_content":"生成"}}]}


[REGEX MATCH FAIL] This chunk contains no ID
[FEEDING PARSER]...
[RAW CHUNK RECEIVED] len=38, content=id: 11
event: SSE_HEARTBEAT
data: {}


[REGEX MATCH FAIL] This chunk contains no ID
[FEEDING PARSER]...
[RAW CHUNK RECEIVED] len=274, content=id: 12
event: STREAM_CHUNK
data: {"message_id":"46554067082658818","patch_op":[{"patch_object":1,"patch_type":1,"patch_value":{"content_block":[{"block_type":10000,"block_id":"40098265307563010","content":{"text_block":{"text":"一个"}},"is_finish":false,"patch_type":1}]}}]}


[REGEX MATCH FAIL] This chunk contains no ID
[FEEDING PARSER]...
[RAW CHUNK RECEIVED] len=280, content=id: 13
event: STREAM_CHUNK
data: {"message_id":"46554067082658818","patch_op":[{"patch_object":111,"patch_type":1,"patch_value":{"tts_content":"一个"}}]}

id: 14
event: STREAM_CHUNK
data: {"message_id":"46554067082658818","patch_op":[{"patch_object":1,"patch_type":1,"patch_value":{
[REGEX MATCH FAIL] This chunk contains no ID
[FEEDING PARSER]...
[RAW CHUNK RECEIVED] len=725, content="content_block":[{"block_type":10000,"block_id":"40098265307563010","content":{"text_block":{"text":"模特"}},"is_finish":false,"patch_type":1}]}}]}

id: 15
event: STREAM_CHUNK
data: {"message_id":"46554067082658818","patch_op":[{"patch_object":111,"patch_type":1,"patch_value":{"tts_content":"模特"}}]}

id: 16
event: STREAM_CHUNK
data: {"message_id":"46554067082658818","patch_op":[{"patch_object":1,"patch_type":1,"patch_value":{"content_block":[{"block_type":10000,"block_id":"40098265307563010","content":{"text_block":{"text":"走"}},"is_finish":false,"patch_type":1}]}}]}

id: 17
event: STREAM_CHUNK
data: {"message_id":"46554067082658818","patch_op":[{"patch_object":111,"patch_type":1,"patch_value":{"tts_content":"走"}}]}


[REGEX MATCH FAIL] This chunk contains no ID
[FEEDING PARSER]...
[RAW CHUNK RECEIVED] len=27, content=id: 18
event: STREAM_CHUNK

[REGEX MATCH FAIL] This chunk contains no ID
[FEEDING PARSER]...
[RAW CHUNK RECEIVED] len=1099, content=data: {"message_id":"46554067082658818","patch_op":[{"patch_object":1,"patch_type":1,"patch_value":{"content_block":[{"block_type":10000,"block_id":"40098265307563010","content":{"text_block":{"text":"秀"}},"is_finish":false,"patch_type":1}]}}]}

id: 19
event: STREAM_CHUNK
data: {"message_id":"46554067082658818","patch_op":[{"patch_object":111,"patch_type":1,"patch_value":{"tts_content":"秀"}}]}

id: 20
event: STREAM_CHUNK
data: {"message_id":"46554067082658818","patch_op":[{"patch_object":1,"patch_type":1,"patch_value":{"content_block":[{"block_type":10000,"block_id":"40098265307563010","content":{"text_block":{"text":"展示"}},"is_finish":false,"patch_type":1}]}}]}

id: 21
event: STREAM_CHUNK
data: {"message_id":"46554067082658818","patch_op":[{"patch_object":111,"patch_type":1,"patch_value":{"tts_content":"展示"}}]}

id: 22
event: STREAM_CHUNK
data: {"message_id":"46554067082658818","patch_op":[{"patch_object":1,"patch_type":1,"patch_value":{"content_block":[{"block_type":10000,"block_id":"40098265307563010","content":{"text_block":{"text":"服装"}},"is_finish":false,"patch_type":1}]}}]}


[REGEX MATCH FAIL] This chunk contains no ID
[FEEDING PARSER]...
[RAW CHUNK RECEIVED] len=6, content=id: 23
[REGEX MATCH FAIL] This chunk contains no ID
[FEEDING PARSER]...
[RAW CHUNK RECEIVED] len=999, content=
event: STREAM_CHUNK
data: {"message_id":"46554067082658818","patch_op":[{"patch_object":111,"patch_type":1,"patch_value":{"tts_content":"服装"}}]}

id: 24
event: STREAM_CHUNK
data: {"message_id":"46554067082658818","patch_op":[{"patch_object":1,"patch_type":1,"patch_value":{"content_block":[{"block_type":10000,"block_id":"40098265307563010","content":{"text_block":{"text":"的"}},"is_finish":false,"patch_type":1}]}}]}

id: 25
event: STREAM_CHUNK
data: {"message_id":"46554067082658818","patch_op":[{"patch_object":111,"patch_type":1,"patch_value":{"tts_content":"的"}}]}

id: 26
event: STREAM_CHUNK
data: {"message_id":"46554067082658818","patch_op":[{"patch_object":1,"patch_type":1,"patch_value":{"content_block":[{"block_type":10000,"block_id":"40098265307563010","content":{"text_block":{"text":"视频"}},"is_finish":false,"patch_type":1}]}}]}

id: 27
event: STREAM_CHUNK
data: {"message_id":"46554067082658818","patch_op":[{"patch_object":111,"patch_type":1,"patch_value":{"tts_content":"视频"}}]}


[REGEX MATCH FAIL] This chunk contains no ID
[FEEDING PARSER]...
[RAW CHUNK RECEIVED] len=288, content=id: 28
event: STREAM_CHUNK
data: {"message_id":"46554067082658818","patch_op":[{"patch_object":1,"patch_type":1,"patch_value":{"content_block":[{"block_type":10000,"block_id":"40098265307563010","content":{"text_block":{"text":"，请"}},"is_finish":false,"patch_type":1}]}}]}

id: 29
event: 
[REGEX MATCH FAIL] This chunk contains no ID
[FEEDING PARSER]...
[RAW CHUNK RECEIVED] len=139, content=STREAM_CHUNK
data: {"message_id":"46554067082658818","patch_op":[{"patch_object":111,"patch_type":1,"patch_value":{"tts_content":"，请"}}]}


[REGEX MATCH FAIL] This chunk contains no ID
[FEEDING PARSER]...
[RAW CHUNK RECEIVED] len=850, content=id: 30
event: STREAM_CHUNK
data: {"message_id":"46554067082658818","patch_op":[{"patch_object":1,"patch_type":1,"patch_value":{"content_block":[{"block_type":10000,"block_id":"40098265307563010","content":{"text_block":{"text":"稍"}},"is_finish":false,"patch_type":1}]}}]}

id: 31
event: STREAM_CHUNK
data: {"message_id":"46554067082658818","patch_op":[{"patch_object":111,"patch_type":1,"patch_value":{"tts_content":"稍"}}]}

id: 32
event: STREAM_CHUNK
data: {"message_id":"46554067082658818","patch_op":[{"patch_object":1,"patch_type":1,"patch_value":{"content_block":[{"block_type":10000,"block_id":"40098265307563010","content":{"text_block":{"text":"等"}},"is_finish":false,"patch_type":1}]}}]}

id: 33
event: STREAM_CHUNK
data: {"message_id":"46554067082658818","patch_op":[{"patch_object":111,"patch_type":1,"patch_value":{"tts_content":"等"}}]}


[REGEX MATCH FAIL] This chunk contains no ID
[FEEDING PARSER]...
[RAW CHUNK RECEIVED] len=1342, content=id: 34
event: STREAM_CHUNK
data: {"message_id":"46554067082658818","patch_op":[{"patch_object":1,"patch_type":1,"patch_value":{"content_block":[{"block_type":10000,"block_id":"40098265307563010","content":{"text_block":{"text":"。"}},"is_finish":false,"patch_type":1}]}}]}

id: 35
event: STREAM_CHUNK
data: {"message_id":"46554067082658818","patch_op":[{"patch_object":111,"patch_type":1,"patch_value":{"tts_content":"。"}}]}

id: 36
event: STREAM_CHUNK
data: {"message_id":"46554067082658818","patch_op":[{"patch_object":1,"patch_type":1,"patch_value":{"content_block":[{"block_type":10000,"block_id":"40098265307563010","content":{"text_block":{"text":"\n\n"}},"is_finish":false,"patch_type":1}]}}]}

id: 37
event: STREAM_CHUNK
data: {"message_id":"46554067082658818","patch_op":[{"patch_object":111,"patch_type":1,"patch_value":{"tts_content":"\n\n"}}]}

id: 38
event: STREAM_CHUNK
data: {"message_id":"46554067082658818","patch_op":[{"patch_object":1,"patch_type":1,"patch_value":{"content_block":[{"block_type":10000,"block_id":"40098265307563010","content":{"text_block":{"text":"本次使用 **Seedance 2.0 全能视频模型**生成，将消耗 2 个视频生成额度，预计等待 1-3分钟。视频生成好后，我会及时通知你，今日剩余 8 个视频生成额度。"}},"is_finish":false,"patch_type":1}]}},{"patch_object":50,"patch_type":1,"patch_value":{"ext":{"text2image_text_finish":"1","disable_regen":"1","has_video_gen":"1"}}}]}


[REGEX MATCH FAIL] This chunk contains no ID
[FEEDING PARSER]...
[RAW CHUNK RECEIVED] len=2403, content=id: 39
event: STREAM_CHUNK
data: {"message_id":"46554067082658818","patch_op":[{"patch_object":111,"patch_type":1,"patch_value":{"tts_content":"本次使用 **Seedance 2.0 全能视频模型**生成，将消耗 2 个视频生成额度，预计等待 1-3分钟。视频生成好后，我会及时通知你，今日剩余 8 个视频生成额度。"}}]}

id: 40
event: STREAM_CHUNK
data: {"message_id":"46554067082658818","patch_op":[{"patch_object":3,"patch_type":2,"patch_value":{}},{"patch_object":1,"patch_type":2,"patch_value":{"content_block":[{"block_type":10000,"block_id":"40098265307708930","content":{"text_block":{"text":"抱歉，由于版权相关限制，暂时无法创作对应的内容，换其他主题试试吧。"}},"is_finish":true,"patch_type":1}]}},{"patch_object":50,"patch_type":1,"patch_value":{"ext":{"disable_action_view":"true","include_creation_material":"0","ai_create_show_mode":"text","ai_creation_duration_info":"[{\"type\":1,\"task_id\":\"\",\"duration_info\":[{\"step_name\":\"pre\",\"duration\":124},{\"step_name\":\"pre_prompt_review\",\"duration\":132},{\"step_name\":\"pre_prompt_attachment_review\",\"duration\":2327},{\"step_name\":\"rag\",\"duration\":0},{\"step_name\":\"plan\",\"duration\":2566},{\"step_name\":\"fc\",\"duration\":2362},{\"step_name\":\"simple_task\",\"duration\":0},{\"step_name\":\"total\",\"duration\":7758}],\"error_code\":1}]","ai_creation_show_mode":"text","agent_context":"null","brief":"抱歉，由于版权相关限制，暂时无法创作对应的内容，换其他主题试试吧。","intention":"agent_creation","is_finish":"1","ai_creation_fallback_retry":"false","ai_creation_tool_list":"[{\"task_id\":46554067082718722,\"tool_name\":\"ai_creation\",\"req_key\":\"\",\"task_type\":6,\"index\":0,\"status\":5,\"tool_name_list\":null,\"dispatcher_agent\":\"\",\"based_task_id_list\":null,\"agent_version\":\"agent_30\",\"is_multi_round\":false,\"fail_code\":710082032,\"cache\":0,\"based_message_id_list\":null}]","creation_material_info":"","x_aiplugin_extra_info":"{\"response_starling_key\":\"\",\"risk_operation\":\"[\\\"3\\\"]\",\"risk_starling_key\":\"\"}","ai_creation_res_code":"710082032","creation_full_content":""}}}]}

id: 41
event: STREAM_CHUNK
data: {"message_id":"46554067082658818","patch_op":[{"patch_object":111,"patch_type":2,"patch_value":{"tts_content":"抱歉，由于版权相关限制，暂时无法创作对应的内容，换其他主题试试吧。"}}]}

id: 42
event: STREAM_CHUNK
data: {"message_id":"46554067082658818","patch_op":[{"patch_object":1,"patch_type":1,"patch_value":{"content_block":[{"block_type":10000,"block_id":"40098265307563010","content":{"text_block":{}},"is_finish":true,"patch_type":1}]}}]}


[REGEX MATCH FAIL] This chunk contains no ID
[FEEDING PARSER]...
[RAW CHUNK RECEIVED] len=34, content=id: 43
event: SSE_REPLY_END
data: 
[REGEX MATCH FAIL] This chunk contains no ID
[FEEDING PARSER]...
[RAW CHUNK RECEIVED] len=223, content={"end_type":1,"msg_finish_attr":{"msgid":"46554067082658818","badge_count":2,"read_badge_count":1,"read_conv_version":1780474695063333,"pre_read_conv_version":1780474695063333,"brief":"抱歉，由于版权相关限制，暂时无法创作对应的内容，换其他主题试试吧。"}}


[REGEX MATCH FAIL] This chunk contains no ID
[FEEDING PARSER]...
[RAW CHUNK RECEIVED] len=28, content=id: 45
event: SSE_REPLY_END

[REGEX MATCH FAIL] This chunk contains no ID
[FEEDING PARSER]...
[RAW CHUNK RECEIVED] len=65, content=data: {"end_type":2,"answer_finish_attr":{"has_suggest":false}}


[REGEX MATCH FAIL] This chunk contains no ID
[FEEDING PARSER]...
[RAW CHUNK RECEIVED] len=34, content=id: 46
event: SSE_REPLY_END
data: 
[REGEX MATCH FAIL] This chunk contains no ID
[FEEDING PARSER]...
[RAW CHUNK RECEIVED] len=16, content={"end_type":3}


[REGEX MATCH FAIL] This chunk contains no ID
[FEEDING PARSER]...
[RAW CHUNK RECEIVED] len=50, content=id: 47
event: SSE_REPLY_END
data: {"end_type":3}


[REGEX MATCH FAIL] This chunk contains no ID
[FEEDING PARSER]...
[STREAM CLOSED]
[FINALIZE] Final ID: 38428548798268162, Videos Count: 0


--- [2026-06-03T08:22:37.180Z] NEW STREAM START ---
[RAW CHUNK RECEIVED] len=33, content=id: 0
event: SSE_HEARTBEAT
data: 
[REGEX MATCH FAIL] This chunk contains no ID
[FEEDING PARSER]...
[RAW CHUNK RECEIVED] len=4, content={}


[REGEX MATCH FAIL] This chunk contains no ID
[FEEDING PARSER]...
[RAW CHUNK RECEIVED] len=2199, content=id: 0
event: SSE_ACK
data: {"query_list":[{"question_id":"46546928251279362","local_message_id":"5b8de2d4-5f25-11f1-9064-5d4d0e990e56","message_index":1}],"ack_client_meta":{"conversation_id":"38428620493580290","local_conversation_id":"local_9894392787777061","conversation_type":3,"section_id":"38428620493580546","conversation_info":{"conversation_id":"38428620493580290","conversation_type":3,"creator_id":"3622218132106954","name":"新对话","image":{"image_thumb":{"url":"https://p3-flow-imagex-sign.byteimg.com/ocean-cloud-tos/FileBizType.BIZ_BOT_ICON/bot_0817_10.png~tplv-a9rns2rl98-image-qvalue.png?lk3s=8e244e95&rcl=202606031622294D57A8A8F7EAEE35E058&rrcfp=bf2e6f99&x-expires=1783066950&x-signature=%2BDOnIDrCTxLo12AO6TMY7PLCn80%3D"},"image_ori":{"url":"https://p3-flow-imagex-sign.byteimg.com/ocean-cloud-tos/FileBizType.BIZ_BOT_ICON/bot_0817_10.png~tplv-a9rns2rl98-image-qvalue.png?lk3s=8e244e95&rcl=202606031622294D57A8A8F7EAEE35E058&rrcfp=bf2e6f99&x-expires=1783066950&x-signature=%2BDOnIDrCTxLo12AO6TMY7PLCn80%3D"}},"participant_count":2,"human_count":1,"tenant_id":0,"biz_id":0,"status":1,"create_time":1780474950,"update_time":1780474950,"extra":"{\"inner_app_id\":\"497858\",\"inner_cluster\":\"default\",\"inner_did\":\"7698710361581032224\",\"inner_env\":\"prod\",\"inner_flow_app_variant\":\"doubao\",\"inner_is_tour\":\"false\",\"inner_log_id\":\"202606031622294D57A8A8F7EAEE35E058\",\"inner_pc_version\":\"2.44.0\",\"inner_platform\":\"web\",\"inner_real_app_id\":\"497858\",\"inner_samantha_web\":\"true\",\"inner_tea_uuid\":\"7622636711847140531\",\"inner_tt_wid\":\"7637957343552865832\",\"inner_user_ip\":\"203.132.40.163\",\"inner_version_name\":\"\",\"local_conversation_id\":\"local_9894392787777061\",\"log_id\":\"202606031622294D57A8A8F7EAEE35E058\",\"reply_mode\":\"0\"}","msg_cursor":1,"bot_type":3,"retention_cursor":1,"last_read_index":0,"latest_index":0,"last_section_id":"38428620493580546","review_status":2,"create_scene":0,"create_channel":0,"badge_count":0,"read_badge_count":0,"latest_artifact":1}},"timeout_conf":{"answer_first_pending_time":180000,"packet_interval_time":120000,"max_retry_count":10,"max_retry_duration_ms":3600000,"retry_interval_ms":1000}}


[REGEX MATCH SUCCESS] Found ID: 38428620493580290
[FEEDING PARSER]...
[RAW CHUNK RECEIVED] len=7189, content=id: 1
event: FULL_MSG_NOTIFY
data: {"message":{"conversation_id":"38428620493580290","message_id":"46546928251279362","message_body_version":1,"sender_id":"3622218132106954","user_type":1,"content_type":9999,"content":"[{\"block_type\":10052,\"block_id\":\"5b8de2d2-5f25-11f1-9064-5d4d0e990e56\",\"content\":{\"attachment_block\":{\"attachments\":[{\"type\":1,\"identifier\":\"5b8de2d0-5f25-11f1-9064-5d4d0e990e56\",\"image\":{\"uri\":\"tos-cn-i-a9rns2rl98/a31c5fb0c49c4726bde5e9cafedb9fc7.png\",\"image_ori\":{\"url\":\"https://p6-flow-imagex-sign.byteimg.com/tos-cn-i-a9rns2rl98/a31c5fb0c49c4726bde5e9cafedb9fc7.png~tplv-a9rns2rl98-24:720:720.jpeg?lk3s=8e244e95&rcl=202606031622294D57A8A8F7EAEE35E058&rrcfp=d52e923b&x-expires=1781079750&x-signature=0TVUpbXZ7DTnuMMaHrSP6WFydCc%3D\",\"width\":1340,\"height\":723},\"name\":\"a31c5fb0c49c4726bde5e9cafedb9fc7.png\"},\"review_state\":1,\"progress\":100,\"upload_status\":1},{\"type\":1,\"identifier\":\"5b8de2d1-5f25-11f1-9064-5d4d0e990e56\",\"image\":{\"uri\":\"tos-cn-i-a9rns2rl98/9cc745c16cc4464e808187bc6579ad14.png\",\"image_ori\":{\"url\":\"https://p3-flow-imagex-sign.byteimg.com/tos-cn-i-a9rns2rl98/9cc745c16cc4464e808187bc6579ad14.png~tplv-a9rns2rl98-24:720:720.jpeg?lk3s=8e244e95&rcl=202606031622294D57A8A8F7EAEE35E058&rrcfp=d52e923b&x-expires=1781079750&x-signature=823OurhXmUCKBqxNFEHFvbKsdpo%3D\",\"width\":650,\"height\":859},\"name\":\"9cc745c16cc4464e808187bc6579ad14.png\"},\"review_state\":1,\"progress\":100,\"upload_status\":1}]}}},{\"block_type\":10000,\"block_id\":\"5b8de2d3-5f25-11f1-9064-5d4d0e990e56\",\"content\":{\"text_block\":{\"text\":\"帮我生成视频：比例 「16:9」将图1换成图2得衣服。 做一个再加的模特走秀展示服装\"}}}]","index_in_conv":1,"create_time":1780474950,"biz_content_type":"flow_nested","sec_sender":"MS4wLjABAAAAWjkzt1wrx9Pq78qF-_AMDBykQVQ6G6lZof6iBP3VebAliqYEhy8ho7FaH31WPI0U","content_block":[{"block_type":10052,"block_id":"5b8de2d2-5f25-11f1-9064-5d4d0e990e56","content":{"attachment_block":{"attachments":[{"type":1,"identifier":"5b8de2d0-5f25-11f1-9064-5d4d0e990e56","image":{"uri":"tos-cn-i-a9rns2rl98/a31c5fb0c49c4726bde5e9cafedb9fc7.png","image_thumb":{"url":"https://p3-flow-imagex-sign.byteimg.com/tos-cn-i-a9rns2rl98/a31c5fb0c49c4726bde5e9cafedb9fc7.png~tplv-a9rns2rl98-image.png?lk3s=8e244e95&rcl=202606031622294D57A8A8F7EAEE35E058&rrcfp=dafada99&x-expires=2096698950&x-signature=7B8m%2BhPntZeZ2bouEyLfiVKGseA%3D"},"image_ori":{"url":"https://p26-flow-imagex-sign.byteimg.com/tos-cn-i-a9rns2rl98/a31c5fb0c49c4726bde5e9cafedb9fc7.png~tplv-a9rns2rl98-image.png?lk3s=8e244e95&rcl=202606031622294D57A8A8F7EAEE35E058&rrcfp=dafada99&x-expires=2096698950&x-signature=uN0xuQjMHLa8bIJui%2FhTPQ%2B74yc%3D","width":1340,"height":723},"image_preview":{"url":"https://p11-flow-imagex-sign.byteimg.com/tos-cn-i-a9rns2rl98/a31c5fb0c49c4726bde5e9cafedb9fc7.png~tplv-a9rns2rl98-image.png?lk3s=8e244e95&rcl=202606031622294D57A8A8F7EAEE35E058&rrcfp=dafada99&x-expires=2096698950&x-signature=LIpSQbLzyqzLuSToAdPqg44qtXI%3D"},"name":"a31c5fb0c49c4726bde5e9cafedb9fc7.png"},"review_state":1,"progress":100,"upload_status":1},{"type":1,"identifier":"5b8de2d1-5f25-11f1-9064-5d4d0e990e56","image":{"uri":"tos-cn-i-a9rns2rl98/9cc745c16cc4464e808187bc6579ad14.png","image_thumb":{"url":"https://p3-flow-imagex-sign.byteimg.com/tos-cn-i-a9rns2rl98/9cc745c16cc4464e808187bc6579ad14.png~tplv-a9rns2rl98-image.png?lk3s=8e244e95&rcl=202606031622294D57A8A8F7EAEE35E058&rrcfp=dafada99&x-expires=2096698950&x-signature=9iT7Ez6mLopY%2BOVG8nJs0UJp%2B%2F4%3D"},"image_ori":{"url":"https://p11-flow-imagex-sign.byteimg.com/tos-cn-i-a9rns2rl98/9cc745c16cc4464e808187bc6579ad14.png~tplv-a9rns2rl98-image.png?lk3s=8e244e95&rcl=202606031622294D57A8A8F7EAEE35E058&rrcfp=dafada99&x-expires=2096698950&x-signature=vSYc%2BXG0vd2CcR4HgZMBVV8WXMY%3D","width":650,"height":859},"image_preview":{"url":"https://p11-flow-imagex-sign.byteimg.com/tos-cn-i-a9rns2rl98/9cc745c16cc4464e808187bc6579ad14.png~tplv-a9rns2rl98-image.png?lk3s=8e244e95&rcl=202606031622294D57A8A8F7EAEE35E058&rrcfp=dafada99&x-expires=2096698950&x-signature=vSYc%2BXG0vd2CcR4HgZMBVV8WXMY%3D"},"name":"9cc745c16cc4464e808187bc6579ad14.png"},"review_state":1,"progress":100,"upload_status":1}]}},"is_finish":false},{"block_type":10000,"block_id":"5b8de2d3-5f25-11f1-9064-5d4d0e990e56","content":{"text_block":{"text":"帮我生成视频：比例 「16:9」将图1换成图2得衣服。 做一个再加的模特走秀展示服装"}},"is_finish":false}],"tts_content":"","update_time":1780474950,"ext":{"chat_id":"46546928251279362","inner_env":"prod","pre_read_conv_version":"1780474950190593","msg_update_time_ms":"1780474950213","inner_terminal_app_id":"497858","update_version_code":"0","inner_user_ip":"203.132.40.163","llm_model_type":"38","inner_is_tour":"false","inner_samantha_web":"true","memory_reflect":"1","biz_content_type":"flow_nested","inner_did":"7698710361581032224","inner_msg_lang_code":"zh","ugc_voice_id":"104","search_engine_type":"4","inner_tea_uuid":"7622636711847140531","bot_id":"7338286299411103781","inner_log_id":"202606031622294D57A8A8F7EAEE35E058","inner_is_dola_agent_hub":"0","inner_real_app_id":"497858","inner_flow_app_variant":"doubao","bot_source":"BotStudio","inner_cluster":"default","read_conv_version":"1780474950190593","is_ai_playground":"false","old_content_type":"20","attachment_scene":"4","group":"1780474950","inner_pc_version":"2.44.0","commerce_credit_config_enable":"0","is_image_related":"1","chat_history_count":"0","model_type":"38","image_attachment_num":"2","inner_bot_id":"0","chat_ability":"{\"ability_type\":17,\"ability_param\":\"{\\\"ratio\\\":\\\"16:9\\\"}\"}","inner_region":"CN","inner_msg_lang_display_code":"zh","is_membership":"0","conversation_init_option":"{\"need_ack_conversation\":true}","inner_tt_wid":"7637957343552865832","inner_platform":"web","user_question_round":"1","collection_id":"","chat_next":"1","answer_with_suggest":"0","sub_conv_firstmet_type":"1","input_skill":"{\"skill_id\":\"17\",\"skill_type\":17}","inner_libra_versions":"9681435,16407271,16762144,16822855,16870837,16870879,16870910,16870989,16871014,16876725,16917975,16921305,9427166,15020092,16962881,16336904,10541099,11100283,11100284,12077497,16575585,16590998,16653056,16751185,16797814,16823079,16871484,16871525,16871578,16871603,16871654,16876658,16882636,16905316,16908096,16934034,16951902,16957347,16963975,16964324,16969209,16972279,11958164,12628471,13349017,14207348,14432780,14438036,14464960,15106043,15373303,16800683,16819984,16827665,16881348,16884297,16888352,16966208,16968354,16969459,16991331","inner_msg_lang_exemption":"false","has_nested_image":"1","use_content_block":"1","speaker_id":"zh_female_wenroutaozi_uranus_bigtts","inner_msg_lang_confidence":"1","cot_switch":"0","client_report_scene":"gui","inner_app_id":"497858","reply_unique_key":"5b8e09e0-5f25-11f1-9064-5d4d0e990e56","section_tag_1h":"38428620493580546_2026060316","inner_version_name":"","message_from":"InputBox","fp":"7622636711847140531"},"local_message_id":"5b8de2d4-5f25-11f1-9064-5d4d0e990e56","section_id":"38428620493580546","bot_reply_message_id":"0","fetch_token":"46546928251279362"},"message_attr":{"badge_count":1,"read_badge_count":1,"read_conv_version":1780474950190593,"pre_read_conv_version":1780474950190593}}


[REGEX MATCH SUCCESS] Found ID: 38428620493580290
[FEEDING PARSER]...
[RAW CHUNK RECEIVED] len=13, content=id: 3
event: 
[REGEX MATCH FAIL] This chunk contains no ID
[FEEDING PARSER]...
[RAW CHUNK RECEIVED] len=3243, content=STREAM_MSG_NOTIFY
data: {"content":{"content_block":[{"block_type":10000,"block_id":"40096325788780546","content":{"text_block":{"text":"这"}},"is_finish":false,"patch_type":1}],"content_status":100,"ext":{"agent_name":"Agent-Text2Image","inner_msg_lang_confidence":"1","input_skill":"{\"skill_id\":\"17\",\"skill_type\":17}","is_pre_moderation":"1","review_biz_type":"1","review_scenario_id":"4085066754","bot_state":"{\"bot_id\":\"7338286299411103781\",\"bot_name\":\"豆包\",\"agent_name\":\"Agent-Text2Image\",\"agent_id\":\"7416550974343069696\"}","inner_libra_versions":"9681435,16407271,16762144,16822855,16870837,16870879,16870910,16870989,16871014,16876725,16917975,16921305,9427166,15020092,16962881,16336904,10541099,11100283,11100284,12077497,16575585,16590998,16653056,16751185,16797814,16823079,16871484,16871525,16871578,16871603,16871654,16876658,16882636,16905316,16908096,16934034,16951902,16957347,16963975,16964324,16969209,16972279,11958164,12628471,13349017,14207348,14432780,14438036,14464960,15106043,15373303,16800683,16819984,16827665,16881348,16884297,16888352,16966208,16968354,16969459,16991331","attachment_scene":"4","inner_app_id":"497858","inner_msg_lang_code":"zh","memory_reflect":"1","old_content_type":"9999","inner_cluster":"default","inner_region":"CN","model_id":"38","reply_unique_key":"5b8e09e0-5f25-11f1-9064-5d4d0e990e56","tts":"","before_content_type":"9999","inner_did":"7698710361581032224","inner_version_name":"","use_creation":"1","chat_history_count":"0","cot_switch":"0","image_attachment_num":"2","inner_pc_version":"2.44.0","inner_tea_uuid":"7622636711847140531","llm_model_type":"38","type_writer_spring_config":"{\"flow_stream_acceleration\": 0,\"flow_stream_default_interval\": 35}","chat_ability":"{\"ability_type\":17,\"ability_param\":\"{\\\"ratio\\\":\\\"16:9\\\"}\"}","ai_create_show_mode":"mixed","ai_creation_layout_type":"mixed","gen_msg_id":"46548033095849730","inner_msg_lang_exemption":"false","inner_platform":"web","need_deep_think":"0","inner_real_app_id":"497858","inner_is_dola_agent_hub":"0","inner_log_id":"202606031622294D57A8A8F7EAEE35E058","inner_msg_lang_display_code":"zh","update_version_code":"0","chat_next":"1","inner_env":"prod","inner_flow_app_variant":"doubao","inner_is_tour":"false","regen_no_replace":"1","use_content_block":"1","user_question_round":"1","auto_create_creation":"1","chat_id":"46546928251279362","inner_user_ip":"203.132.40.163","is_image_related":"1","model_type":"38","section_tag_1h":"38428620493580546_2026060316","tea_tags_time_cost":"{\"ack_cost_time\":\"201\",\"first_packet_cost_time\":\"4529\"}","ai_creation_show_mode":"mixed","auto_create_creation_asset":"0","inner_tt_wid":"7637957343552865832","is_membership":"0","agent_id":"7416550974343069696","client_report_scene":"gui","inner_samantha_web":"true"},"content_type":9999,"model_content":"这","tts_content":"这"},"meta":{"message_id":"46548033095849730","conversation_id":"38428620493580290","section_id":"38428620493580546","sender_id":"7338286299411103781","user_type":2,"create_time":1780474954,"index_in_conv":2,"bot_reply_message_id":"46546928251279362","local_conversation_id":"local_9894392787777061"},"attr":{"reply_unique_key":"5b8e09e0-5f25-11f1-9064-5d4d0e990e56"}}


[REGEX MATCH SUCCESS] Found ID: 38428620493580290
[FEEDING PARSER]...
[RAW CHUNK RECEIVED] len=5, content=id: 4
[REGEX MATCH FAIL] This chunk contains no ID
[FEEDING PARSER]...
[RAW CHUNK RECEIVED] len=267, content=
event: STREAM_CHUNK
data: {"message_id":"46548033095849730","patch_op":[{"patch_object":1,"patch_type":1,"patch_value":{"content_block":[{"block_type":10000,"block_id":"40096325788780546","content":{"text_block":{"text":"就"}},"is_finish":false,"patch_type":1}]}}]}


[REGEX MATCH FAIL] This chunk contains no ID
[FEEDING PARSER]...
[RAW CHUNK RECEIVED] len=151, content=id: 5
event: STREAM_CHUNK
data: {"message_id":"46548033095849730","patch_op":[{"patch_object":111,"patch_type":1,"patch_value":{"tts_content":"就"}}]}


[REGEX MATCH FAIL] This chunk contains no ID
[FEEDING PARSER]...
[RAW CHUNK RECEIVED] len=272, content=id: 6
event: STREAM_CHUNK
data: {"message_id":"46548033095849730","patch_op":[{"patch_object":1,"patch_type":1,"patch_value":{"content_block":[{"block_type":10000,"block_id":"40096325788780546","content":{"text_block":{"text":"为"}},"is_finish":false,"patch_type":1}]}}]}


[REGEX MATCH FAIL] This chunk contains no ID
[FEEDING PARSER]...
[RAW CHUNK RECEIVED] len=151, content=id: 7
event: STREAM_CHUNK
data: {"message_id":"46548033095849730","patch_op":[{"patch_object":111,"patch_type":1,"patch_value":{"tts_content":"为"}}]}


[REGEX MATCH FAIL] This chunk contains no ID
[FEEDING PARSER]...
[RAW CHUNK RECEIVED] len=6, content=id: 8

[REGEX MATCH FAIL] This chunk contains no ID
[FEEDING PARSER]...
[RAW CHUNK RECEIVED] len=266, content=event: STREAM_CHUNK
data: {"message_id":"46548033095849730","patch_op":[{"patch_object":1,"patch_type":1,"patch_value":{"content_block":[{"block_type":10000,"block_id":"40096325788780546","content":{"text_block":{"text":"您"}},"is_finish":false,"patch_type":1}]}}]}


[REGEX MATCH FAIL] This chunk contains no ID
[FEEDING PARSER]...
[RAW CHUNK RECEIVED] len=151, content=id: 9
event: STREAM_CHUNK
data: {"message_id":"46548033095849730","patch_op":[{"patch_object":111,"patch_type":1,"patch_value":{"tts_content":"您"}}]}


[REGEX MATCH FAIL] This chunk contains no ID
[FEEDING PARSER]...
[RAW CHUNK RECEIVED] len=274, content=id: 10
event: STREAM_CHUNK
data: {"message_id":"46548033095849730","patch_op":[{"patch_object":1,"patch_type":1,"patch_value":{"content_block":[{"block_type":10000,"block_id":"40096325788780546","content":{"text_block":{"text":"生成"}},"is_finish":false,"patch_type":1}]}}]}


[REGEX MATCH FAIL] This chunk contains no ID
[FEEDING PARSER]...
[RAW CHUNK RECEIVED] len=153, content=id: 11
event: STREAM_CHUNK
data: {"message_id":"46548033095849730","patch_op":[{"patch_object":111,"patch_type":1,"patch_value":{"tts_content":"生成"}}]}


[REGEX MATCH FAIL] This chunk contains no ID
[FEEDING PARSER]...
[RAW CHUNK RECEIVED] len=38, content=id: 11
event: SSE_HEARTBEAT
data: {}


[REGEX MATCH FAIL] This chunk contains no ID
[FEEDING PARSER]...
[RAW CHUNK RECEIVED] len=274, content=id: 12
event: STREAM_CHUNK
data: {"message_id":"46548033095849730","patch_op":[{"patch_object":1,"patch_type":1,"patch_value":{"content_block":[{"block_type":10000,"block_id":"40096325788780546","content":{"text_block":{"text":"模特"}},"is_finish":false,"patch_type":1}]}}]}


[REGEX MATCH FAIL] This chunk contains no ID
[FEEDING PARSER]...
[RAW CHUNK RECEIVED] len=252, content=id: 13
event: STREAM_CHUNK
data: {"message_id":"46548033095849730","patch_op":[{"patch_object":111,"patch_type":1,"patch_value":{"tts_content":"模特"}}]}

id: 14
event: STREAM_CHUNK
data: {"message_id":"46548033095849730","patch_op":[{"patch_object":1,"p
[REGEX MATCH FAIL] This chunk contains no ID
[FEEDING PARSER]...
[RAW CHUNK RECEIVED] len=751, content=atch_type":1,"patch_value":{"content_block":[{"block_type":10000,"block_id":"40096325788780546","content":{"text_block":{"text":"走"}},"is_finish":false,"patch_type":1}]}}]}

id: 15
event: STREAM_CHUNK
data: {"message_id":"46548033095849730","patch_op":[{"patch_object":111,"patch_type":1,"patch_value":{"tts_content":"走"}}]}

id: 16
event: STREAM_CHUNK
data: {"message_id":"46548033095849730","patch_op":[{"patch_object":1,"patch_type":1,"patch_value":{"content_block":[{"block_type":10000,"block_id":"40096325788780546","content":{"text_block":{"text":"秀"}},"is_finish":false,"patch_type":1}]}}]}

id: 17
event: STREAM_CHUNK
data: {"message_id":"46548033095849730","patch_op":[{"patch_object":111,"patch_type":1,"patch_value":{"tts_content":"秀"}}]}


[REGEX MATCH FAIL] This chunk contains no ID
[FEEDING PARSER]...
[RAW CHUNK RECEIVED] len=1125, content=id: 18
event: STREAM_CHUNK
data: {"message_id":"46548033095849730","patch_op":[{"patch_object":1,"patch_type":1,"patch_value":{"content_block":[{"block_type":10000,"block_id":"40096325788780546","content":{"text_block":{"text":"的"}},"is_finish":false,"patch_type":1}]}}]}

id: 19
event: STREAM_CHUNK
data: {"message_id":"46548033095849730","patch_op":[{"patch_object":111,"patch_type":1,"patch_value":{"tts_content":"的"}}]}

id: 20
event: STREAM_CHUNK
data: {"message_id":"46548033095849730","patch_op":[{"patch_object":1,"patch_type":1,"patch_value":{"content_block":[{"block_type":10000,"block_id":"40096325788780546","content":{"text_block":{"text":"视频"}},"is_finish":false,"patch_type":1}]}}]}

id: 21
event: STREAM_CHUNK
data: {"message_id":"46548033095849730","patch_op":[{"patch_object":111,"patch_type":1,"patch_value":{"tts_content":"视频"}}]}

id: 22
event: STREAM_CHUNK
data: {"message_id":"46548033095849730","patch_op":[{"patch_object":1,"patch_type":1,"patch_value":{"content_block":[{"block_type":10000,"block_id":"40096325788780546","content":{"text_block":{"text":"。"}},"is_finish":false,"patch_type":1}]}}]}


[REGEX MATCH FAIL] This chunk contains no ID
[FEEDING PARSER]...
[RAW CHUNK RECEIVED] len=1306, content=id: 23
event: STREAM_CHUNK
data: {"message_id":"46548033095849730","patch_op":[{"patch_object":111,"patch_type":1,"patch_value":{"tts_content":"。"}}]}

id: 24
event: STREAM_CHUNK
data: {"message_id":"46548033095849730","patch_op":[{"patch_object":1,"patch_type":1,"patch_value":{"content_block":[{"block_type":10000,"block_id":"40096325788780546","content":{"text_block":{"text":"\n\n"}},"is_finish":false,"patch_type":1}]}}]}

id: 25
event: STREAM_CHUNK
data: {"message_id":"46548033095849730","patch_op":[{"patch_object":111,"patch_type":1,"patch_value":{"tts_content":"\n\n"}}]}

id: 26
event: STREAM_CHUNK
data: {"message_id":"46548033095849730","patch_op":[{"patch_object":1,"patch_type":1,"patch_value":{"content_block":[{"block_type":10000,"block_id":"40096325788780546","content":{"text_block":{"text":"本次使用 **Seedance 2.0 全能视频模型**生成，将消耗 2 个视频生成额度，预计等待 1-3分钟。视频生成好后，我会及时通知你，今日剩余 8 个视频生成额度。"}},"is_finish":false,"patch_type":1}]}},{"patch_object":50,"patch_type":1,"patch_value":{"ext":{"disable_regen":"1","has_video_gen":"1","text2image_text_finish":"1"}}}]}

id: 27
event: STREAM_CHUNK
data: {"message_id":"46548033095849730","patch_op":[{"patch_object":111,"patch_type":1,"patch_value":{"tts_content":"本次使用 **Seedance 2.0 全能视频模型**生成，将消耗 2 个视频生成额度，预计等待 1-3分钟。视频生成好后，我会及时通知你，今日剩余 8 个视频生成额度。"}}]}


[REGEX MATCH FAIL] This chunk contains no ID
[FEEDING PARSER]...
[RAW CHUNK RECEIVED] len=2166, content=id: 28
event: STREAM_CHUNK
data: {"message_id":"46548033095849730","patch_op":[{"patch_object":3,"patch_type":2,"patch_value":{}},{"patch_object":1,"patch_type":2,"patch_value":{"content_block":[{"block_type":10000,"block_id":"40096325788944130","content":{"text_block":{"text":"抱歉，由于版权相关限制，暂时无法创作对应的内容，换其他主题试试吧。"}},"is_finish":true,"patch_type":1}]}},{"patch_object":50,"patch_type":1,"patch_value":{"ext":{"ai_creation_fallback_retry":"false","include_creation_material":"0","agent_context":"null","ai_creation_duration_info":"[{\"type\":1,\"task_id\":\"\",\"duration_info\":[{\"step_name\":\"pre\",\"duration\":192},{\"step_name\":\"pre_prompt_review\",\"duration\":162},{\"step_name\":\"pre_prompt_attachment_review\",\"duration\":2436},{\"step_name\":\"rag\",\"duration\":0},{\"step_name\":\"plan\",\"duration\":2738},{\"step_name\":\"fc\",\"duration\":2553},{\"step_name\":\"simple_task\",\"duration\":0},{\"step_name\":\"total\",\"duration\":8169}],\"error_code\":1}]","disable_action_view":"true","ai_create_show_mode":"text","ai_creation_res_code":"710082032","ai_creation_tool_list":"[{\"task_id\":46548033095903234,\"tool_name\":\"ai_creation\",\"req_key\":\"\",\"task_type\":6,\"index\":0,\"status\":5,\"tool_name_list\":null,\"dispatcher_agent\":\"\",\"based_task_id_list\":null,\"agent_version\":\"agent_30\",\"is_multi_round\":false,\"fail_code\":710082032,\"cache\":0,\"based_message_id_list\":null}]","creation_full_content":"","creation_material_info":"","intention":"agent_creation","x_aiplugin_extra_info":"{\"response_starling_key\":\"\",\"risk_operation\":\"[\\\"3\\\"]\",\"risk_starling_key\":\"\"}","ai_creation_show_mode":"text","brief":"抱歉，由于版权相关限制，暂时无法创作对应的内容，换其他主题试试吧。","is_finish":"1"}}}]}

id: 29
event: STREAM_CHUNK
data: {"message_id":"46548033095849730","patch_op":[{"patch_object":111,"patch_type":2,"patch_value":{"tts_content":"抱歉，由于版权相关限制，暂时无法创作对应的内容，换其他主题试试吧。"}}]}

id: 30
event: STREAM_CHUNK
data: {"message_id":"46548033095849730","patch_op":[{"patch_object":1,"patch_type":1,"patch_value":{"content_block":[{"block_type":10000,"block_id":"40096325788780546","content":{"text_block":{}},"is_finish":true,"patch_type":1}]}}]}


[REGEX MATCH FAIL] This chunk contains no ID
[FEEDING PARSER]...
[RAW CHUNK RECEIVED] len=257, content=id: 31
event: SSE_REPLY_END
data: {"end_type":1,"msg_finish_attr":{"msgid":"46548033095849730","badge_count":2,"read_badge_count":1,"read_conv_version":1780474954496985,"pre_read_conv_version":1780474954496985,"brief":"抱歉，由于版权相关限制，暂时无法创作对应的内容，换其他主题试试吧。"}}


[REGEX MATCH FAIL] This chunk contains no ID
[FEEDING PARSER]...
[RAW CHUNK RECEIVED] len=91, content=id: 33
event: SSE_REPLY_END
data: {"end_type":2,"answer_finish_attr":{"has_suggest":false}}
[REGEX MATCH FAIL] This chunk contains no ID
[FEEDING PARSER]...
[RAW CHUNK RECEIVED] len=2, content=


[REGEX MATCH FAIL] This chunk contains no ID
[FEEDING PARSER]...
[RAW CHUNK RECEIVED] len=50, content=id: 34
event: SSE_REPLY_END
data: {"end_type":3}


[REGEX MATCH FAIL] This chunk contains no ID
[FEEDING PARSER]...
[RAW CHUNK RECEIVED] len=50, content=id: 35
event: SSE_REPLY_END
data: {"end_type":3}


[REGEX MATCH FAIL] This chunk contains no ID
[FEEDING PARSER]...
[STREAM CLOSED]
[FINALIZE] Final ID: 38428620493580290, Videos Count: 0


--- [2026-06-03T08:23:00.869Z] NEW STREAM START ---
[RAW CHUNK RECEIVED] len=37, content=id: 0
event: SSE_HEARTBEAT
data: {}


[REGEX MATCH FAIL] This chunk contains no ID
[FEEDING PARSER]...
[RAW CHUNK RECEIVED] len=21, content=id: 0
event: SSE_ACK

[REGEX MATCH FAIL] This chunk contains no ID
[FEEDING PARSER]...
[RAW CHUNK RECEIVED] len=2176, content=data: {"query_list":[{"question_id":"46546345307025154","local_message_id":"6b9128e3-5f25-11f1-9064-5d4d0e990e56","message_index":1}],"ack_client_meta":{"conversation_id":"38428890241801474","local_conversation_id":"local_6231256912608576","conversation_type":3,"section_id":"38428890241801730","conversation_info":{"conversation_id":"38428890241801474","conversation_type":3,"creator_id":"3622218132106954","name":"新对话","image":{"image_thumb":{"url":"https://p11-flow-imagex-sign.byteimg.com/ocean-cloud-tos/FileBizType.BIZ_BOT_ICON/bot_0817_01.png~tplv-a9rns2rl98-image-qvalue.png?lk3s=8e244e95&rcl=20260603162256DF9D80EC8EBDC5FA860D&rrcfp=bf2e6f99&x-expires=1783066976&x-signature=5CTXuxxA8iaFc7yeLa0UKcrBsLw%3D"},"image_ori":{"url":"https://p11-flow-imagex-sign.byteimg.com/ocean-cloud-tos/FileBizType.BIZ_BOT_ICON/bot_0817_01.png~tplv-a9rns2rl98-image-qvalue.png?lk3s=8e244e95&rcl=20260603162256DF9D80EC8EBDC5FA860D&rrcfp=bf2e6f99&x-expires=1783066976&x-signature=5CTXuxxA8iaFc7yeLa0UKcrBsLw%3D"}},"participant_count":2,"human_count":1,"tenant_id":0,"biz_id":0,"status":1,"create_time":1780474976,"update_time":1780474976,"extra":"{\"inner_app_id\":\"497858\",\"inner_cluster\":\"default\",\"inner_did\":\"7698710361581032224\",\"inner_env\":\"prod\",\"inner_flow_app_variant\":\"doubao\",\"inner_is_tour\":\"false\",\"inner_log_id\":\"20260603162256DF9D80EC8EBDC5FA860D\",\"inner_pc_version\":\"2.44.0\",\"inner_platform\":\"web\",\"inner_real_app_id\":\"497858\",\"inner_samantha_web\":\"true\",\"inner_tea_uuid\":\"7622636711847140531\",\"inner_tt_wid\":\"7637957343552865832\",\"inner_user_ip\":\"203.132.40.163\",\"inner_version_name\":\"\",\"local_conversation_id\":\"local_6231256912608576\",\"log_id\":\"20260603162256DF9D80EC8EBDC5FA860D\",\"reply_mode\":\"0\"}","msg_cursor":1,"bot_type":3,"retention_cursor":1,"last_read_index":0,"latest_index":0,"last_section_id":"38428890241801730","review_status":2,"create_scene":0,"create_channel":0,"badge_count":0,"read_badge_count":0,"latest_artifact":1}},"timeout_conf":{"answer_first_pending_time":180000,"packet_interval_time":120000,"max_retry_count":10,"max_retry_duration_ms":3600000,"retry_interval_ms":1000}}


[REGEX MATCH SUCCESS] Found ID: 38428890241801474
[FEEDING PARSER]...
[RAW CHUNK RECEIVED] len=6666, content=id: 1
event: FULL_MSG_NOTIFY
data: {"message":{"conversation_id":"38428890241801474","message_id":"46546345307025154","message_body_version":1,"sender_id":"3622218132106954","user_type":1,"content_type":9999,"content":"[{\"block_type\":10052,\"block_id\":\"6b9128e1-5f25-11f1-9064-5d4d0e990e56\",\"content\":{\"attachment_block\":{\"attachments\":[{\"type\":1,\"identifier\":\"6b9101d0-5f25-11f1-9064-5d4d0e990e56\",\"image\":{\"uri\":\"tos-cn-i-a9rns2rl98/279c7746859a4446b1fcd65cf932d35b.png\",\"image_ori\":{\"url\":\"https://p3-flow-imagex-sign.byteimg.com/tos-cn-i-a9rns2rl98/279c7746859a4446b1fcd65cf932d35b.png~tplv-a9rns2rl98-24:720:720.jpeg?lk3s=8e244e95&rcl=20260603162256DF9D80EC8EBDC5FA860D&rrcfp=d52e923b&x-expires=1781079776&x-signature=fofQtjM2xJko3TmbHJViCPp3%2BGY%3D\",\"width\":1340,\"height\":723},\"name\":\"279c7746859a4446b1fcd65cf932d35b.png\"},\"review_state\":1,\"progress\":100,\"upload_status\":1},{\"type\":1,\"identifier\":\"6b9128e0-5f25-11f1-9064-5d4d0e990e56\",\"image\":{\"uri\":\"tos-cn-i-a9rns2rl98/d79da39f8b5b46d99a4a4466976af074.png\",\"image_ori\":{\"url\":\"https://p26-flow-imagex-sign.byteimg.com/tos-cn-i-a9rns2rl98/d79da39f8b5b46d99a4a4466976af074.png~tplv-a9rns2rl98-24:720:720.jpeg?lk3s=8e244e95&rcl=20260603162256DF9D80EC8EBDC5FA860D&rrcfp=d52e923b&x-expires=1781079776&x-signature=zM9eAis7Z0PlXPc7WEOZetgUoTs%3D\",\"width\":650,\"height\":859},\"name\":\"d79da39f8b5b46d99a4a4466976af074.png\"},\"review_state\":1,\"progress\":100,\"upload_status\":1}]}}},{\"block_type\":10000,\"block_id\":\"6b9128e2-5f25-11f1-9064-5d4d0e990e56\",\"content\":{\"text_block\":{\"text\":\"帮我生成视频：比例 「16:9」将图1换成图2得衣服。 做一个再加的模特走秀展示服装\"}}}]","index_in_conv":1,"create_time":1780474977,"biz_content_type":"flow_nested","sec_sender":"MS4wLjABAAAAWjkzt1wrx9Pq78qF-_AMDBykQVQ6G6lZof6iBP3VebAliqYEhy8ho7FaH31WPI0U","content_block":[{"block_type":10052,"block_id":"6b9128e1-5f25-11f1-9064-5d4d0e990e56","content":{"attachment_block":{"attachments":[{"type":1,"identifier":"6b9101d0-5f25-11f1-9064-5d4d0e990e56","image":{"uri":"tos-cn-i-a9rns2rl98/279c7746859a4446b1fcd65cf932d35b.png","image_thumb":{"url":"https://p11-flow-imagex-sign.byteimg.com/tos-cn-i-a9rns2rl98/279c7746859a4446b1fcd65cf932d35b.png~tplv-a9rns2rl98-image.png?lk3s=8e244e95&rcl=20260603162256DF9D80EC8EBDC5FA860D&rrcfp=dafada99&x-expires=2096698977&x-signature=4uiShg2jxMhTh4N3QumXA05Sh5M%3D"},"image_ori":{"url":"https://p3-flow-imagex-sign.byteimg.com/tos-cn-i-a9rns2rl98/279c7746859a4446b1fcd65cf932d35b.png~tplv-a9rns2rl98-image.png?lk3s=8e244e95&rcl=20260603162256DF9D80EC8EBDC5FA860D&rrcfp=dafada99&x-expires=2096698977&x-signature=HZo9jn6tpFeWgDXvkUQF62q9L1k%3D","width":1340,"height":723},"image_preview":{"url":"https://p3-flow-imagex-sign.byteimg.com/tos-cn-i-a9rns2rl98/279c7746859a4446b1fcd65cf932d35b.png~tplv-a9rns2rl98-image.png?lk3s=8e244e95&rcl=20260603162256DF9D80EC8EBDC5FA860D&rrcfp=dafada99&x-expires=2096698977&x-signature=HZo9jn6tpFeWgDXvkUQF62q9L1k%3D"},"name":"279c7746859a4446b1fcd65cf932d35b.png"},"review_state":1,"progress":100,"upload_status":1},{"type":1,"identifier":"6b9128e0-5f25-11f1-9064-5d4d0e990e56","image":{"uri":"tos-cn-i-a9rns2rl98/d79da39f8b5b46d99a4a4466976af074.png","image_thumb":{"url":"https://p11-flow-imagex-sign.byteimg.com/tos-cn-i-a9rns2rl98/d79da39f8b5b46d99a4a4466976af074.png~tplv-a9rns2rl98-image.png?lk3s=8e244e95&rcl=20260603162256DF9D80EC8EBDC5FA860D&rrcfp=dafada99&x-expires=2096698977&x-signature=fweQPHCWssT6j9q6jK6g%2BtswhcE%3D"},"image_ori":{"url":"https://p3-flow-imagex-sign.byteimg.com/tos-cn-i-a9rns2rl98/d79da39f8b5b46d99a4a4466976af074.png~tplv-a9rns2rl98-image.png?lk3s=8e244e95&rcl=20260603162256DF9D80EC8EBDC5FA860D&rrcfp=dafada99&x-expires=2096698977&x-signature=vbSoHzIaNM7sDppxXBUPbt7KaI4%3D","width":650,"height":859},"image_preview":{"url":"https://p11-flow-imagex-sign.byteimg.com/tos-cn-i-a9rns2rl98/d79da39f8b5b46d99a4a4466976af074.png~tplv-a9rns2rl98-image.png?lk3s=8e244e95&rcl=20260603162256DF9D80EC8EBDC5FA860D&rrcfp=dafada99&x-expires=2096698977&x-signature=fweQPHCWssT6j9q6jK6g%2BtswhcE%3D"},"name":"d79da39f8b5b46d99a4a4466976af074.png"},"review_state":1,"progress":100,"upload_status":1}]}},"is_finish":false},{"block_type":10000,"block_id":"6b9128e2-5f25-11f1-9064-5d4d0e990e56","content":{"text_block":{"text":"帮我生成视频：比例 「16:9」将图1换成图2得衣服。 做一个再加的模特走秀展示服装"}},"is_finish":false}],"tts_content":"","update_time":1780474977,"ext":{"pre_read_conv_version":"1780474976983908","read_conv_version":"1780474976983908","inner_samantha_web":"true","inner_platform":"web","has_nested_image":"1","chat_next":"1","bot_source":"BotStudio","chat_ability":"{\"ability_type\":17,\"ability_param\":\"{\\\"ratio\\\":\\\"16:9\\\"}\"}","inner_user_ip":"203.132.40.163","inner_env":"prod","inner_real_app_id":"497858","inner_log_id":"20260603162256DF9D80EC8EBDC5FA860D","conversation_init_option":"{\"need_ack_conversation\":true}","sub_conv_firstmet_type":"1","answer_with_suggest":"0","msg_update_time_ms":"1780474977006","is_ai_playground":"false","inner_flow_app_variant":"doubao","section_tag_1h":"38428890241801730_2026060316","update_version_code":"0","chat_history_count":"0","inner_libra_versions":"9681435,16407271,16762144,16822855,16870837,16870879,16870910,16870989,16871014,16876725,16917975,16921305,9427166,15020092,16962881,16336904,10541099,11100283,11100284,12077497,16575585,16590998,16653056,16751185,16797814,16823079,16871484,16871525,16871578,16871603,16871654,16876658,16882636,16905316,16908096,16934034,16951902,16957347,16963975,16964324,16969209,16972279,11958164,12628471,13349017,14207348,14432780,14438036,14464960,15106043,15373303,16800683,16819984,16827665,16881348,16884297,16888352,16966208,16968354,16969459,16991331","client_report_scene":"gui","inner_version_name":"","fp":"7622636711847140531","bot_id":"7338286299411103781","use_content_block":"1","inner_pc_version":"2.44.0","inner_bot_id":"0","inner_region":"CN","biz_content_type":"flow_nested","inner_terminal_app_id":"497858","collection_id":"","commerce_credit_config_enable":"0","message_from":"InputBox","memory_reflect":"1","speaker_id":"zh_female_wenroutaozi_uranus_bigtts","old_content_type":"20","llm_model_type":"38","input_skill":"{\"skill_id\":\"17\",\"skill_type\":17}","image_attachment_num":"2","inner_msg_lang_display_code":"zh","inner_app_id":"497858","inner_is_tour":"false","inner_cluster":"default","is_image_related":"1","inner_msg_lang_confidence":"1","ugc_voice_id":"104","reply_unique_key":"6b9128e4-5f25-11f1-9064-5d4d0e990e56","search_engine_type":"4","is_membership":"0","inner_tea_uuid":"7622636711847140531","group":"1780474976","user_question_round":"1","model_type":"38","inner_m
[REGEX MATCH SUCCESS] Found ID: 38428890241801474
[FEEDING PARSER]...
[RAW CHUNK RECEIVED] len=513, content=sg_lang_exemption":"false","attachment_scene":"4","chat_id":"46546345307025154","inner_did":"7698710361581032224","cot_switch":"0","inner_tt_wid":"7637957343552865832","inner_is_dola_agent_hub":"0","inner_msg_lang_code":"zh"},"local_message_id":"6b9128e3-5f25-11f1-9064-5d4d0e990e56","section_id":"38428890241801730","bot_reply_message_id":"0","fetch_token":"46546345307025154"},"message_attr":{"badge_count":1,"read_badge_count":1,"read_conv_version":1780474976983908,"pre_read_conv_version":1780474976983908}}


[REGEX MATCH FAIL] This chunk contains no ID
[FEEDING PARSER]...
[RAW CHUNK RECEIVED] len=37, content=id: 2
event: SSE_HEARTBEAT
data: {}


[REGEX MATCH FAIL] This chunk contains no ID
[FEEDING PARSER]...
[RAW CHUNK RECEIVED] len=3256, content=id: 3
event: STREAM_MSG_NOTIFY
data: {"content":{"content_block":[{"block_type":10000,"block_id":"40096144533624066","content":{"text_block":{"text":"这"}},"is_finish":false,"patch_type":1}],"content_status":100,"ext":{"auto_create_creation":"1","inner_pc_version":"2.44.0","inner_tt_wid":"7637957343552865832","before_content_type":"9999","cot_switch":"0","inner_msg_lang_confidence":"1","ai_creation_layout_type":"mixed","auto_create_creation_asset":"0","inner_is_dola_agent_hub":"0","memory_reflect":"1","review_scenario_id":"4085066754","user_question_round":"1","bot_state":"{\"bot_id\":\"7338286299411103781\",\"bot_name\":\"豆包\",\"agent_name\":\"Agent-Text2Image\",\"agent_id\":\"7416550974343069696\"}","inner_cluster":"default","is_image_related":"1","type_writer_spring_config":"{\"flow_stream_acceleration\": 0,\"flow_stream_default_interval\": 35}","need_deep_think":"0","regen_no_replace":"1","update_version_code":"0","ai_creation_show_mode":"mixed","inner_is_tour":"false","is_membership":"0","chat_ability":"{\"ability_type\":17,\"ability_param\":\"{\\\"ratio\\\":\\\"16:9\\\"}\"}","image_attachment_num":"2","inner_msg_lang_code":"zh","tea_tags_time_cost":"{\"ack_cost_time\":\"160\",\"first_packet_cost_time\":\"5658\"}","gen_msg_id":"46552549957564930","inner_app_id":"497858","inner_did":"7698710361581032224","inner_log_id":"20260603162256DF9D80EC8EBDC5FA860D","chat_id":"46546345307025154","inner_env":"prod","inner_flow_app_variant":"doubao","inner_samantha_web":"true","input_skill":"{\"skill_id\":\"17\",\"skill_type\":17}","agent_name":"Agent-Text2Image","attachment_scene":"4","inner_msg_lang_exemption":"false","inner_tea_uuid":"7622636711847140531","tts":"","agent_id":"7416550974343069696","ai_create_show_mode":"mixed","client_report_scene":"gui","review_biz_type":"1","chat_next":"1","inner_user_ip":"203.132.40.163","inner_version_name":"","section_tag_1h":"38428890241801730_2026060316","use_content_block":"1","inner_libra_versions":"9681435,16407271,16762144,16822855,16870837,16870879,16870910,16870989,16871014,16876725,16917975,16921305,9427166,15020092,16962881,16336904,10541099,11100283,11100284,12077497,16575585,16590998,16653056,16751185,16797814,16823079,16871484,16871525,16871578,16871603,16871654,16876658,16882636,16905316,16908096,16934034,16951902,16957347,16963975,16964324,16969209,16972279,11958164,12628471,13349017,14207348,14432780,14438036,14464960,15106043,15373303,16800683,16819984,16827665,16881348,16884297,16888352,16966208,16968354,16969459,16991331","inner_msg_lang_display_code":"zh","inner_platform":"web","inner_region":"CN","model_type":"38","use_creation":"1","chat_history_count":"0","inner_real_app_id":"497858","is_pre_moderation":"1","llm_model_type":"38","model_id":"38","old_content_type":"9999","reply_unique_key":"6b9128e4-5f25-11f1-9064-5d4d0e990e56"},"content_type":9999,"model_content":"这","tts_content":"这"},"meta":{"message_id":"46552549957564930","conversation_id":"38428890241801474","section_id":"38428890241801730","sender_id":"7338286299411103781","user_type":2,"create_time":1780474982,"index_in_conv":2,"bot_reply_message_id":"46546345307025154","local_conversation_id":"local_6231256912608576"},"attr":{"reply_unique_key":"6b9128e4-5f25-11f1-9064-5d4d0e990e56"}}


[REGEX MATCH SUCCESS] Found ID: 38428890241801474
[FEEDING PARSER]...
[RAW CHUNK RECEIVED] len=272, content=id: 4
event: STREAM_CHUNK
data: {"message_id":"46552549957564930","patch_op":[{"patch_object":1,"patch_type":1,"patch_value":{"content_block":[{"block_type":10000,"block_id":"40096144533624066","content":{"text_block":{"text":"就"}},"is_finish":false,"patch_type":1}]}}]}


[REGEX MATCH FAIL] This chunk contains no ID
[FEEDING PARSER]...
[RAW CHUNK RECEIVED] len=151, content=id: 5
event: STREAM_CHUNK
data: {"message_id":"46552549957564930","patch_op":[{"patch_object":111,"patch_type":1,"patch_value":{"tts_content":"就"}}]}


[REGEX MATCH FAIL] This chunk contains no ID
[FEEDING PARSER]...
[RAW CHUNK RECEIVED] len=272, content=id: 6
event: STREAM_CHUNK
data: {"message_id":"46552549957564930","patch_op":[{"patch_object":1,"patch_type":1,"patch_value":{"content_block":[{"block_type":10000,"block_id":"40096144533624066","content":{"text_block":{"text":"为"}},"is_finish":false,"patch_type":1}]}}]}


[REGEX MATCH FAIL] This chunk contains no ID
[FEEDING PARSER]...
[RAW CHUNK RECEIVED] len=151, content=id: 7
event: STREAM_CHUNK
data: {"message_id":"46552549957564930","patch_op":[{"patch_object":111,"patch_type":1,"patch_value":{"tts_content":"为"}}]}


[REGEX MATCH FAIL] This chunk contains no ID
[FEEDING PARSER]...
[RAW CHUNK RECEIVED] len=4, content=id: 
[REGEX MATCH FAIL] This chunk contains no ID
[FEEDING PARSER]...
[RAW CHUNK RECEIVED] len=268, content=8
event: STREAM_CHUNK
data: {"message_id":"46552549957564930","patch_op":[{"patch_object":1,"patch_type":1,"patch_value":{"content_block":[{"block_type":10000,"block_id":"40096144533624066","content":{"text_block":{"text":"您"}},"is_finish":false,"patch_type":1}]}}]}


[REGEX MATCH FAIL] This chunk contains no ID
[FEEDING PARSER]...
[RAW CHUNK RECEIVED] len=151, content=id: 9
event: STREAM_CHUNK
data: {"message_id":"46552549957564930","patch_op":[{"patch_object":111,"patch_type":1,"patch_value":{"tts_content":"您"}}]}


[REGEX MATCH FAIL] This chunk contains no ID
[FEEDING PARSER]...
[RAW CHUNK RECEIVED] len=274, content=id: 10
event: STREAM_CHUNK
data: {"message_id":"46552549957564930","patch_op":[{"patch_object":1,"patch_type":1,"patch_value":{"content_block":[{"block_type":10000,"block_id":"40096144533624066","content":{"text_block":{"text":"生成"}},"is_finish":false,"patch_type":1}]}}]}


[REGEX MATCH FAIL] This chunk contains no ID
[FEEDING PARSER]...
[RAW CHUNK RECEIVED] len=26, content=id: 11
event: STREAM_CHUNK
[REGEX MATCH FAIL] This chunk contains no ID
[FEEDING PARSER]...
[RAW CHUNK RECEIVED] len=127, content=
data: {"message_id":"46552549957564930","patch_op":[{"patch_object":111,"patch_type":1,"patch_value":{"tts_content":"生成"}}]}


[REGEX MATCH FAIL] This chunk contains no ID
[FEEDING PARSER]...
[RAW CHUNK RECEIVED] len=274, content=id: 12
event: STREAM_CHUNK
data: {"message_id":"46552549957564930","patch_op":[{"patch_object":1,"patch_type":1,"patch_value":{"content_block":[{"block_type":10000,"block_id":"40096144533624066","content":{"text_block":{"text":"一个"}},"is_finish":false,"patch_type":1}]}}]}


[REGEX MATCH FAIL] This chunk contains no ID
[FEEDING PARSER]...
[RAW CHUNK RECEIVED] len=262, content=id: 13
event: STREAM_CHUNK
data: {"message_id":"46552549957564930","patch_op":[{"patch_object":111,"patch_type":1,"patch_value":{"tts_content":"一个"}}]}

id: 14
event: STREAM_CHUNK
data: {"message_id":"46552549957564930","patch_op":[{"patch_object":1,"patch_type"
[REGEX MATCH FAIL] This chunk contains no ID
[FEEDING PARSER]...
[RAW CHUNK RECEIVED] len=743, content=:1,"patch_value":{"content_block":[{"block_type":10000,"block_id":"40096144533624066","content":{"text_block":{"text":"模特"}},"is_finish":false,"patch_type":1}]}}]}

id: 15
event: STREAM_CHUNK
data: {"message_id":"46552549957564930","patch_op":[{"patch_object":111,"patch_type":1,"patch_value":{"tts_content":"模特"}}]}

id: 16
event: STREAM_CHUNK
data: {"message_id":"46552549957564930","patch_op":[{"patch_object":1,"patch_type":1,"patch_value":{"content_block":[{"block_type":10000,"block_id":"40096144533624066","content":{"text_block":{"text":"走"}},"is_finish":false,"patch_type":1}]}}]}

id: 17
event: STREAM_CHUNK
data: {"message_id":"46552549957564930","patch_op":[{"patch_object":111,"patch_type":1,"patch_value":{"tts_content":"走"}}]}


[REGEX MATCH FAIL] This chunk contains no ID
[FEEDING PARSER]...
[RAW CHUNK RECEIVED] len=1124, content=id: 18
event: STREAM_CHUNK
data: {"message_id":"46552549957564930","patch_op":[{"patch_object":1,"patch_type":1,"patch_value":{"content_block":[{"block_type":10000,"block_id":"40096144533624066","content":{"text_block":{"text":"秀"}},"is_finish":false,"patch_type":1}]}}]}

id: 19
event: STREAM_CHUNK
data: {"message_id":"46552549957564930","patch_op":[{"patch_object":111,"patch_type":1,"patch_value":{"tts_content":"秀"}}]}

id: 20
event: STREAM_CHUNK
data: {"message_id":"46552549957564930","patch_op":[{"patch_object":1,"patch_type":1,"patch_value":{"content_block":[{"block_type":10000,"block_id":"40096144533624066","content":{"text_block":{"text":"的"}},"is_finish":false,"patch_type":1}]}}]}

id: 21
event: STREAM_CHUNK
data: {"message_id":"46552549957564930","patch_op":[{"patch_object":111,"patch_type":1,"patch_value":{"tts_content":"的"}}]}

id: 22
event: STREAM_CHUNK
data: {"message_id":"46552549957564930","patch_op":[{"patch_object":1,"patch_type":1,"patch_value":{"content_block":[{"block_type":10000,"block_id":"40096144533624066","content":{"text_block":{"text":"视频"}},"is_finish":false,"patch_type":1}]}}]}


[REGEX MATCH FAIL] This chunk contains no ID
[FEEDING PARSER]...
[RAW CHUNK RECEIVED] len=1005, content=id: 23
event: STREAM_CHUNK
data: {"message_id":"46552549957564930","patch_op":[{"patch_object":111,"patch_type":1,"patch_value":{"tts_content":"视频"}}]}

id: 24
event: STREAM_CHUNK
data: {"message_id":"46552549957564930","patch_op":[{"patch_object":1,"patch_type":1,"patch_value":{"content_block":[{"block_type":10000,"block_id":"40096144533624066","content":{"text_block":{"text":"，"}},"is_finish":false,"patch_type":1}]}}]}

id: 25
event: STREAM_CHUNK
data: {"message_id":"46552549957564930","patch_op":[{"patch_object":111,"patch_type":1,"patch_value":{"tts_content":"，"}}]}

id: 26
event: STREAM_CHUNK
data: {"message_id":"46552549957564930","patch_op":[{"patch_object":1,"patch_type":1,"patch_value":{"content_block":[{"block_type":10000,"block_id":"40096144533624066","content":{"text_block":{"text":"视频"}},"is_finish":false,"patch_type":1}]}}]}

id: 27
event: STREAM_CHUNK
data: {"message_id":"46552549957564930","patch_op":[{"patch_object":111,"patch_type":1,"patch_value":{"tts_content":"视频"}}]}


[REGEX MATCH FAIL] This chunk contains no ID
[FEEDING PARSER]...
[RAW CHUNK RECEIVED] len=4, content=id: 
[REGEX MATCH FAIL] This chunk contains no ID
[FEEDING PARSER]...
[RAW CHUNK RECEIVED] len=848, content=28
event: STREAM_CHUNK
data: {"message_id":"46552549957564930","patch_op":[{"patch_object":1,"patch_type":1,"patch_value":{"content_block":[{"block_type":10000,"block_id":"40096144533624066","content":{"text_block":{"text":"中"}},"is_finish":false,"patch_type":1}]}}]}

id: 29
event: STREAM_CHUNK
data: {"message_id":"46552549957564930","patch_op":[{"patch_object":111,"patch_type":1,"patch_value":{"tts_content":"中"}}]}

id: 30
event: STREAM_CHUNK
data: {"message_id":"46552549957564930","patch_op":[{"patch_object":1,"patch_type":1,"patch_value":{"content_block":[{"block_type":10000,"block_id":"40096144533624066","content":{"text_block":{"text":"模特"}},"is_finish":false,"patch_type":1}]}}]}

id: 31
event: STREAM_CHUNK
data: {"message_id":"46552549957564930","patch_op":[{"patch_object":111,"patch_type":1,"patch_value":{"tts_content":"模特"}}]}


[REGEX MATCH FAIL] This chunk contains no ID
[FEEDING PARSER]...
[RAW CHUNK RECEIVED] len=287, content=id: 32
event: STREAM_CHUNK
data: {"message_id":"46552549957564930","patch_op":[{"patch_object":1,"patch_type":1,"patch_value":{"content_block":[{"block_type":10000,"block_id":"40096144533624066","content":{"text_block":{"text":"会"}},"is_finish":false,"patch_type":1}]}}]}

id: 33
event: 
[REGEX MATCH FAIL] This chunk contains no ID
[FEEDING PARSER]...
[RAW CHUNK RECEIVED] len=565, content=STREAM_CHUNK
data: {"message_id":"46552549957564930","patch_op":[{"patch_object":111,"patch_type":1,"patch_value":{"tts_content":"会"}}]}

id: 34
event: STREAM_CHUNK
data: {"message_id":"46552549957564930","patch_op":[{"patch_object":1,"patch_type":1,"patch_value":{"content_block":[{"block_type":10000,"block_id":"40096144533624066","content":{"text_block":{"text":"穿着"}},"is_finish":false,"patch_type":1}]}}]}

id: 35
event: STREAM_CHUNK
data: {"message_id":"46552549957564930","patch_op":[{"patch_object":111,"patch_type":1,"patch_value":{"tts_content":"穿着"}}]}


[REGEX MATCH FAIL] This chunk contains no ID
[FEEDING PARSER]...
[RAW CHUNK RECEIVED] len=6, content=id: 36
[REGEX MATCH FAIL] This chunk contains no ID
[FEEDING PARSER]...
[RAW CHUNK RECEIVED] len=1119, content=
event: STREAM_CHUNK
data: {"message_id":"46552549957564930","patch_op":[{"patch_object":1,"patch_type":1,"patch_value":{"content_block":[{"block_type":10000,"block_id":"40096144533624066","content":{"text_block":{"text":"第二"}},"is_finish":false,"patch_type":1}]}}]}

id: 37
event: STREAM_CHUNK
data: {"message_id":"46552549957564930","patch_op":[{"patch_object":111,"patch_type":1,"patch_value":{"tts_content":"第二"}}]}

id: 38
event: STREAM_CHUNK
data: {"message_id":"46552549957564930","patch_op":[{"patch_object":1,"patch_type":1,"patch_value":{"content_block":[{"block_type":10000,"block_id":"40096144533624066","content":{"text_block":{"text":"张"}},"is_finish":false,"patch_type":1}]}}]}

id: 39
event: STREAM_CHUNK
data: {"message_id":"46552549957564930","patch_op":[{"patch_object":111,"patch_type":1,"patch_value":{"tts_content":"张"}}]}

id: 40
event: STREAM_CHUNK
data: {"message_id":"46552549957564930","patch_op":[{"patch_object":1,"patch_type":1,"patch_value":{"content_block":[{"block_type":10000,"block_id":"40096144533624066","content":{"text_block":{"text":"图"}},"is_finish":false,"patch_type":1}]}}]}


[REGEX MATCH FAIL] This chunk contains no ID
[FEEDING PARSER]...
[RAW CHUNK RECEIVED] len=38, content=id: 41
event: SSE_HEARTBEAT
data: {}


[REGEX MATCH FAIL] This chunk contains no ID
[FEEDING PARSER]...
[RAW CHUNK RECEIVED] len=152, content=id: 41
event: STREAM_CHUNK
data: {"message_id":"46552549957564930","patch_op":[{"patch_object":111,"patch_type":1,"patch_value":{"tts_content":"图"}}]}


[REGEX MATCH FAIL] This chunk contains no ID
[FEEDING PARSER]...
[RAW CHUNK RECEIVED] len=854, content=id: 42
event: STREAM_CHUNK
data: {"message_id":"46552549957564930","patch_op":[{"patch_object":1,"patch_type":1,"patch_value":{"content_block":[{"block_type":10000,"block_id":"40096144533624066","content":{"text_block":{"text":"中的"}},"is_finish":false,"patch_type":1}]}}]}

id: 43
event: STREAM_CHUNK
data: {"message_id":"46552549957564930","patch_op":[{"patch_object":111,"patch_type":1,"patch_value":{"tts_content":"中的"}}]}

id: 44
event: STREAM_CHUNK
data: {"message_id":"46552549957564930","patch_op":[{"patch_object":1,"patch_type":1,"patch_value":{"content_block":[{"block_type":10000,"block_id":"40096144533624066","content":{"text_block":{"text":"衣服"}},"is_finish":false,"patch_type":1}]}}]}

id: 45
event: STREAM_CHUNK
data: {"message_id":"46552549957564930","patch_op":[{"patch_object":111,"patch_type":1,"patch_value":{"tts_content":"衣服"}}]}


[REGEX MATCH FAIL] This chunk contains no ID
[FEEDING PARSER]...
[RAW CHUNK RECEIVED] len=699, content=id: 46
event: STREAM_CHUNK
data: {"message_id":"46552549957564930","patch_op":[{"patch_object":1,"patch_type":1,"patch_value":{"content_block":[{"block_type":10000,"block_id":"40096144533624066","content":{"text_block":{"text":"，"}},"is_finish":false,"patch_type":1}]}}]}

id: 47
event: STREAM_CHUNK
data: {"message_id":"46552549957564930","patch_op":[{"patch_object":111,"patch_type":1,"patch_value":{"tts_content":"，"}}]}

id: 48
event: STREAM_CHUNK
data: {"message_id":"46552549957564930","patch_op":[{"patch_object":1,"patch_type":1,"patch_value":{"content_block":[{"block_type":10000,"block_id":"40096144533624066","content":{"text_block":{"text":"画面"}},"is_finish":false,"patch_type":1}]}}]}


[REGEX MATCH FAIL] This chunk contains no ID
[FEEDING PARSER]...
[RAW CHUNK RECEIVED] len=427, content=id: 49
event: STREAM_CHUNK
data: {"message_id":"46552549957564930","patch_op":[{"patch_object":111,"patch_type":1,"patch_value":{"tts_content":"画面"}}]}

id: 50
event: STREAM_CHUNK
data: {"message_id":"46552549957564930","patch_op":[{"patch_object":1,"patch_type":1,"patch_value":{"content_block":[{"block_type":10000,"block_id":"40096144533624066","content":{"text_block":{"text":"比例"}},"is_finish":false,"patch_type":1}]}}]}


[REGEX MATCH FAIL] This chunk contains no ID
[FEEDING PARSER]...
[RAW CHUNK RECEIVED] len=27, content=id: 51
event: STREAM_CHUNK

[REGEX MATCH FAIL] This chunk contains no ID
[FEEDING PARSER]...
[RAW CHUNK RECEIVED] len=976, content=data: {"message_id":"46552549957564930","patch_op":[{"patch_object":111,"patch_type":1,"patch_value":{"tts_content":"比例"}}]}

id: 52
event: STREAM_CHUNK
data: {"message_id":"46552549957564930","patch_op":[{"patch_object":1,"patch_type":1,"patch_value":{"content_block":[{"block_type":10000,"block_id":"40096144533624066","content":{"text_block":{"text":"为"}},"is_finish":false,"patch_type":1}]}}]}

id: 53
event: STREAM_CHUNK
data: {"message_id":"46552549957564930","patch_op":[{"patch_object":111,"patch_type":1,"patch_value":{"tts_content":"为"}}]}

id: 54
event: STREAM_CHUNK
data: {"message_id":"46552549957564930","patch_op":[{"patch_object":1,"patch_type":1,"patch_value":{"content_block":[{"block_type":10000,"block_id":"40096144533624066","content":{"text_block":{"text":"1"}},"is_finish":false,"patch_type":1}]}}]}

id: 55
event: STREAM_CHUNK
data: {"message_id":"46552549957564930","patch_op":[{"patch_object":111,"patch_type":1,"patch_value":{"tts_content":"1"}}]}


[REGEX MATCH FAIL] This chunk contains no ID
[FEEDING PARSER]...
[RAW CHUNK RECEIVED] len=1123, content=id: 56
event: STREAM_CHUNK
data: {"message_id":"46552549957564930","patch_op":[{"patch_object":1,"patch_type":1,"patch_value":{"content_block":[{"block_type":10000,"block_id":"40096144533624066","content":{"text_block":{"text":"6"}},"is_finish":false,"patch_type":1}]}}]}

id: 57
event: STREAM_CHUNK
data: {"message_id":"46552549957564930","patch_op":[{"patch_object":111,"patch_type":1,"patch_value":{"tts_content":"6"}}]}

id: 58
event: STREAM_CHUNK
data: {"message_id":"46552549957564930","patch_op":[{"patch_object":1,"patch_type":1,"patch_value":{"content_block":[{"block_type":10000,"block_id":"40096144533624066","content":{"text_block":{"text":":"}},"is_finish":false,"patch_type":1}]}}]}

id: 59
event: STREAM_CHUNK
data: {"message_id":"46552549957564930","patch_op":[{"patch_object":111,"patch_type":1,"patch_value":{"tts_content":":"}}]}

id: 60
event: STREAM_CHUNK
data: {"message_id":"46552549957564930","patch_op":[{"patch_object":1,"patch_type":1,"patch_value":{"content_block":[{"block_type":10000,"block_id":"40096144533624066","content":{"text_block":{"text":"9"}},"is_finish":false,"patch_type":1}]}}]}


[REGEX MATCH FAIL] This chunk contains no ID
[FEEDING PARSER]...
[RAW CHUNK RECEIVED] len=152, content=id: 61
event: STREAM_CHUNK
data: {"message_id":"46552549957564930","patch_op":[{"patch_object":111,"patch_type":1,"patch_value":{"tts_content":"9"}}]}


[REGEX MATCH FAIL] This chunk contains no ID
[FEEDING PARSER]...
[RAW CHUNK RECEIVED] len=856, content=id: 62
event: STREAM_CHUNK
data: {"message_id":"46552549957564930","patch_op":[{"patch_object":1,"patch_type":1,"patch_value":{"content_block":[{"block_type":10000,"block_id":"40096144533624066","content":{"text_block":{"text":"。"}},"is_finish":false,"patch_type":1}]}}]}

id: 63
event: STREAM_CHUNK
data: {"message_id":"46552549957564930","patch_op":[{"patch_object":111,"patch_type":1,"patch_value":{"tts_content":"。"}}]}

id: 64
event: STREAM_CHUNK
data: {"message_id":"46552549957564930","patch_op":[{"patch_object":1,"patch_type":1,"patch_value":{"content_block":[{"block_type":10000,"block_id":"40096144533624066","content":{"text_block":{"text":"\n\n"}},"is_finish":false,"patch_type":1}]}}]}

id: 65
event: STREAM_CHUNK
data: {"message_id":"46552549957564930","patch_op":[{"patch_object":111,"patch_type":1,"patch_value":{"tts_content":"\n\n"}}]}


[REGEX MATCH FAIL] This chunk contains no ID
[FEEDING PARSER]...
[RAW CHUNK RECEIVED] len=2889, content=id: 66
event: STREAM_CHUNK
data: {"message_id":"46552549957564930","patch_op":[{"patch_object":1,"patch_type":1,"patch_value":{"content_block":[{"block_type":10000,"block_id":"40096144533624066","content":{"text_block":{"text":"本次使用 **Seedance 2.0 全能视频模型**生成，将消耗 2 个视频生成额度，预计等待 1-3分钟。视频生成好后，我会及时通知你，今日剩余 8 个视频生成额度。"}},"is_finish":false,"patch_type":1}]}},{"patch_object":50,"patch_type":1,"patch_value":{"ext":{"text2image_text_finish":"1","disable_regen":"1","has_video_gen":"1"}}}]}

id: 67
event: STREAM_CHUNK
data: {"message_id":"46552549957564930","patch_op":[{"patch_object":111,"patch_type":1,"patch_value":{"tts_content":"本次使用 **Seedance 2.0 全能视频模型**生成，将消耗 2 个视频生成额度，预计等待 1-3分钟。视频生成好后，我会及时通知你，今日剩余 8 个视频生成额度。"}}]}

id: 68
event: STREAM_CHUNK
data: {"message_id":"46552549957564930","patch_op":[{"patch_object":3,"patch_type":2,"patch_value":{}},{"patch_object":1,"patch_type":2,"patch_value":{"content_block":[{"block_type":10000,"block_id":"40096144533785346","content":{"text_block":{"text":"抱歉，由于版权相关限制，暂时无法创作对应的内容，换其他主题试试吧。"}},"is_finish":true,"patch_type":1}]}},{"patch_object":50,"patch_type":1,"patch_value":{"ext":{"ai_creation_duration_info":"[{\"type\":1,\"task_id\":\"\",\"duration_info\":[{\"step_name\":\"pre\",\"duration\":118},{\"step_name\":\"pre_prompt_review\",\"duration\":142},{\"step_name\":\"pre_prompt_attachment_review\",\"duration\":2465},{\"step_name\":\"rag\",\"duration\":0},{\"step_name\":\"plan\",\"duration\":3261},{\"step_name\":\"fc\",\"duration\":2246},{\"step_name\":\"simple_task\",\"duration\":0},{\"step_name\":\"total\",\"duration\":9198}],\"error_code\":1}]","ai_creation_res_code":"710082032","brief":"抱歉，由于版权相关限制，暂时无法创作对应的内容，换其他主题试试吧。","creation_material_info":"","ai_creation_fallback_retry":"false","ai_creation_tool_list":"[{\"task_id\":46552549957634818,\"tool_name\":\"ai_creation\",\"req_key\":\"\",\"task_type\":6,\"index\":0,\"status\":5,\"tool_name_list\":null,\"dispatcher_agent\":\"\",\"based_task_id_list\":null,\"agent_version\":\"agent_30\",\"is_multi_round\":false,\"fail_code\":710082032,\"cache\":0,\"based_message_id_list\":null}]","creation_full_content":"","intention":"agent_creation","ai_create_show_mode":"text","ai_creation_show_mode":"text","disable_action_view":"true","include_creation_material":"0","is_finish":"1","agent_context":"null","x_aiplugin_extra_info":"{\"response_starling_key\":\"\",\"risk_operation\":\"[\\\"3\\\"]\",\"risk_starling_key\":\"\"}"}}}]}

id: 69
event: STREAM_CHUNK
data: {"message_id":"46552549957564930","patch_op":[{"patch_object":111,"patch_type":2,"patch_value":{"tts_content":"抱歉，由于版权相关限制，暂时无法创作对应的内容，换其他主题试试吧。"}}]}

id: 70
event: STREAM_CHUNK
data: {"message_id":"46552549957564930","patch_op":[{"patch_object":1,"patch_type":1,"patch_value":{"content_block":[{"block_type":10000,"block_id":"40096144533624066","content":{"text_block":{}},"is_finish":true,"patch_type":1}]}}]}


[REGEX MATCH FAIL] This chunk contains no ID
[FEEDING PARSER]...
[RAW CHUNK RECEIVED] len=4, content=id: 
[REGEX MATCH FAIL] This chunk contains no ID
[FEEDING PARSER]...
[RAW CHUNK RECEIVED] len=253, content=71
event: SSE_REPLY_END
data: {"end_type":1,"msg_finish_attr":{"msgid":"46552549957564930","badge_count":2,"read_badge_count":1,"read_conv_version":1780474982460149,"pre_read_conv_version":1780474982460149,"brief":"抱歉，由于版权相关限制，暂时无法创作对应的内容，换其他主题试试吧。"}}


[REGEX MATCH FAIL] This chunk contains no ID
[FEEDING PARSER]...
[RAW CHUNK RECEIVED] len=93, content=id: 73
event: SSE_REPLY_END
data: {"end_type":2,"answer_finish_attr":{"has_suggest":false}}


[REGEX MATCH FAIL] This chunk contains no ID
[FEEDING PARSER]...
[RAW CHUNK RECEIVED] len=27, content=id: 74
event: SSE_REPLY_END
[REGEX MATCH FAIL] This chunk contains no ID
[FEEDING PARSER]...
[RAW CHUNK RECEIVED] len=23, content=
data: {"end_type":3}


[REGEX MATCH FAIL] This chunk contains no ID
[FEEDING PARSER]...
[RAW CHUNK RECEIVED] len=50, content=id: 75
event: SSE_REPLY_END
data: {"end_type":3}


[REGEX MATCH FAIL] This chunk contains no ID
[FEEDING PARSER]...
[STREAM CLOSED]
[FINALIZE] Final ID: 38428890241801474, Videos Count: 0


--- [2026-06-03T08:28:16.807Z] NEW STREAM START ---
[RAW CHUNK RECEIVED] len=27, content=id: 0
event: SSE_HEARTBEAT

[REGEX MATCH FAIL] This chunk contains no ID
[FEEDING PARSER]...
[RAW CHUNK RECEIVED] len=10, content=data: {}


[REGEX MATCH FAIL] This chunk contains no ID
[FEEDING PARSER]...
[RAW CHUNK RECEIVED] len=6, content=id: 0

[REGEX MATCH FAIL] This chunk contains no ID
[FEEDING PARSER]...
[RAW CHUNK RECEIVED] len=2193, content=event: SSE_ACK
data: {"query_list":[{"question_id":"46545329992689410","local_message_id":"27d17372-5f26-11f1-a850-f584d4ed454b","message_index":1}],"ack_client_meta":{"conversation_id":"38428602395762946","local_conversation_id":"local_6790372490959798","conversation_type":3,"section_id":"38428602395763202","conversation_info":{"conversation_id":"38428602395762946","conversation_type":3,"creator_id":"3622218132106954","name":"新对话","image":{"image_thumb":{"url":"https://p6-flow-imagex-sign.byteimg.com/ocean-cloud-tos/FileBizType.BIZ_BOT_ICON/bot_0817_04.png~tplv-a9rns2rl98-image-qvalue.png?lk3s=8e244e95&rcl=2026060316281249800B253AE0911154A7&rrcfp=bf2e6f99&x-expires=1783067292&x-signature=W53l8qNEGd%2FjomWKsFehHFZrxbg%3D"},"image_ori":{"url":"https://p6-flow-imagex-sign.byteimg.com/ocean-cloud-tos/FileBizType.BIZ_BOT_ICON/bot_0817_04.png~tplv-a9rns2rl98-image-qvalue.png?lk3s=8e244e95&rcl=2026060316281249800B253AE0911154A7&rrcfp=bf2e6f99&x-expires=1783067292&x-signature=W53l8qNEGd%2FjomWKsFehHFZrxbg%3D"}},"participant_count":2,"human_count":1,"tenant_id":0,"biz_id":0,"status":1,"create_time":1780475292,"update_time":1780475292,"extra":"{\"inner_app_id\":\"497858\",\"inner_cluster\":\"default\",\"inner_did\":\"7698710361581032224\",\"inner_env\":\"prod\",\"inner_flow_app_variant\":\"doubao\",\"inner_is_tour\":\"false\",\"inner_log_id\":\"2026060316281249800B253AE0911154A7\",\"inner_pc_version\":\"2.44.0\",\"inner_platform\":\"web\",\"inner_real_app_id\":\"497858\",\"inner_samantha_web\":\"true\",\"inner_tea_uuid\":\"7622636711847140531\",\"inner_tt_wid\":\"7637957343552865832\",\"inner_user_ip\":\"203.132.40.163\",\"inner_version_name\":\"\",\"local_conversation_id\":\"local_6790372490959798\",\"log_id\":\"2026060316281249800B253AE0911154A7\",\"reply_mode\":\"0\"}","msg_cursor":1,"bot_type":3,"retention_cursor":1,"last_read_index":0,"latest_index":0,"last_section_id":"38428602395763202","review_status":2,"create_scene":0,"create_channel":0,"badge_count":0,"read_badge_count":0,"latest_artifact":1}},"timeout_conf":{"answer_first_pending_time":180000,"packet_interval_time":120000,"max_retry_count":10,"max_retry_duration_ms":3600000,"retry_interval_ms":1000}}


[REGEX MATCH SUCCESS] Found ID: 38428602395762946
[FEEDING PARSER]...
[RAW CHUNK RECEIVED] len=7189, content=id: 1
event: FULL_MSG_NOTIFY
data: {"message":{"conversation_id":"38428602395762946","message_id":"46545329992689410","message_body_version":1,"sender_id":"3622218132106954","user_type":1,"content_type":9999,"content":"[{\"block_type\":10052,\"block_id\":\"27d17370-5f26-11f1-a850-f584d4ed454b\",\"content\":{\"attachment_block\":{\"attachments\":[{\"type\":1,\"identifier\":\"27d14c60-5f26-11f1-a850-f584d4ed454b\",\"image\":{\"uri\":\"tos-cn-i-a9rns2rl98/bcdb0239889d42019ebc40f4012c75a8.png\",\"image_ori\":{\"url\":\"https://p11-flow-imagex-sign.byteimg.com/tos-cn-i-a9rns2rl98/bcdb0239889d42019ebc40f4012c75a8.png~tplv-a9rns2rl98-24:720:720.jpeg?lk3s=8e244e95&rcl=2026060316281249800B253AE0911154A7&rrcfp=d52e923b&x-expires=1781080092&x-signature=vqeudQIKR3aHb8Z0MNd53Oqr5rE%3D\",\"width\":1340,\"height\":723},\"name\":\"bcdb0239889d42019ebc40f4012c75a8.png\"},\"review_state\":1,\"progress\":100,\"upload_status\":1},{\"type\":1,\"identifier\":\"27d14c61-5f26-11f1-a850-f584d4ed454b\",\"image\":{\"uri\":\"tos-cn-i-a9rns2rl98/e8d6c3be1eec4e48bcda1052507134ef.png\",\"image_ori\":{\"url\":\"https://p3-flow-imagex-sign.byteimg.com/tos-cn-i-a9rns2rl98/e8d6c3be1eec4e48bcda1052507134ef.png~tplv-a9rns2rl98-24:720:720.jpeg?lk3s=8e244e95&rcl=2026060316281249800B253AE0911154A7&rrcfp=d52e923b&x-expires=1781080092&x-signature=mGh2moVNFjiiRCT0q4o%2BDX9XIV0%3D\",\"width\":650,\"height\":859},\"name\":\"e8d6c3be1eec4e48bcda1052507134ef.png\"},\"review_state\":1,\"progress\":100,\"upload_status\":1}]}}},{\"block_type\":10000,\"block_id\":\"27d17371-5f26-11f1-a850-f584d4ed454b\",\"content\":{\"text_block\":{\"text\":\"帮我生成视频：比例 「16:9」将图1换成图2得衣服。 做一个再加的模特走秀展示服装\"}}}]","index_in_conv":1,"create_time":1780475292,"biz_content_type":"flow_nested","sec_sender":"MS4wLjABAAAAWjkzt1wrx9Pq78qF-_AMDBykQVQ6G6lZof6iBP3VebAliqYEhy8ho7FaH31WPI0U","content_block":[{"block_type":10052,"block_id":"27d17370-5f26-11f1-a850-f584d4ed454b","content":{"attachment_block":{"attachments":[{"type":1,"identifier":"27d14c60-5f26-11f1-a850-f584d4ed454b","image":{"uri":"tos-cn-i-a9rns2rl98/bcdb0239889d42019ebc40f4012c75a8.png","image_thumb":{"url":"https://p3-flow-imagex-sign.byteimg.com/tos-cn-i-a9rns2rl98/bcdb0239889d42019ebc40f4012c75a8.png~tplv-a9rns2rl98-image.png?lk3s=8e244e95&rcl=2026060316281249800B253AE0911154A7&rrcfp=dafada99&x-expires=2096699292&x-signature=4W8E28f7SOm3AYZJ7DeJlNaJ4Og%3D"},"image_ori":{"url":"https://p26-flow-imagex-sign.byteimg.com/tos-cn-i-a9rns2rl98/bcdb0239889d42019ebc40f4012c75a8.png~tplv-a9rns2rl98-image.png?lk3s=8e244e95&rcl=2026060316281249800B253AE0911154A7&rrcfp=dafada99&x-expires=2096699292&x-signature=xcgiNw%2F3IM41f2No64SX%2BVSdK3k%3D","width":1340,"height":723},"image_preview":{"url":"https://p11-flow-imagex-sign.byteimg.com/tos-cn-i-a9rns2rl98/bcdb0239889d42019ebc40f4012c75a8.png~tplv-a9rns2rl98-image.png?lk3s=8e244e95&rcl=2026060316281249800B253AE0911154A7&rrcfp=dafada99&x-expires=2096699292&x-signature=TAW%2BfhiW%2BgvUVIRbZpPtXBcSJyM%3D"},"name":"bcdb0239889d42019ebc40f4012c75a8.png"},"review_state":1,"progress":100,"upload_status":1},{"type":1,"identifier":"27d14c61-5f26-11f1-a850-f584d4ed454b","image":{"uri":"tos-cn-i-a9rns2rl98/e8d6c3be1eec4e48bcda1052507134ef.png","image_thumb":{"url":"https://p3-flow-imagex-sign.byteimg.com/tos-cn-i-a9rns2rl98/e8d6c3be1eec4e48bcda1052507134ef.png~tplv-a9rns2rl98-image.png?lk3s=8e244e95&rcl=2026060316281249800B253AE0911154A7&rrcfp=dafada99&x-expires=2096699292&x-signature=zwEem%2BEJb4YkfPLzxravCLWgtMM%3D"},"image_ori":{"url":"https://p26-flow-imagex-sign.byteimg.com/tos-cn-i-a9rns2rl98/e8d6c3be1eec4e48bcda1052507134ef.png~tplv-a9rns2rl98-image.png?lk3s=8e244e95&rcl=2026060316281249800B253AE0911154A7&rrcfp=dafada99&x-expires=2096699292&x-signature=LyeujhIPy6rQpaPz%2BuSMyIT%2Beak%3D","width":650,"height":859},"image_preview":{"url":"https://p6-flow-imagex-sign.byteimg.com/tos-cn-i-a9rns2rl98/e8d6c3be1eec4e48bcda1052507134ef.png~tplv-a9rns2rl98-image.png?lk3s=8e244e95&rcl=2026060316281249800B253AE0911154A7&rrcfp=dafada99&x-expires=2096699292&x-signature=gV1bMNithnjO5RXueYBeWDGPYQE%3D"},"name":"e8d6c3be1eec4e48bcda1052507134ef.png"},"review_state":1,"progress":100,"upload_status":1}]}},"is_finish":false},{"block_type":10000,"block_id":"27d17371-5f26-11f1-a850-f584d4ed454b","content":{"text_block":{"text":"帮我生成视频：比例 「16:9」将图1换成图2得衣服。 做一个再加的模特走秀展示服装"}},"is_finish":false}],"tts_content":"","update_time":1780475292,"ext":{"inner_user_ip":"203.132.40.163","inner_log_id":"2026060316281249800B253AE0911154A7","speaker_id":"zh_female_wenroutaozi_uranus_bigtts","inner_platform":"web","use_content_block":"1","inner_msg_lang_confidence":"1","inner_terminal_app_id":"497858","is_membership":"0","chat_next":"1","section_tag_1h":"38428602395763202_2026060316","inner_region":"CN","inner_is_tour":"false","inner_msg_lang_display_code":"zh","read_conv_version":"1780475292871436","model_type":"38","attachment_scene":"4","user_question_round":"1","input_skill":"{\"skill_id\":\"17\",\"skill_type\":17}","biz_content_type":"flow_nested","bot_id":"7338286299411103781","chat_history_count":"0","inner_pc_version":"2.44.0","inner_samantha_web":"true","inner_did":"7698710361581032224","has_nested_image":"1","inner_cluster":"default","inner_real_app_id":"497858","message_from":"InputBox","inner_env":"prod","inner_msg_lang_exemption":"false","inner_tt_wid":"7637957343552865832","inner_flow_app_variant":"doubao","update_version_code":"0","inner_version_name":"","search_engine_type":"4","inner_libra_versions":"9681435,16407271,16762144,16822855,16870837,16870879,16870910,16870989,16871014,16876725,16917975,16921305,9427166,15020092,16962881,16336904,10541099,11100283,11100284,12077497,16575585,16590998,16653056,16751185,16797814,16823079,16871484,16871525,16871578,16871603,16871654,16876658,16882636,16905316,16908096,16934034,16951902,16957347,16963975,16964324,16969209,16972279,11958164,12628471,13349017,14207348,14432780,14438036,14464960,15106043,15373303,16800683,16819984,16827665,16881348,16884297,16888352,16966208,16968354,16969459,16991331","msg_update_time_ms":"1780475292896","sub_conv_firstmet_type":"1","bot_source":"BotStudio","inner_msg_lang_code":"zh","pre_read_conv_version":"1780475292871436","chat_id":"46545329992689410","is_image_related":"1","is_ai_playground":"false","answer_with_suggest":"0","memory_reflect":"1","cot_switch":"0","commerce_credit_config_enable":"0","inner_is_dola_agent_hub":"0","group":"1780475292","collection_id":"","client_report_scene":"gui","reply_unique_key":"27d17373-5f26-11f1-a850-f584d4ed454b","inner_app_id":"497858","image_attachment_num":"2","conversation_init_option":"{\"need_ack_conversation\":true}","inner_bot_id":"0","old_content_type":"20","ugc_voice_id":"104","fp":"7622636711847140531","llm_model_type":"38","inner_tea_uuid":"7622636711847140531","chat_ability":"{\"ability_type\":17,\"ability_param\":\"{\\\"ratio\\\":\\\"16:9\\\"}\"}"},"local_message_id":"27d17372-5f26-11f1-a850-f584d4ed454b","section_id":"38428602395763202","bot_reply_message_id":"0","fetch_token":"46545329992689410"},"message_attr":{"badge_count":1,"read_badge_count":1,"read_conv_version":1780475292871436,"pre_read_conv_version":1780475292871436}}


[REGEX MATCH SUCCESS] Found ID: 38428602395762946
[FEEDING PARSER]...
[RAW CHUNK RECEIVED] len=3256, content=id: 3
event: STREAM_MSG_NOTIFY
data: {"content":{"content_block":[{"block_type":10000,"block_id":"40097731089443586","content":{"text_block":{"text":"这"}},"is_finish":false,"patch_type":1}],"content_status":100,"ext":{"ai_creation_layout_type":"mixed","client_report_scene":"gui","inner_did":"7698710361581032224","inner_pc_version":"2.44.0","review_scenario_id":"4085066754","use_content_block":"1","inner_libra_versions":"9681435,16407271,16762144,16822855,16870837,16870879,16870910,16870989,16871014,16876725,16917975,16921305,9427166,15020092,16962881,16336904,10541099,11100283,11100284,12077497,16575585,16590998,16653056,16751185,16797814,16823079,16871484,16871525,16871578,16871603,16871654,16876658,16882636,16905316,16908096,16934034,16951902,16957347,16963975,16964324,16969209,16972279,11958164,12628471,13349017,14207348,14432780,14438036,14464960,15106043,15373303,16800683,16819984,16827665,16881348,16884297,16888352,16966208,16968354,16969459,16991331","inner_msg_lang_code":"zh","inner_samantha_web":"true","before_content_type":"9999","inner_msg_lang_display_code":"zh","inner_real_app_id":"497858","inner_version_name":"","old_content_type":"9999","tts":"","inner_is_dola_agent_hub":"0","inner_tea_uuid":"7622636711847140531","user_question_round":"1","chat_history_count":"0","inner_flow_app_variant":"doubao","regen_no_replace":"1","cot_switch":"0","inner_app_id":"497858","inner_tt_wid":"7637957343552865832","inner_user_ip":"203.132.40.163","is_membership":"0","ai_create_show_mode":"mixed","chat_next":"1","inner_msg_lang_exemption":"false","is_pre_moderation":"1","ai_creation_show_mode":"mixed","image_attachment_num":"2","bot_state":"{\"bot_id\":\"7338286299411103781\",\"bot_name\":\"豆包\",\"agent_name\":\"Agent-Text2Image\",\"agent_id\":\"7416550974343069696\"}","inner_cluster":"default","review_biz_type":"1","auto_create_creation_asset":"0","tea_tags_time_cost":"{\"ack_cost_time\":\"190\",\"first_packet_cost_time\":\"4505\"}","agent_id":"7416550974343069696","chat_id":"46545329992689410","inner_is_tour":"false","inner_msg_lang_confidence":"1","inner_region":"CN","chat_ability":"{\"ability_type\":17,\"ability_param\":\"{\\\"ratio\\\":\\\"16:9\\\"}\"}","inner_platform":"web","input_skill":"{\"skill_id\":\"17\",\"skill_type\":17}","model_id":"38","update_version_code":"0","attachment_scene":"4","is_image_related":"1","gen_msg_id":"46548050270205698","inner_env":"prod","model_type":"38","reply_unique_key":"27d17373-5f26-11f1-a850-f584d4ed454b","type_writer_spring_config":"{\"flow_stream_acceleration\": 0,\"flow_stream_default_interval\": 35}","agent_name":"Agent-Text2Image","memory_reflect":"1","need_deep_think":"0","section_tag_1h":"38428602395763202_2026060316","auto_create_creation":"1","inner_log_id":"2026060316281249800B253AE0911154A7","llm_model_type":"38","use_creation":"1"},"content_type":9999,"model_content":"这","tts_content":"这"},"meta":{"message_id":"46548050270205698","conversation_id":"38428602395762946","section_id":"38428602395763202","sender_id":"7338286299411103781","user_type":2,"create_time":1780475297,"index_in_conv":2,"bot_reply_message_id":"46545329992689410","local_conversation_id":"local_6790372490959798"},"attr":{"reply_unique_key":"27d17373-5f26-11f1-a850-f584d4ed454b"}}


[REGEX MATCH SUCCESS] Found ID: 38428602395762946
[FEEDING PARSER]...
[RAW CHUNK RECEIVED] len=272, content=id: 4
event: STREAM_CHUNK
data: {"message_id":"46548050270205698","patch_op":[{"patch_object":1,"patch_type":1,"patch_value":{"content_block":[{"block_type":10000,"block_id":"40097731089443586","content":{"text_block":{"text":"就"}},"is_finish":false,"patch_type":1}]}}]}


[REGEX MATCH FAIL] This chunk contains no ID
[FEEDING PARSER]...
[RAW CHUNK RECEIVED] len=151, content=id: 5
event: STREAM_CHUNK
data: {"message_id":"46548050270205698","patch_op":[{"patch_object":111,"patch_type":1,"patch_value":{"tts_content":"就"}}]}


[REGEX MATCH FAIL] This chunk contains no ID
[FEEDING PARSER]...
[RAW CHUNK RECEIVED] len=272, content=id: 6
event: STREAM_CHUNK
data: {"message_id":"46548050270205698","patch_op":[{"patch_object":1,"patch_type":1,"patch_value":{"content_block":[{"block_type":10000,"block_id":"40097731089443586","content":{"text_block":{"text":"为"}},"is_finish":false,"patch_type":1}]}}]}


[REGEX MATCH FAIL] This chunk contains no ID
[FEEDING PARSER]...
[RAW CHUNK RECEIVED] len=151, content=id: 7
event: STREAM_CHUNK
data: {"message_id":"46548050270205698","patch_op":[{"patch_object":111,"patch_type":1,"patch_value":{"tts_content":"为"}}]}


[REGEX MATCH FAIL] This chunk contains no ID
[FEEDING PARSER]...
[RAW CHUNK RECEIVED] len=272, content=id: 8
event: STREAM_CHUNK
data: {"message_id":"46548050270205698","patch_op":[{"patch_object":1,"patch_type":1,"patch_value":{"content_block":[{"block_type":10000,"block_id":"40097731089443586","content":{"text_block":{"text":"您"}},"is_finish":false,"patch_type":1}]}}]}


[REGEX MATCH FAIL] This chunk contains no ID
[FEEDING PARSER]...
[RAW CHUNK RECEIVED] len=151, content=id: 9
event: STREAM_CHUNK
data: {"message_id":"46548050270205698","patch_op":[{"patch_object":111,"patch_type":1,"patch_value":{"tts_content":"您"}}]}


[REGEX MATCH FAIL] This chunk contains no ID
[FEEDING PARSER]...
[RAW CHUNK RECEIVED] len=274, content=id: 10
event: STREAM_CHUNK
data: {"message_id":"46548050270205698","patch_op":[{"patch_object":1,"patch_type":1,"patch_value":{"content_block":[{"block_type":10000,"block_id":"40097731089443586","content":{"text_block":{"text":"生成"}},"is_finish":false,"patch_type":1}]}}]}


[REGEX MATCH FAIL] This chunk contains no ID
[FEEDING PARSER]...
[RAW CHUNK RECEIVED] len=153, content=id: 11
event: STREAM_CHUNK
data: {"message_id":"46548050270205698","patch_op":[{"patch_object":111,"patch_type":1,"patch_value":{"tts_content":"生成"}}]}


[REGEX MATCH FAIL] This chunk contains no ID
[FEEDING PARSER]...
[RAW CHUNK RECEIVED] len=27, content=id: 11
event: SSE_HEARTBEAT
[REGEX MATCH FAIL] This chunk contains no ID
[FEEDING PARSER]...
[RAW CHUNK RECEIVED] len=11, content=
data: {}


[REGEX MATCH FAIL] This chunk contains no ID
[FEEDING PARSER]...
[RAW CHUNK RECEIVED] len=274, content=id: 12
event: STREAM_CHUNK
data: {"message_id":"46548050270205698","patch_op":[{"patch_object":1,"patch_type":1,"patch_value":{"content_block":[{"block_type":10000,"block_id":"40097731089443586","content":{"text_block":{"text":"一个"}},"is_finish":false,"patch_type":1}]}}]}


[REGEX MATCH FAIL] This chunk contains no ID
[FEEDING PARSER]...
[RAW CHUNK RECEIVED] len=179, content=id: 13
event: STREAM_CHUNK
data: {"message_id":"46548050270205698","patch_op":[{"patch_object":111,"patch_type":1,"patch_value":{"tts_content":"一个"}}]}

id: 14
event: STREAM_CHUNK
[REGEX MATCH FAIL] This chunk contains no ID
[FEEDING PARSER]...
[RAW CHUNK RECEIVED] len=72, content=
data: {"message_id":"46548050270205698","patch_op":[{"patch_object":1,"
[REGEX MATCH FAIL] This chunk contains no ID
[FEEDING PARSER]...
[RAW CHUNK RECEIVED] len=754, content=patch_type":1,"patch_value":{"content_block":[{"block_type":10000,"block_id":"40097731089443586","content":{"text_block":{"text":"模特"}},"is_finish":false,"patch_type":1}]}}]}

id: 15
event: STREAM_CHUNK
data: {"message_id":"46548050270205698","patch_op":[{"patch_object":111,"patch_type":1,"patch_value":{"tts_content":"模特"}}]}

id: 16
event: STREAM_CHUNK
data: {"message_id":"46548050270205698","patch_op":[{"patch_object":1,"patch_type":1,"patch_value":{"content_block":[{"block_type":10000,"block_id":"40097731089443586","content":{"text_block":{"text":"走"}},"is_finish":false,"patch_type":1}]}}]}

id: 17
event: STREAM_CHUNK
data: {"message_id":"46548050270205698","patch_op":[{"patch_object":111,"patch_type":1,"patch_value":{"tts_content":"走"}}]}


[REGEX MATCH FAIL] This chunk contains no ID
[FEEDING PARSER]...
[RAW CHUNK RECEIVED] len=1126, content=id: 18
event: STREAM_CHUNK
data: {"message_id":"46548050270205698","patch_op":[{"patch_object":1,"patch_type":1,"patch_value":{"content_block":[{"block_type":10000,"block_id":"40097731089443586","content":{"text_block":{"text":"秀"}},"is_finish":false,"patch_type":1}]}}]}

id: 19
event: STREAM_CHUNK
data: {"message_id":"46548050270205698","patch_op":[{"patch_object":111,"patch_type":1,"patch_value":{"tts_content":"秀"}}]}

id: 20
event: STREAM_CHUNK
data: {"message_id":"46548050270205698","patch_op":[{"patch_object":1,"patch_type":1,"patch_value":{"content_block":[{"block_type":10000,"block_id":"40097731089443586","content":{"text_block":{"text":"展示"}},"is_finish":false,"patch_type":1}]}}]}

id: 21
event: STREAM_CHUNK
data: {"message_id":"46548050270205698","patch_op":[{"patch_object":111,"patch_type":1,"patch_value":{"tts_content":"展示"}}]}

id: 22
event: STREAM_CHUNK
data: {"message_id":"46548050270205698","patch_op":[{"patch_object":1,"patch_type":1,"patch_value":{"content_block":[{"block_type":10000,"block_id":"40097731089443586","content":{"text_block":{"text":"服装"}},"is_finish":false,"patch_type":1}]}}]}


[REGEX MATCH FAIL] This chunk contains no ID
[FEEDING PARSER]...
[RAW CHUNK RECEIVED] len=852, content=id: 23
event: STREAM_CHUNK
data: {"message_id":"46548050270205698","patch_op":[{"patch_object":111,"patch_type":1,"patch_value":{"tts_content":"服装"}}]}

id: 24
event: STREAM_CHUNK
data: {"message_id":"46548050270205698","patch_op":[{"patch_object":1,"patch_type":1,"patch_value":{"content_block":[{"block_type":10000,"block_id":"40097731089443586","content":{"text_block":{"text":"的"}},"is_finish":false,"patch_type":1}]}}]}

id: 25
event: STREAM_CHUNK
data: {"message_id":"46548050270205698","patch_op":[{"patch_object":111,"patch_type":1,"patch_value":{"tts_content":"的"}}]}

id: 26
event: STREAM_CHUNK
data: {"message_id":"46548050270205698","patch_op":[{"patch_object":1,"patch_type":1,"patch_value":{"content_block":[{"block_type":10000,"block_id":"40097731089443586","content":{"text_block":{"text":"视频"}},"is_finish":false,"patch_type":1}]}}]}


[REGEX MATCH FAIL] This chunk contains no ID
[FEEDING PARSER]...
[RAW CHUNK RECEIVED] len=153, content=id: 27
event: STREAM_CHUNK
data: {"message_id":"46548050270205698","patch_op":[{"patch_object":111,"patch_type":1,"patch_value":{"tts_content":"视频"}}]}


[REGEX MATCH FAIL] This chunk contains no ID
[FEEDING PARSER]...
[RAW CHUNK RECEIVED] len=856, content=id: 28
event: STREAM_CHUNK
data: {"message_id":"46548050270205698","patch_op":[{"patch_object":1,"patch_type":1,"patch_value":{"content_block":[{"block_type":10000,"block_id":"40097731089443586","content":{"text_block":{"text":"。"}},"is_finish":false,"patch_type":1}]}}]}

id: 29
event: STREAM_CHUNK
data: {"message_id":"46548050270205698","patch_op":[{"patch_object":111,"patch_type":1,"patch_value":{"tts_content":"。"}}]}

id: 30
event: STREAM_CHUNK
data: {"message_id":"46548050270205698","patch_op":[{"patch_object":1,"patch_type":1,"patch_value":{"content_block":[{"block_type":10000,"block_id":"40097731089443586","content":{"text_block":{"text":"\n\n"}},"is_finish":false,"patch_type":1}]}}]}

id: 31
event: STREAM_CHUNK
data: {"message_id":"46548050270205698","patch_op":[{"patch_object":111,"patch_type":1,"patch_value":{"tts_content":"\n\n"}}]}


[REGEX MATCH FAIL] This chunk contains no ID
[FEEDING PARSER]...
[RAW CHUNK RECEIVED] len=486, content=id: 32
event: STREAM_CHUNK
data: {"message_id":"46548050270205698","patch_op":[{"patch_object":1,"patch_type":1,"patch_value":{"content_block":[{"block_type":10000,"block_id":"40097731089443586","content":{"text_block":{"text":"本次使用 **Seedance 2.0 全能视频模型**生成，将消耗 2 个视频生成额度，预计等待 1-3分钟。视频生成好后，我会及时通知你，今日剩余 8 个视频生成额度。"}},"is_finish":false,"patch_type":1}]}},{"patch_object":50,"patch_type":1,"patch_value":{"ext":{"disable_regen":"1","has_video_gen":"1","text2image_text_finish":"1"}}}]}


[REGEX MATCH FAIL] This chunk contains no ID
[FEEDING PARSER]...
[RAW CHUNK RECEIVED] len=2152, content=id: 33
event: STREAM_CHUNK
data: {"message_id":"46548050270205698","patch_op":[{"patch_object":111,"patch_type":1,"patch_value":{"tts_content":"本次使用 **Seedance 2.0 全能视频模型**生成，将消耗 2 个视频生成额度，预计等待 1-3分钟。视频生成好后，我会及时通知你，今日剩余 8 个视频生成额度。"}}]}

id: 34
event: STREAM_CHUNK
data: {"message_id":"46548050270205698","patch_op":[{"patch_object":3,"patch_type":2,"patch_value":{}},{"patch_object":1,"patch_type":2,"patch_value":{"content_block":[{"block_type":10000,"block_id":"40097731089536258","content":{"text_block":{"text":"出于肖像保护考虑，Seedance 2.0 暂不支持上传真实人脸素材作为参考。你可以试试换张参考图或者文生视频。"}},"is_finish":true,"patch_type":1}]}},{"patch_object":50,"patch_type":1,"patch_value":{"ext":{"ai_create_show_mode":"text","ai_creation_res_code":"710082031","brief":"出于肖像保护考虑，Seedance 2.0 暂不支持上传真实人脸素材作为参考。你可以试试换张参考图或者文生视频。","creation_full_content":"","disable_action_view":"true","is_finish":"1","ai_creation_duration_info":"[{\"type\":1,\"task_id\":\"\",\"duration_info\":[{\"step_name\":\"pre\",\"duration\":111},{\"step_name\":\"pre_prompt_review\",\"duration\":148},{\"step_name\":\"pre_prompt_attachment_review\",\"duration\":2043},{\"step_name\":\"rag\",\"duration\":0},{\"step_name\":\"plan\",\"duration\":2779},{\"step_name\":\"fc\",\"duration\":1229},{\"step_name\":\"simple_task\",\"duration\":0},{\"step_name\":\"total\",\"duration\":6603}],\"error_code\":1}]","include_creation_material":"0","intention":"agent_creation","x_aiplugin_extra_info":"{\"response_starling_key\":\"\",\"risk_operation\":\"[\\\"3\\\"]\",\"risk_starling_key\":\"\"}","agent_context":"null","ai_creation_show_mode":"text","ai_creation_fallback_retry":"false","ai_creation_tool_list":"[]","creation_material_info":""}}}]}

id: 35
event: STREAM_CHUNK
data: {"message_id":"46548050270205698","patch_op":[{"patch_object":111,"patch_type":2,"patch_value":{"tts_content":"出于肖像保护考虑，Seedance 2.0 暂不支持上传真实人脸素材作为参考。你可以试试换张参考图或者文生视频。"}}]}

id: 36
event: STREAM_CHUNK
data: {"message_id":"46548050270205698","patch_op":[{"patch_object":1,"patch_type":1,"patch_value":{"content_block":[{"block_type":10000,"block_id":"40097731089443586","content":{"text_block":{}},"is_finish":true,"patch_type":1}]}}]}


[REGEX MATCH FAIL] This chunk contains no ID
[FEEDING PARSER]...
[RAW CHUNK RECEIVED] len=280, content=id: 37
event: SSE_REPLY_END
data: {"end_type":1,"msg_finish_attr":{"msgid":"46548050270205698","badge_count":2,"read_badge_count":1,"read_conv_version":1780475297164727,"pre_read_conv_version":1780475297164727,"brief":"出于肖像保护考虑，Seedance 2.0 暂不支持上传真实人脸素材作为参考。你可以试试换张参考图或者文生视频。"}}


[REGEX MATCH FAIL] This chunk contains no ID
[FEEDING PARSER]...
[RAW CHUNK RECEIVED] len=93, content=id: 39
event: SSE_REPLY_END
data: {"end_type":2,"answer_finish_attr":{"has_suggest":false}}


[REGEX MATCH FAIL] This chunk contains no ID
[FEEDING PARSER]...
[RAW CHUNK RECEIVED] len=14, content=id: 40
event: 
[REGEX MATCH FAIL] This chunk contains no ID
[FEEDING PARSER]...
[RAW CHUNK RECEIVED] len=36, content=SSE_REPLY_END
data: {"end_type":3}


[REGEX MATCH FAIL] This chunk contains no ID
[FEEDING PARSER]...
[RAW CHUNK RECEIVED] len=50, content=id: 41
event: SSE_REPLY_END
data: {"end_type":3}


[REGEX MATCH FAIL] This chunk contains no ID
[FEEDING PARSER]...
[STREAM CLOSED]
[FINALIZE] Final ID: 38428602395762946, Videos Count: 0


--- [2026-06-03T08:28:46.869Z] NEW STREAM START ---
[RAW CHUNK RECEIVED] len=37, content=id: 0
event: SSE_HEARTBEAT
data: {}


[REGEX MATCH FAIL] This chunk contains no ID
[FEEDING PARSER]...
[RAW CHUNK RECEIVED] len=2204, content=id: 0
event: SSE_ACK
data: {"query_list":[{"question_id":"46556001143787778","local_message_id":"3d414642-5f26-11f1-a850-f584d4ed454b","message_index":1}],"ack_client_meta":{"conversation_id":"38428838292378370","local_conversation_id":"local_7389469679213635","conversation_type":3,"section_id":"38428838292378626","conversation_info":{"conversation_id":"38428838292378370","conversation_type":3,"creator_id":"3622218132106954","name":"新对话","image":{"image_thumb":{"url":"https://p3-flow-imagex-sign.byteimg.com/ocean-cloud-tos/FileBizType.BIZ_BOT_ICON/bot_0817_10.png~tplv-a9rns2rl98-image-qvalue.png?lk3s=8e244e95&rcl=202606031628486750F579F90457531A62&rrcfp=bf2e6f99&x-expires=1783067328&x-signature=E3dZD4ALO%2F0%2B8tZB6rWDHE8kLH8%3D"},"image_ori":{"url":"https://p3-flow-imagex-sign.byteimg.com/ocean-cloud-tos/FileBizType.BIZ_BOT_ICON/bot_0817_10.png~tplv-a9rns2rl98-image-qvalue.png?lk3s=8e244e95&rcl=202606031628486750F579F90457531A62&rrcfp=bf2e6f99&x-expires=1783067328&x-signature=E3dZD4ALO%2F0%2B8tZB6rWDHE8kLH8%3D"}},"participant_count":2,"human_count":1,"tenant_id":0,"biz_id":0,"status":1,"create_time":1780475328,"update_time":1780475328,"extra":"{\"inner_app_id\":\"497858\",\"inner_cluster\":\"default\",\"inner_did\":\"7698710361581032224\",\"inner_env\":\"prod\",\"inner_flow_app_variant\":\"doubao\",\"inner_is_tour\":\"false\",\"inner_log_id\":\"202606031628486750F579F90457531A62\",\"inner_pc_version\":\"2.44.0\",\"inner_platform\":\"web\",\"inner_real_app_id\":\"497858\",\"inner_samantha_web\":\"true\",\"inner_tea_uuid\":\"7622636711847140531\",\"inner_tt_wid\":\"7637957343552865832\",\"inner_user_ip\":\"202.168.184.146\",\"inner_version_name\":\"\",\"local_conversation_id\":\"local_7389469679213635\",\"log_id\":\"202606031628486750F579F90457531A62\",\"reply_mode\":\"0\"}","msg_cursor":1,"bot_type":3,"retention_cursor":1,"last_read_index":0,"latest_index":0,"last_section_id":"38428838292378626","review_status":2,"create_scene":0,"create_channel":0,"badge_count":0,"read_badge_count":0,"latest_artifact":1}},"timeout_conf":{"answer_first_pending_time":180000,"packet_interval_time":120000,"max_retry_count":10,"max_retry_duration_ms":3600000,"retry_interval_ms":1000}}


[REGEX MATCH SUCCESS] Found ID: 38428838292378370
[FEEDING PARSER]...
[RAW CHUNK RECEIVED] len=1269, content=id: 1
event: FULL_MSG_NOTIFY
data: {"message":{"conversation_id":"38428838292378370","message_id":"46556001143787778","message_body_version":1,"sender_id":"3622218132106954","user_type":1,"content_type":9999,"content":"[{\"block_type\":10052,\"block_id\":\"3d414640-5f26-11f1-a850-f584d4ed454b\",\"content\":{\"attachment_block\":{\"attachments\":[{\"type\":1,\"identifier\":\"3d411f30-5f26-11f1-a850-f584d4ed454b\",\"image\":{\"uri\":\"tos-cn-i-a9rns2rl98/8807cf7934644086a5860250cd519b98.png\",\"image_ori\":{\"url\":\"https://p6-flow-imagex-sign.byteimg.com/tos-cn-i-a9rns2rl98/8807cf7934644086a5860250cd519b98.png~tplv-a9rns2rl98-24:720:720.jpeg?lk3s=8e244e95&rcl=202606031628486750F579F90457531A62&rrcfp=d52e923b&x-expires=1781080128&x-signature=Uc4PI%2B%2FK1EWl7rLmx0ABDPb%2FtFY%3D\",\"width\":1340,\"height\":723},\"name\":\"8807cf7934644086a5860250cd519b98.png\"},\"review_state\":1,\"progress\":100,\"upload_status\":1},{\"type\":1,\"identifier\":\"3d411f31-5f26-11f1-a850-f584d4ed454b\",\"image\":{\"uri\":\"tos-cn-i-a9rns2rl98/e8006d6a7a674f57abb900a778e89027.png\",\"image_ori\":{\"url\":\"https://p11-flow-imagex-sign.byteimg.com/tos-cn-i-a9rns2rl98/e8006d6a7a674f57abb900a778e89027.png~tplv-a9rns2rl98-24:720:720.jpeg?lk3s=8e244e95&rcl=202606031628486750F
[REGEX MATCH SUCCESS] Found ID: 38428838292378370
[FEEDING PARSER]...
[RAW CHUNK RECEIVED] len=5920, content=579F90457531A62&rrcfp=d52e923b&x-expires=1781080128&x-signature=yaVcPFUD15ms9KHxpKrKaLnLZsI%3D\",\"width\":650,\"height\":859},\"name\":\"e8006d6a7a674f57abb900a778e89027.png\"},\"review_state\":1,\"progress\":100,\"upload_status\":1}]}}},{\"block_type\":10000,\"block_id\":\"3d414641-5f26-11f1-a850-f584d4ed454b\",\"content\":{\"text_block\":{\"text\":\"帮我生成视频：比例 「16:9」将图1换成图2得衣服。 做一个再加的模特走秀展示服装\"}}}]","index_in_conv":1,"create_time":1780475328,"biz_content_type":"flow_nested","sec_sender":"MS4wLjABAAAAWjkzt1wrx9Pq78qF-_AMDBykQVQ6G6lZof6iBP3VebAliqYEhy8ho7FaH31WPI0U","content_block":[{"block_type":10052,"block_id":"3d414640-5f26-11f1-a850-f584d4ed454b","content":{"attachment_block":{"attachments":[{"type":1,"identifier":"3d411f30-5f26-11f1-a850-f584d4ed454b","image":{"uri":"tos-cn-i-a9rns2rl98/8807cf7934644086a5860250cd519b98.png","image_thumb":{"url":"https://p3-flow-imagex-sign.byteimg.com/tos-cn-i-a9rns2rl98/8807cf7934644086a5860250cd519b98.png~tplv-a9rns2rl98-image.png?lk3s=8e244e95&rcl=202606031628486750F579F90457531A62&rrcfp=dafada99&x-expires=2096699328&x-signature=LQCY0UeKKF18diWWP%2BaKQBi5qwg%3D"},"image_ori":{"url":"https://p26-flow-imagex-sign.byteimg.com/tos-cn-i-a9rns2rl98/8807cf7934644086a5860250cd519b98.png~tplv-a9rns2rl98-image.png?lk3s=8e244e95&rcl=202606031628486750F579F90457531A62&rrcfp=dafada99&x-expires=2096699328&x-signature=qEcdpW31csv1jh%2BkyN8RytIV24w%3D","width":1340,"height":723},"image_preview":{"url":"https://p11-flow-imagex-sign.byteimg.com/tos-cn-i-a9rns2rl98/8807cf7934644086a5860250cd519b98.png~tplv-a9rns2rl98-image.png?lk3s=8e244e95&rcl=202606031628486750F579F90457531A62&rrcfp=dafada99&x-expires=2096699328&x-signature=IJCHkNG64ZE%2BgyU4lqYWkNCDiK0%3D"},"name":"8807cf7934644086a5860250cd519b98.png"},"review_state":1,"progress":100,"upload_status":1},{"type":1,"identifier":"3d411f31-5f26-11f1-a850-f584d4ed454b","image":{"uri":"tos-cn-i-a9rns2rl98/e8006d6a7a674f57abb900a778e89027.png","image_thumb":{"url":"https://p11-flow-imagex-sign.byteimg.com/tos-cn-i-a9rns2rl98/e8006d6a7a674f57abb900a778e89027.png~tplv-a9rns2rl98-image.png?lk3s=8e244e95&rcl=202606031628486750F579F90457531A62&rrcfp=dafada99&x-expires=2096699328&x-signature=uM20YcY2jOmtmHmt3EZZxw3jy3U%3D"},"image_ori":{"url":"https://p6-flow-imagex-sign.byteimg.com/tos-cn-i-a9rns2rl98/e8006d6a7a674f57abb900a778e89027.png~tplv-a9rns2rl98-image.png?lk3s=8e244e95&rcl=202606031628486750F579F90457531A62&rrcfp=dafada99&x-expires=2096699328&x-signature=rler7C7lHR8dDijLLrTJ%2FtECpO0%3D","width":650,"height":859},"image_preview":{"url":"https://p26-flow-imagex-sign.byteimg.com/tos-cn-i-a9rns2rl98/e8006d6a7a674f57abb900a778e89027.png~tplv-a9rns2rl98-image.png?lk3s=8e244e95&rcl=202606031628486750F579F90457531A62&rrcfp=dafada99&x-expires=2096699328&x-signature=XAYnsKI2pTNbIBC5W1dKUd7Udaw%3D"},"name":"e8006d6a7a674f57abb900a778e89027.png"},"review_state":1,"progress":100,"upload_status":1}]}},"is_finish":false},{"block_type":10000,"block_id":"3d414641-5f26-11f1-a850-f584d4ed454b","content":{"text_block":{"text":"帮我生成视频：比例 「16:9」将图1换成图2得衣服。 做一个再加的模特走秀展示服装"}},"is_finish":false}],"tts_content":"","update_time":1780475328,"ext":{"bot_source":"BotStudio","group":"1780475328","reply_unique_key":"3d414643-5f26-11f1-a850-f584d4ed454b","user_question_round":"1","inner_tea_uuid":"7622636711847140531","inner_bot_id":"0","biz_content_type":"flow_nested","inner_did":"7698710361581032224","section_tag_1h":"38428838292378626_2026060316","inner_pc_version":"2.44.0","chat_id":"46556001143787778","inner_cluster":"default","inner_user_ip":"202.168.184.146","chat_history_count":"0","inner_env":"prod","inner_msg_lang_display_code":"zh","old_content_type":"20","inner_platform":"web","model_type":"38","update_version_code":"0","inner_log_id":"202606031628486750F579F90457531A62","inner_tt_wid":"7637957343552865832","chat_next":"1","is_membership":"0","msg_update_time_ms":"1780475328938","inner_is_dola_agent_hub":"0","cot_switch":"0","llm_model_type":"38","use_content_block":"1","inner_terminal_app_id":"497858","client_report_scene":"gui","search_engine_type":"4","inner_app_id":"497858","inner_samantha_web":"true","collection_id":"","ugc_voice_id":"104","message_from":"InputBox","pre_read_conv_version":"1780475328914844","inner_msg_lang_exemption":"false","bot_id":"7338286299411103781","inner_libra_versions":"9681435,16407271,16762144,16822855,16870837,16870879,16870910,16870989,16871014,16876725,16917975,16921305,9427166,15020092,16962881,16336904,10541099,11100283,11100284,12077497,16575585,16590998,16653056,16751185,16797814,16823079,16871484,16871525,16871578,16871603,16871654,16876658,16882636,16905316,16908096,16934034,16951902,16957347,16963975,16964324,16969209,16972279,11958164,12628471,13349017,14207348,14432780,14438036,14464960,15106043,15373303,16800683,16819984,16827665,16881348,16884297,16888352,16966208,16968354,16969459,16991331","inner_flow_app_variant":"doubao","commerce_credit_config_enable":"0","chat_ability":"{\"ability_type\":17,\"ability_param\":\"{\\\"ratio\\\":\\\"16:9\\\"}\"}","sub_conv_firstmet_type":"1","answer_with_suggest":"0","inner_msg_lang_confidence":"1","is_image_related":"1","fp":"7622636711847140531","input_skill":"{\"skill_id\":\"17\",\"skill_type\":17}","inner_version_name":"","speaker_id":"zh_female_wenroutaozi_uranus_bigtts","inner_is_tour":"false","inner_region":"CN","conversation_init_option":"{\"need_ack_conversation\":true}","attachment_scene":"4","has_nested_image":"1","image_attachment_num":"2","memory_reflect":"1","inner_msg_lang_code":"zh","read_conv_version":"1780475328914844","is_ai_playground":"false","inner_real_app_id":"497858"},"local_message_id":"3d414642-5f26-11f1-a850-f584d4ed454b","section_id":"38428838292378626","bot_reply_message_id":"0","fetch_token":"46556001143787778"},"message_attr":{"badge_count":1,"read_badge_count":1,"read_conv_version":1780475328914844,"pre_read_conv_version":1780475328914844}}


[REGEX MATCH FAIL] This chunk contains no ID
[FEEDING PARSER]...
[RAW CHUNK RECEIVED] len=37, content=id: 2
event: SSE_HEARTBEAT
data: {}


[REGEX MATCH FAIL] This chunk contains no ID
[FEEDING PARSER]...
[RAW CHUNK RECEIVED] len=3257, content=id: 3
event: STREAM_MSG_NOTIFY
data: {"content":{"content_block":[{"block_type":10000,"block_id":"40096326185265410","content":{"text_block":{"text":"这"}},"is_finish":false,"patch_type":1}],"content_status":100,"ext":{"input_skill":"{\"skill_id\":\"17\",\"skill_type\":17}","need_deep_think":"0","cot_switch":"0","image_attachment_num":"2","inner_is_dola_agent_hub":"0","inner_region":"CN","agent_id":"7416550974343069696","inner_is_tour":"false","inner_msg_lang_exemption":"false","update_version_code":"0","ai_creation_layout_type":"mixed","before_content_type":"9999","chat_next":"1","model_type":"38","inner_msg_lang_display_code":"zh","inner_tt_wid":"7637957343552865832","review_scenario_id":"4085066754","bot_state":"{\"bot_id\":\"7338286299411103781\",\"bot_name\":\"豆包\",\"agent_name\":\"Agent-Text2Image\",\"agent_id\":\"7416550974343069696\"}","chat_id":"46556001143787778","gen_msg_id":"46543245023328258","inner_app_id":"497858","inner_msg_lang_confidence":"1","inner_pc_version":"2.44.0","inner_user_ip":"202.168.184.146","inner_version_name":"","attachment_scene":"4","inner_libra_versions":"9681435,16407271,16762144,16822855,16870837,16870879,16870910,16870989,16871014,16876725,16917975,16921305,9427166,15020092,16962881,16336904,10541099,11100283,11100284,12077497,16575585,16590998,16653056,16751185,16797814,16823079,16871484,16871525,16871578,16871603,16871654,16876658,16882636,16905316,16908096,16934034,16951902,16957347,16963975,16964324,16969209,16972279,11958164,12628471,13349017,14207348,14432780,14438036,14464960,15106043,15373303,16800683,16819984,16827665,16881348,16884297,16888352,16966208,16968354,16969459,16991331","inner_msg_lang_code":"zh","is_pre_moderation":"1","tts":"","agent_name":"Agent-Text2Image","inner_flow_app_variant":"doubao","inner_samantha_web":"true","is_membership":"0","old_content_type":"9999","tea_tags_time_cost":"{\"ack_cost_time\":\"201\",\"first_packet_cost_time\":\"6145\"}","inner_did":"7698710361581032224","llm_model_type":"38","is_image_related":"1","chat_history_count":"0","inner_platform":"web","memory_reflect":"1","regen_no_replace":"1","model_id":"38","use_content_block":"1","ai_creation_show_mode":"mixed","auto_create_creation_asset":"0","client_report_scene":"gui","use_creation":"1","review_biz_type":"1","user_question_round":"1","inner_cluster":"default","inner_env":"prod","inner_log_id":"202606031628486750F579F90457531A62","section_tag_1h":"38428838292378626_2026060316","ai_create_show_mode":"mixed","reply_unique_key":"3d414643-5f26-11f1-a850-f584d4ed454b","type_writer_spring_config":"{\"flow_stream_acceleration\": 0,\"flow_stream_default_interval\": 35}","auto_create_creation":"1","chat_ability":"{\"ability_type\":17,\"ability_param\":\"{\\\"ratio\\\":\\\"16:9\\\"}\"}","inner_real_app_id":"497858","inner_tea_uuid":"7622636711847140531"},"content_type":9999,"model_content":"这","tts_content":"这"},"meta":{"message_id":"46543245023328258","conversation_id":"38428838292378370","section_id":"38428838292378626","sender_id":"7338286299411103781","user_type":2,"create_time":1780475334,"index_in_conv":2,"bot_reply_message_id":"46556001143787778","local_conversation_id":"local_7389469679213635"},"attr":{"reply_unique_key":"3d414643-5f26-11f1-a850-f584d4ed454b"}}


[REGEX MATCH SUCCESS] Found ID: 38428838292378370
[FEEDING PARSER]...
[RAW CHUNK RECEIVED] len=272, content=id: 4
event: STREAM_CHUNK
data: {"message_id":"46543245023328258","patch_op":[{"patch_object":1,"patch_type":1,"patch_value":{"content_block":[{"block_type":10000,"block_id":"40096326185265410","content":{"text_block":{"text":"就"}},"is_finish":false,"patch_type":1}]}}]}


[REGEX MATCH FAIL] This chunk contains no ID
[FEEDING PARSER]...
[RAW CHUNK RECEIVED] len=151, content=id: 5
event: STREAM_CHUNK
data: {"message_id":"46543245023328258","patch_op":[{"patch_object":111,"patch_type":1,"patch_value":{"tts_content":"就"}}]}


[REGEX MATCH FAIL] This chunk contains no ID
[FEEDING PARSER]...
[RAW CHUNK RECEIVED] len=272, content=id: 6
event: STREAM_CHUNK
data: {"message_id":"46543245023328258","patch_op":[{"patch_object":1,"patch_type":1,"patch_value":{"content_block":[{"block_type":10000,"block_id":"40096326185265410","content":{"text_block":{"text":"为"}},"is_finish":false,"patch_type":1}]}}]}


[REGEX MATCH FAIL] This chunk contains no ID
[FEEDING PARSER]...
[RAW CHUNK RECEIVED] len=151, content=id: 7
event: STREAM_CHUNK
data: {"message_id":"46543245023328258","patch_op":[{"patch_object":111,"patch_type":1,"patch_value":{"tts_content":"为"}}]}


[REGEX MATCH FAIL] This chunk contains no ID
[FEEDING PARSER]...
[RAW CHUNK RECEIVED] len=272, content=id: 8
event: STREAM_CHUNK
data: {"message_id":"46543245023328258","patch_op":[{"patch_object":1,"patch_type":1,"patch_value":{"content_block":[{"block_type":10000,"block_id":"40096326185265410","content":{"text_block":{"text":"您"}},"is_finish":false,"patch_type":1}]}}]}


[REGEX MATCH FAIL] This chunk contains no ID
[FEEDING PARSER]...
[RAW CHUNK RECEIVED] len=151, content=id: 9
event: STREAM_CHUNK
data: {"message_id":"46543245023328258","patch_op":[{"patch_object":111,"patch_type":1,"patch_value":{"tts_content":"您"}}]}


[REGEX MATCH FAIL] This chunk contains no ID
[FEEDING PARSER]...
[RAW CHUNK RECEIVED] len=274, content=id: 10
event: STREAM_CHUNK
data: {"message_id":"46543245023328258","patch_op":[{"patch_object":1,"patch_type":1,"patch_value":{"content_block":[{"block_type":10000,"block_id":"40096326185265410","content":{"text_block":{"text":"生成"}},"is_finish":false,"patch_type":1}]}}]}


[REGEX MATCH FAIL] This chunk contains no ID
[FEEDING PARSER]...
[RAW CHUNK RECEIVED] len=151, content=id: 11
event: STREAM_CHUNK
data: {"message_id":"46543245023328258","patch_op":[{"patch_object":111,"patch_type":1,"patch_value":{"tts_content":"生成"}}]}
[REGEX MATCH FAIL] This chunk contains no ID
[FEEDING PARSER]...
[RAW CHUNK RECEIVED] len=2, content=


[REGEX MATCH FAIL] This chunk contains no ID
[FEEDING PARSER]...
[RAW CHUNK RECEIVED] len=274, content=id: 12
event: STREAM_CHUNK
data: {"message_id":"46543245023328258","patch_op":[{"patch_object":1,"patch_type":1,"patch_value":{"content_block":[{"block_type":10000,"block_id":"40096326185265410","content":{"text_block":{"text":"模特"}},"is_finish":false,"patch_type":1}]}}]}


[REGEX MATCH FAIL] This chunk contains no ID
[FEEDING PARSER]...
[RAW CHUNK RECEIVED] len=1003, content=id: 13
event: STREAM_CHUNK
data: {"message_id":"46543245023328258","patch_op":[{"patch_object":111,"patch_type":1,"patch_value":{"tts_content":"模特"}}]}

id: 14
event: STREAM_CHUNK
data: {"message_id":"46543245023328258","patch_op":[{"patch_object":1,"patch_type":1,"patch_value":{"content_block":[{"block_type":10000,"block_id":"40096326185265410","content":{"text_block":{"text":"走"}},"is_finish":false,"patch_type":1}]}}]}

id: 15
event: STREAM_CHUNK
data: {"message_id":"46543245023328258","patch_op":[{"patch_object":111,"patch_type":1,"patch_value":{"tts_content":"走"}}]}

id: 16
event: STREAM_CHUNK
data: {"message_id":"46543245023328258","patch_op":[{"patch_object":1,"patch_type":1,"patch_value":{"content_block":[{"block_type":10000,"block_id":"40096326185265410","content":{"text_block":{"text":"秀"}},"is_finish":false,"patch_type":1}]}}]}

id: 17
event: STREAM_CHUNK
data: {"message_id":"46543245023328258","patch_op":[{"patch_object":111,"patch_type":1,"patch_value":{"tts_content":"秀"}}]}


[REGEX MATCH FAIL] This chunk contains no ID
[FEEDING PARSER]...
[RAW CHUNK RECEIVED] len=425, content=id: 18
event: STREAM_CHUNK
data: {"message_id":"46543245023328258","patch_op":[{"patch_object":1,"patch_type":1,"patch_value":{"content_block":[{"block_type":10000,"block_id":"40096326185265410","content":{"text_block":{"text":"的"}},"is_finish":false,"patch_type":1}]}}]}

id: 19
event: STREAM_CHUNK
data: {"message_id":"46543245023328258","patch_op":[{"patch_object":111,"patch_type":1,"patch_value":{"tts_content":"的"}}]}


[REGEX MATCH FAIL] This chunk contains no ID
[FEEDING PARSER]...
[RAW CHUNK RECEIVED] len=700, content=id: 20
event: STREAM_CHUNK
data: {"message_id":"46543245023328258","patch_op":[{"patch_object":1,"patch_type":1,"patch_value":{"content_block":[{"block_type":10000,"block_id":"40096326185265410","content":{"text_block":{"text":"视频"}},"is_finish":false,"patch_type":1}]}}]}

id: 21
event: STREAM_CHUNK
data: {"message_id":"46543245023328258","patch_op":[{"patch_object":111,"patch_type":1,"patch_value":{"tts_content":"视频"}}]}

id: 22
event: STREAM_CHUNK
data: {"message_id":"46543245023328258","patch_op":[{"patch_object":1,"patch_type":1,"patch_value":{"content_block":[{"block_type":10000,"block_id":"40096326185265410","content":{"text_block":{"text":"。"}},"is_finish":false,"patch_type":1}]}}]}


[REGEX MATCH FAIL] This chunk contains no ID
[FEEDING PARSER]...
[RAW CHUNK RECEIVED] len=1306, content=id: 23
event: STREAM_CHUNK
data: {"message_id":"46543245023328258","patch_op":[{"patch_object":111,"patch_type":1,"patch_value":{"tts_content":"。"}}]}

id: 24
event: STREAM_CHUNK
data: {"message_id":"46543245023328258","patch_op":[{"patch_object":1,"patch_type":1,"patch_value":{"content_block":[{"block_type":10000,"block_id":"40096326185265410","content":{"text_block":{"text":"\n\n"}},"is_finish":false,"patch_type":1}]}}]}

id: 25
event: STREAM_CHUNK
data: {"message_id":"46543245023328258","patch_op":[{"patch_object":111,"patch_type":1,"patch_value":{"tts_content":"\n\n"}}]}

id: 26
event: STREAM_CHUNK
data: {"message_id":"46543245023328258","patch_op":[{"patch_object":1,"patch_type":1,"patch_value":{"content_block":[{"block_type":10000,"block_id":"40096326185265410","content":{"text_block":{"text":"本次使用 **Seedance 2.0 全能视频模型**生成，将消耗 2 个视频生成额度，预计等待 1-3分钟。视频生成好后，我会及时通知你，今日剩余 8 个视频生成额度。"}},"is_finish":false,"patch_type":1}]}},{"patch_object":50,"patch_type":1,"patch_value":{"ext":{"has_video_gen":"1","text2image_text_finish":"1","disable_regen":"1"}}}]}

id: 27
event: STREAM_CHUNK
data: {"message_id":"46543245023328258","patch_op":[{"patch_object":111,"patch_type":1,"patch_value":{"tts_content":"本次使用 **Seedance 2.0 全能视频模型**生成，将消耗 2 个视频生成额度，预计等待 1-3分钟。视频生成好后，我会及时通知你，今日剩余 8 个视频生成额度。"}}]}


[REGEX MATCH FAIL] This chunk contains no ID
[FEEDING PARSER]...
[RAW CHUNK RECEIVED] len=33, content=id: 28
event: STREAM_CHUNK
data: 
[REGEX MATCH FAIL] This chunk contains no ID
[FEEDING PARSER]...
[RAW CHUNK RECEIVED] len=2133, content={"message_id":"46543245023328258","patch_op":[{"patch_object":3,"patch_type":2,"patch_value":{}},{"patch_object":1,"patch_type":2,"patch_value":{"content_block":[{"block_type":10000,"block_id":"40096326185404162","content":{"text_block":{"text":"抱歉，由于版权相关限制，暂时无法创作对应的内容，换其他主题试试吧。"}},"is_finish":true,"patch_type":1}]}},{"patch_object":50,"patch_type":1,"patch_value":{"ext":{"ai_creation_fallback_retry":"false","ai_creation_show_mode":"text","include_creation_material":"0","agent_context":"null","ai_creation_duration_info":"[{\"type\":1,\"task_id\":\"\",\"duration_info\":[{\"step_name\":\"pre\",\"duration\":108},{\"step_name\":\"pre_prompt_review\",\"duration\":133},{\"step_name\":\"pre_prompt_attachment_review\",\"duration\":2146},{\"step_name\":\"rag\",\"duration\":0},{\"step_name\":\"plan\",\"duration\":2903},{\"step_name\":\"fc\",\"duration\":2146},{\"step_name\":\"simple_task\",\"duration\":0},{\"step_name\":\"total\",\"duration\":7739}],\"error_code\":1}]","intention":"agent_creation","creation_material_info":"","x_aiplugin_extra_info":"{\"response_starling_key\":\"\",\"risk_operation\":\"[\\\"3\\\"]\",\"risk_starling_key\":\"\"}","ai_create_show_mode":"text","ai_creation_res_code":"710082032","ai_creation_tool_list":"[{\"task_id\":46543245023385346,\"tool_name\":\"ai_creation\",\"req_key\":\"\",\"task_type\":6,\"index\":0,\"status\":5,\"tool_name_list\":null,\"dispatcher_agent\":\"\",\"based_task_id_list\":null,\"agent_version\":\"agent_30\",\"is_multi_round\":false,\"fail_code\":710082032,\"cache\":0,\"based_message_id_list\":null}]","brief":"抱歉，由于版权相关限制，暂时无法创作对应的内容，换其他主题试试吧。","creation_full_content":"","disable_action_view":"true","is_finish":"1"}}}]}

id: 29
event: STREAM_CHUNK
data: {"message_id":"46543245023328258","patch_op":[{"patch_object":111,"patch_type":2,"patch_value":{"tts_content":"抱歉，由于版权相关限制，暂时无法创作对应的内容，换其他主题试试吧。"}}]}

id: 30
event: STREAM_CHUNK
data: {"message_id":"46543245023328258","patch_op":[{"patch_object":1,"patch_type":1,"patch_value":{"content_block":[{"block_type":10000,"block_id":"40096326185265410","content":{"text_block":{}},"is_finish":true,"patch_type":1}]}}]}


[REGEX MATCH FAIL] This chunk contains no ID
[FEEDING PARSER]...
[RAW CHUNK RECEIVED] len=257, content=id: 31
event: SSE_REPLY_END
data: {"end_type":1,"msg_finish_attr":{"msgid":"46543245023328258","badge_count":2,"read_badge_count":1,"read_conv_version":1780475334834302,"pre_read_conv_version":1780475334834302,"brief":"抱歉，由于版权相关限制，暂时无法创作对应的内容，换其他主题试试吧。"}}


[REGEX MATCH FAIL] This chunk contains no ID
[FEEDING PARSER]...
[RAW CHUNK RECEIVED] len=93, content=id: 33
event: SSE_REPLY_END
data: {"end_type":2,"answer_finish_attr":{"has_suggest":false}}


[REGEX MATCH FAIL] This chunk contains no ID
[FEEDING PARSER]...
[RAW CHUNK RECEIVED] len=50, content=id: 34
event: SSE_REPLY_END
data: {"end_type":3}


[REGEX MATCH FAIL] This chunk contains no ID
[FEEDING PARSER]...
[RAW CHUNK RECEIVED] len=50, content=id: 35
event: SSE_REPLY_END
data: {"end_type":3}


[REGEX MATCH FAIL] This chunk contains no ID
[FEEDING PARSER]...
[STREAM CLOSED]
[FINALIZE] Final ID: 38428838292378370, Videos Count: 0


--- [2026-06-03T12:27:12.159Z] NEW STREAM START ---
[RAW CHUNK RECEIVED] len=37, content=id: 0
event: SSE_HEARTBEAT
data: {}


[REGEX MATCH FAIL] This chunk contains no ID
[FEEDING PARSER]...
[RAW CHUNK RECEIVED] len=2183, content=id: 0
event: SSE_ACK
data: {"query_list":[{"question_id":"46574357904591618","local_message_id":"8be196d4-5f47-11f1-8f91-7df828d43ab3","message_index":1}],"ack_client_meta":{"conversation_id":"38428911616515842","local_conversation_id":"local_8459108256285969","conversation_type":3,"section_id":"38428911616516098","conversation_info":{"conversation_id":"38428911616515842","conversation_type":3,"creator_id":"2852608981863856","name":"新对话","image":{"image_thumb":{"url":"https://p26-flow-imagex-sign.byteimg.com/ocean-cloud-tos/FileBizType.BIZ_BOT_ICON/bot_0817_04.png~tplv-a9rns2rl98-image-qvalue.png?lk3s=8e244e95&rcl=2026060320271425600F0BCD117BA10613&rrcfp=bf2e6f99&x-expires=1783081634&x-signature=gfvHgqBMm6t6Zl3yjPt73LQt%2FuQ%3D"},"image_ori":{"url":"https://p26-flow-imagex-sign.byteimg.com/ocean-cloud-tos/FileBizType.BIZ_BOT_ICON/bot_0817_04.png~tplv-a9rns2rl98-image-qvalue.png?lk3s=8e244e95&rcl=2026060320271425600F0BCD117BA10613&rrcfp=bf2e6f99&x-expires=1783081634&x-signature=gfvHgqBMm6t6Zl3yjPt73LQt%2FuQ%3D"}},"participant_count":2,"human_count":1,"tenant_id":0,"biz_id":0,"status":1,"create_time":1780489634,"update_time":1780489634,"extra":"{\"inner_app_id\":\"497858\",\"inner_cluster\":\"default\",\"inner_did\":\"7468206660778940199\",\"inner_env\":\"prod\",\"inner_flow_app_variant\":\"doubao\",\"inner_is_tour\":\"false\",\"inner_log_id\":\"2026060320271425600F0BCD117BA10613\",\"inner_pc_version\":\"2.44.0\",\"inner_platform\":\"web\",\"inner_real_app_id\":\"497858\",\"inner_samantha_web\":\"true\",\"inner_tea_uuid\":\"7644989591484827223\",\"inner_tt_wid\":\"0\",\"inner_user_ip\":\"202.168.182.17\",\"inner_version_name\":\"\",\"local_conversation_id\":\"local_8459108256285969\",\"log_id\":\"2026060320271425600F0BCD117BA10613\",\"reply_mode\":\"0\"}","msg_cursor":1,"bot_type":3,"retention_cursor":1,"last_read_index":0,"latest_index":0,"last_section_id":"38428911616516098","review_status":2,"create_scene":0,"create_channel":0,"badge_count":0,"read_badge_count":0,"latest_artifact":1}},"timeout_conf":{"answer_first_pending_time":180000,"packet_interval_time":120000,"max_retry_count":10,"max_retry_duration_ms":3600000,"retry_interval_ms":1000}}


[REGEX MATCH SUCCESS] Found ID: 38428911616515842
[FEEDING PARSER]...
[RAW CHUNK RECEIVED] len=13, content=id: 1
event: 
[REGEX MATCH FAIL] This chunk contains no ID
[FEEDING PARSER]...
[RAW CHUNK RECEIVED] len=7146, content=FULL_MSG_NOTIFY
data: {"message":{"conversation_id":"38428911616515842","message_id":"46574357904591618","message_body_version":1,"sender_id":"2852608981863856","user_type":1,"content_type":9999,"content":"[{\"block_type\":10052,\"block_id\":\"8be196d2-5f47-11f1-8f91-7df828d43ab3\",\"content\":{\"attachment_block\":{\"attachments\":[{\"type\":1,\"identifier\":\"8be196d0-5f47-11f1-8f91-7df828d43ab3\",\"image\":{\"uri\":\"tos-cn-i-a9rns2rl98/06eee1c568114c769ec64dacef24806a.png\",\"image_ori\":{\"url\":\"https://p11-flow-imagex-sign.byteimg.com/tos-cn-i-a9rns2rl98/06eee1c568114c769ec64dacef24806a.png~tplv-a9rns2rl98-24:720:720.jpeg?lk3s=8e244e95&rcl=2026060320271425600F0BCD117BA10613&rrcfp=d52e923b&x-expires=1781094434&x-signature=RcadqXCEkxFaHtQ12a0YnMIx1i8%3D\",\"width\":1340,\"height\":723},\"name\":\"06eee1c568114c769ec64dacef24806a.png\"},\"review_state\":1,\"progress\":100,\"upload_status\":1},{\"type\":1,\"identifier\":\"8be196d1-5f47-11f1-8f91-7df828d43ab3\",\"image\":{\"uri\":\"tos-cn-i-a9rns2rl98/e09dd673ed1649babee9f3c1850434f2.png\",\"image_ori\":{\"url\":\"https://p11-flow-imagex-sign.byteimg.com/tos-cn-i-a9rns2rl98/e09dd673ed1649babee9f3c1850434f2.png~tplv-a9rns2rl98-24:720:720.jpeg?lk3s=8e244e95&rcl=2026060320271425600F0BCD117BA10613&rrcfp=d52e923b&x-expires=1781094434&x-signature=cidWTubD%2BbnQfoNBV6yFyrKOkJI%3D\",\"width\":650,\"height\":859},\"name\":\"e09dd673ed1649babee9f3c1850434f2.png\"},\"review_state\":1,\"progress\":100,\"upload_status\":1}]}}},{\"block_type\":10000,\"block_id\":\"8be196d3-5f47-11f1-8f91-7df828d43ab3\",\"content\":{\"text_block\":{\"text\":\"帮我生成视频：比例 「16:9」将图1换成图2得衣服。 做一个再加的模特走秀展示服装\"}}}]","index_in_conv":1,"create_time":1780489634,"biz_content_type":"flow_nested","sec_sender":"MS4wLjABAAAAML8BAO7vJNv0lbhZQnI4m4fiSw5ORltLCEKjUSSwwzsQlhgN_0A27EARvA9ydxyL","content_block":[{"block_type":10052,"block_id":"8be196d2-5f47-11f1-8f91-7df828d43ab3","content":{"attachment_block":{"attachments":[{"type":1,"identifier":"8be196d0-5f47-11f1-8f91-7df828d43ab3","image":{"uri":"tos-cn-i-a9rns2rl98/06eee1c568114c769ec64dacef24806a.png","image_thumb":{"url":"https://p26-flow-imagex-sign.byteimg.com/tos-cn-i-a9rns2rl98/06eee1c568114c769ec64dacef24806a.png~tplv-a9rns2rl98-image.png?lk3s=8e244e95&rcl=2026060320271425600F0BCD117BA10613&rrcfp=dafada99&x-expires=2096713634&x-signature=f4fZxWH2R3TiLn7X3WSgiUpd%2BRU%3D"},"image_ori":{"url":"https://p3-flow-imagex-sign.byteimg.com/tos-cn-i-a9rns2rl98/06eee1c568114c769ec64dacef24806a.png~tplv-a9rns2rl98-image.png?lk3s=8e244e95&rcl=2026060320271425600F0BCD117BA10613&rrcfp=dafada99&x-expires=2096713634&x-signature=2kFMKxO4K3jKbH3j982%2FweqIobg%3D","width":1340,"height":723},"image_preview":{"url":"https://p26-flow-imagex-sign.byteimg.com/tos-cn-i-a9rns2rl98/06eee1c568114c769ec64dacef24806a.png~tplv-a9rns2rl98-image.png?lk3s=8e244e95&rcl=2026060320271425600F0BCD117BA10613&rrcfp=dafada99&x-expires=2096713634&x-signature=f4fZxWH2R3TiLn7X3WSgiUpd%2BRU%3D"},"name":"06eee1c568114c769ec64dacef24806a.png"},"review_state":1,"progress":100,"upload_status":1},{"type":1,"identifier":"8be196d1-5f47-11f1-8f91-7df828d43ab3","image":{"uri":"tos-cn-i-a9rns2rl98/e09dd673ed1649babee9f3c1850434f2.png","image_thumb":{"url":"https://p6-flow-imagex-sign.byteimg.com/tos-cn-i-a9rns2rl98/e09dd673ed1649babee9f3c1850434f2.png~tplv-a9rns2rl98-image.png?lk3s=8e244e95&rcl=2026060320271425600F0BCD117BA10613&rrcfp=dafada99&x-expires=2096713634&x-signature=VQwYRtcCpxJ6TUxDf36REHPv7Q8%3D"},"image_ori":{"url":"https://p3-flow-imagex-sign.byteimg.com/tos-cn-i-a9rns2rl98/e09dd673ed1649babee9f3c1850434f2.png~tplv-a9rns2rl98-image.png?lk3s=8e244e95&rcl=2026060320271425600F0BCD117BA10613&rrcfp=dafada99&x-expires=2096713634&x-signature=n9h68Le%2B5SXEF2aB%2F9COpbLbxa4%3D","width":650,"height":859},"image_preview":{"url":"https://p26-flow-imagex-sign.byteimg.com/tos-cn-i-a9rns2rl98/e09dd673ed1649babee9f3c1850434f2.png~tplv-a9rns2rl98-image.png?lk3s=8e244e95&rcl=2026060320271425600F0BCD117BA10613&rrcfp=dafada99&x-expires=2096713634&x-signature=89k32hfzEbTb0E9C2t5gUSMaJM0%3D"},"name":"e09dd673ed1649babee9f3c1850434f2.png"},"review_state":1,"progress":100,"upload_status":1}]}},"is_finish":false},{"block_type":10000,"block_id":"8be196d3-5f47-11f1-8f91-7df828d43ab3","content":{"text_block":{"text":"帮我生成视频：比例 「16:9」将图1换成图2得衣服。 做一个再加的模特走秀展示服装"}},"is_finish":false}],"tts_content":"","update_time":1780489634,"ext":{"pre_read_conv_version":"1780489634766827","commerce_credit_config_enable":"0","answer_with_suggest":"0","group":"1780489634","client_report_scene":"gui","inner_user_ip":"202.168.182.17","sub_conv_firstmet_type":"1","inner_libra_versions":"9681435,16407271,16762144,16822855,16870821,16870873,16870921,16870975,16871029,16917975,16921306,9427166,15020092,16962881,10541099,11100283,11100284,12077497,16575586,16653055,16739457,16771276,16797813,16871474,16871551,16871573,16871626,16871651,16886196,16892926,16908096,16913061,16914264,16934034,16936214,16960037,16964324,16969209,16972279,16985271,16998086,11958164,12628471,13349017,14207348,14432780,14438036,14464960,15106043,15373303,16800683,16819984,16827665,16881348,16884297,16888352,16966208,16968354,16969459,16991331","inner_env":"prod","cot_switch":"0","conversation_init_option":"{\"need_ack_conversation\":true}","speaker_id":"zh_female_wenroutaozi_uranus_bigtts","read_conv_version":"1780489634766827","input_skill":"{\"skill_id\":\"17\",\"skill_type\":17}","inner_msg_lang_code":"zh","inner_version_name":"","section_tag_1h":"38428911616516098_2026060320","chat_id":"46574357904591618","inner_region":"CN","memory_reflect":"1","inner_real_app_id":"497858","biz_content_type":"flow_nested","is_membership":"0","inner_app_id":"497858","fp":"7644989591484827223","inner_samantha_web":"true","chat_ability":"{\"ability_type\":17,\"ability_param\":\"{\\\"ratio\\\":\\\"16:9\\\"}\"}","inner_msg_lang_exemption":"false","bot_source":"BotStudio","inner_flow_app_variant":"doubao","old_content_type":"20","reply_unique_key":"8be1bde0-5f47-11f1-8f91-7df828d43ab3","bot_id":"7338286299411103781","inner_is_tour":"false","collection_id":"","message_from":"InputBox","ugc_voice_id":"104","search_engine_type":"4","llm_model_type":"38","use_content_block":"1","is_ai_playground":"false","inner_log_id":"2026060320271425600F0BCD117BA10613","msg_update_time_ms":"1780489634792","inner_terminal_app_id":"497858","chat_history_count":"0","has_nested_image":"1","update_version_code":"0","inner_did":"7468206660778940199","inner_cluster":"default","inner_tea_uuid":"7644989591484827223","inner_tt_wid":"0","inner_msg_lang_confidence":"1","model_type":"38","inner_msg_lang_display_code":"zh","inner_platform":"web","image_attachment_num":"2","attachment_scene":"4","is_image_related":"1","user_question_round":"1","inner_pc_version":"2.44.0","chat_next":"1","inner_bot_id":"0","inner_is_dola_agent_hub":"0"},"local_message_id":"8be196d4-5f47-11f1-8f91-7df828d43ab3","section_id":"38428911616516098","bot_reply_message_id":"0","fetch_token":"46574357904591618"},"message_attr":{"badge_count":1,"read_badge_count":1,"read_conv_version":1780489634766827,"pre_read_conv_version":1780489634766827}}


[REGEX MATCH SUCCESS] Found ID: 38428911616515842
[FEEDING PARSER]...
[RAW CHUNK RECEIVED] len=3227, content=id: 3
event: STREAM_MSG_NOTIFY
data: {"content":{"content_block":[{"block_type":10000,"block_id":"40096703409034242","content":{"text_block":{"text":"这"}},"is_finish":false,"patch_type":1}],"content_status":100,"ext":{"inner_log_id":"2026060320271425600F0BCD117BA10613","is_membership":"0","attachment_scene":"4","bot_state":"{\"bot_id\":\"7338286299411103781\",\"bot_name\":\"豆包\",\"agent_name\":\"Agent-Text2Image\",\"agent_id\":\"7416550974343069696\"}","gen_msg_id":"46566915733189122","model_id":"38","image_attachment_num":"2","inner_platform":"web","update_version_code":"0","chat_ability":"{\"ability_type\":17,\"ability_param\":\"{\\\"ratio\\\":\\\"16:9\\\"}\"}","chat_history_count":"0","inner_is_tour":"false","inner_pc_version":"2.44.0","inner_region":"CN","inner_samantha_web":"true","ai_create_show_mode":"mixed","ai_creation_layout_type":"mixed","before_content_type":"9999","inner_app_id":"497858","inner_version_name":"","inner_flow_app_variant":"doubao","inner_msg_lang_code":"zh","regen_no_replace":"1","reply_unique_key":"8be1bde0-5f47-11f1-8f91-7df828d43ab3","ai_creation_show_mode":"mixed","section_tag_1h":"38428911616516098_2026060320","inner_cluster":"default","inner_msg_lang_exemption":"false","review_biz_type":"1","review_scenario_id":"4085066754","type_writer_spring_config":"{\"flow_stream_acceleration\": 0,\"flow_stream_default_interval\": 35}","auto_create_creation":"1","inner_did":"7468206660778940199","inner_libra_versions":"9681435,16407271,16762144,16822855,16870821,16870873,16870921,16870975,16871029,16917975,16921306,9427166,15020092,16962881,10541099,11100283,11100284,12077497,16575586,16653055,16739457,16771276,16797813,16871474,16871551,16871573,16871626,16871651,16886196,16892926,16908096,16913061,16914264,16934034,16936214,16960037,16964324,16969209,16972279,16985271,16998086,11958164,12628471,13349017,14207348,14432780,14438036,14464960,15106043,15373303,16800683,16819984,16827665,16881348,16884297,16888352,16966208,16968354,16969459,16991331","is_pre_moderation":"1","inner_tea_uuid":"7644989591484827223","input_skill":"{\"skill_id\":\"17\",\"skill_type\":17}","need_deep_think":"0","old_content_type":"9999","inner_msg_lang_display_code":"zh","inner_tt_wid":"0","model_type":"38","chat_id":"46574357904591618","client_report_scene":"gui","inner_env":"prod","is_image_related":"1","user_question_round":"1","agent_id":"7416550974343069696","auto_create_creation_asset":"0","chat_next":"1","inner_is_dola_agent_hub":"0","inner_msg_lang_confidence":"1","inner_user_ip":"202.168.182.17","memory_reflect":"1","tts":"","agent_name":"Agent-Text2Image","cot_switch":"0","inner_real_app_id":"497858","llm_model_type":"38","use_creation":"1","tea_tags_time_cost":"{\"ack_cost_time\":\"179\",\"first_packet_cost_time\":\"4695\"}","use_content_block":"1"},"content_type":9999,"model_content":"这","tts_content":"这"},"meta":{"message_id":"46566915733189122","conversation_id":"38428911616515842","section_id":"38428911616516098","sender_id":"7338286299411103781","user_type":2,"create_time":1780489639,"index_in_conv":2,"bot_reply_message_id":"46574357904591618","local_conversation_id":"local_8459108256285969"},"attr":{"reply_unique_key":"8be1bde0-5f47-11f1-8f91-7df828d43ab3"}}
[REGEX MATCH SUCCESS] Found ID: 38428911616515842
[FEEDING PARSER]...
[RAW CHUNK RECEIVED] len=2, content=


[REGEX MATCH FAIL] This chunk contains no ID
[FEEDING PARSER]...
[RAW CHUNK RECEIVED] len=26, content=id: 4
event: STREAM_CHUNK

[REGEX MATCH FAIL] This chunk contains no ID
[FEEDING PARSER]...
[RAW CHUNK RECEIVED] len=246, content=data: {"message_id":"46566915733189122","patch_op":[{"patch_object":1,"patch_type":1,"patch_value":{"content_block":[{"block_type":10000,"block_id":"40096703409034242","content":{"text_block":{"text":"就"}},"is_finish":false,"patch_type":1}]}}]}


[REGEX MATCH FAIL] This chunk contains no ID
[FEEDING PARSER]...
[RAW CHUNK RECEIVED] len=151, content=id: 5
event: STREAM_CHUNK
data: {"message_id":"46566915733189122","patch_op":[{"patch_object":111,"patch_type":1,"patch_value":{"tts_content":"就"}}]}


[REGEX MATCH FAIL] This chunk contains no ID
[FEEDING PARSER]...
[RAW CHUNK RECEIVED] len=272, content=id: 6
event: STREAM_CHUNK
data: {"message_id":"46566915733189122","patch_op":[{"patch_object":1,"patch_type":1,"patch_value":{"content_block":[{"block_type":10000,"block_id":"40096703409034242","content":{"text_block":{"text":"为"}},"is_finish":false,"patch_type":1}]}}]}


[REGEX MATCH FAIL] This chunk contains no ID
[FEEDING PARSER]...
[RAW CHUNK RECEIVED] len=151, content=id: 7
event: STREAM_CHUNK
data: {"message_id":"46566915733189122","patch_op":[{"patch_object":111,"patch_type":1,"patch_value":{"tts_content":"为"}}]}


[REGEX MATCH FAIL] This chunk contains no ID
[FEEDING PARSER]...
[RAW CHUNK RECEIVED] len=32, content=id: 8
event: STREAM_CHUNK
data: 
[REGEX MATCH FAIL] This chunk contains no ID
[FEEDING PARSER]...
[RAW CHUNK RECEIVED] len=240, content={"message_id":"46566915733189122","patch_op":[{"patch_object":1,"patch_type":1,"patch_value":{"content_block":[{"block_type":10000,"block_id":"40096703409034242","content":{"text_block":{"text":"您"}},"is_finish":false,"patch_type":1}]}}]}


[REGEX MATCH FAIL] This chunk contains no ID
[FEEDING PARSER]...
[RAW CHUNK RECEIVED] len=13, content=id: 9
event: 
[REGEX MATCH FAIL] This chunk contains no ID
[FEEDING PARSER]...
[RAW CHUNK RECEIVED] len=138, content=STREAM_CHUNK
data: {"message_id":"46566915733189122","patch_op":[{"patch_object":111,"patch_type":1,"patch_value":{"tts_content":"您"}}]}


[REGEX MATCH FAIL] This chunk contains no ID
[FEEDING PARSER]...
[RAW CHUNK RECEIVED] len=274, content=id: 10
event: STREAM_CHUNK
data: {"message_id":"46566915733189122","patch_op":[{"patch_object":1,"patch_type":1,"patch_value":{"content_block":[{"block_type":10000,"block_id":"40096703409034242","content":{"text_block":{"text":"生成"}},"is_finish":false,"patch_type":1}]}}]}


[REGEX MATCH FAIL] This chunk contains no ID
[FEEDING PARSER]...
[RAW CHUNK RECEIVED] len=153, content=id: 11
event: STREAM_CHUNK
data: {"message_id":"46566915733189122","patch_op":[{"patch_object":111,"patch_type":1,"patch_value":{"tts_content":"生成"}}]}


[REGEX MATCH FAIL] This chunk contains no ID
[FEEDING PARSER]...
[RAW CHUNK RECEIVED] len=274, content=id: 12
event: STREAM_CHUNK
data: {"message_id":"46566915733189122","patch_op":[{"patch_object":1,"patch_type":1,"patch_value":{"content_block":[{"block_type":10000,"block_id":"40096703409034242","content":{"text_block":{"text":"模特"}},"is_finish":false,"patch_type":1}]}}]}


[REGEX MATCH FAIL] This chunk contains no ID
[FEEDING PARSER]...
[RAW CHUNK RECEIVED] len=1003, content=id: 13
event: STREAM_CHUNK
data: {"message_id":"46566915733189122","patch_op":[{"patch_object":111,"patch_type":1,"patch_value":{"tts_content":"模特"}}]}

id: 14
event: STREAM_CHUNK
data: {"message_id":"46566915733189122","patch_op":[{"patch_object":1,"patch_type":1,"patch_value":{"content_block":[{"block_type":10000,"block_id":"40096703409034242","content":{"text_block":{"text":"走"}},"is_finish":false,"patch_type":1}]}}]}

id: 15
event: STREAM_CHUNK
data: {"message_id":"46566915733189122","patch_op":[{"patch_object":111,"patch_type":1,"patch_value":{"tts_content":"走"}}]}

id: 16
event: STREAM_CHUNK
data: {"message_id":"46566915733189122","patch_op":[{"patch_object":1,"patch_type":1,"patch_value":{"content_block":[{"block_type":10000,"block_id":"40096703409034242","content":{"text_block":{"text":"秀"}},"is_finish":false,"patch_type":1}]}}]}

id: 17
event: STREAM_CHUNK
data: {"message_id":"46566915733189122","patch_op":[{"patch_object":111,"patch_type":1,"patch_value":{"tts_content":"秀"}}]}


[REGEX MATCH FAIL] This chunk contains no ID
[FEEDING PARSER]...
[RAW CHUNK RECEIVED] len=1125, content=id: 18
event: STREAM_CHUNK
data: {"message_id":"46566915733189122","patch_op":[{"patch_object":1,"patch_type":1,"patch_value":{"content_block":[{"block_type":10000,"block_id":"40096703409034242","content":{"text_block":{"text":"的"}},"is_finish":false,"patch_type":1}]}}]}

id: 19
event: STREAM_CHUNK
data: {"message_id":"46566915733189122","patch_op":[{"patch_object":111,"patch_type":1,"patch_value":{"tts_content":"的"}}]}

id: 20
event: STREAM_CHUNK
data: {"message_id":"46566915733189122","patch_op":[{"patch_object":1,"patch_type":1,"patch_value":{"content_block":[{"block_type":10000,"block_id":"40096703409034242","content":{"text_block":{"text":"视频"}},"is_finish":false,"patch_type":1}]}}]}

id: 21
event: STREAM_CHUNK
data: {"message_id":"46566915733189122","patch_op":[{"patch_object":111,"patch_type":1,"patch_value":{"tts_content":"视频"}}]}

id: 22
event: STREAM_CHUNK
data: {"message_id":"46566915733189122","patch_op":[{"patch_object":1,"patch_type":1,"patch_value":{"content_block":[{"block_type":10000,"block_id":"40096703409034242","content":{"text_block":{"text":"。"}},"is_finish":false,"patch_type":1}]}}]}


[REGEX MATCH FAIL] This chunk contains no ID
[FEEDING PARSER]...
[RAW CHUNK RECEIVED] len=957, content=id: 23
event: STREAM_CHUNK
data: {"message_id":"46566915733189122","patch_op":[{"patch_object":111,"patch_type":1,"patch_value":{"tts_content":"。"}}]}

id: 24
event: STREAM_CHUNK
data: {"message_id":"46566915733189122","patch_op":[{"patch_object":1,"patch_type":1,"patch_value":{"content_block":[{"block_type":10000,"block_id":"40096703409034242","content":{"text_block":{"text":"\n\n"}},"is_finish":false,"patch_type":1}]}}]}

id: 25
event: STREAM_CHUNK
data: {"message_id":"46566915733189122","patch_op":[{"patch_object":111,"patch_type":1,"patch_value":{"tts_content":"\n\n"}}]}

id: 26
event: STREAM_CHUNK
data: {"message_id":"46566915733189122","patch_op":[{"patch_object":1,"patch_type":1,"patch_value":{"content_block":[{"block_type":10101,"block_id":"40096703409047554","content":{"loading_block":{"text":"正在创作","scene":1}},"is_finish":false,"patch_type":2}]}},{"patch_object":50,"patch_type":1,"patch_value":{"ext":{"force_submit_review":"1"}}}]}


[REGEX MATCH FAIL] This chunk contains no ID
[FEEDING PARSER]...
[RAW CHUNK RECEIVED] len=38, content=id: 27
event: SSE_HEARTBEAT
data: {}


[REGEX MATCH FAIL] This chunk contains no ID
[FEEDING PARSER]...
[RAW CHUNK RECEIVED] len=289, content=id: 28
event: STREAM_CHUNK
data: {"message_id":"46566915733189122","patch_op":[{"patch_object":1,"patch_type":1,"patch_value":{"content_block":[{"block_type":10101,"block_id":"40096703409047554","content":{"loading_block":{"text":"正在创作","scene":1}},"is_finish":false,"patch_type":3}]}}]}


[REGEX MATCH FAIL] This chunk contains no ID
[FEEDING PARSER]...
[RAW CHUNK RECEIVED] len=404, content=id: 30
event: STREAM_CHUNK
data: {"message_id":"46566915733189122","patch_op":[{"patch_object":1,"patch_type":1,"patch_value":{"content_block":[{"block_type":10000,"block_id":"40096703409099778","content":{"text_block":{"text":"今天的生成次数已经达到上限，明天再来免费生成吧～"}},"is_finish":false,"patch_type":1}]}},{"patch_object":50,"patch_type":1,"patch_value":{"ext":{"disable_regen":"1","text2image_text_finish":"1"}}}]}


[REGEX MATCH FAIL] This chunk contains no ID
[FEEDING PARSER]...
[RAW CHUNK RECEIVED] len=175, content=id: 31
event: STREAM_CHUNK
data: {"message_id":"46566915733189122","patch_op":[{"patch_object":111,"patch_type":1,"patch_value":{"tts_content":"今天的生成次数已经达到上限，明天再来免费生成吧～"}}]}


[REGEX MATCH FAIL] This chunk contains no ID
[FEEDING PARSER]...
[RAW CHUNK RECEIVED] len=3712, content=id: 32
event: STREAM_CHUNK
data: {"message_id":"46566915733189122","patch_op":[{"patch_object":3,"patch_type":2,"patch_value":{}},{"patch_object":1,"patch_type":1,"patch_value":{"content_block":[{"block_type":10000,"block_id":"40096703409099778","content":{"text_block":{}},"is_finish":true,"patch_type":1}]}},{"patch_object":50,"patch_type":1,"patch_value":{"ext":{"ai_creation_fallback_retry":"false","ai_creation_show_mode":"text","creation_full_content":"[{\"PacketMeta\":{\"Seq\":0,\"NeedInjectPos\":false,\"SaveIgnore\":false,\"PacketType\":\"packet_type_incr\",\"Command\":null},\"PacketValue\":null,\"Ext\":null,\"PacketTxtValue\":\"\",\"BlockInfo\":{\"BlockType\":10000,\"BlockContent\":{\"block_type\":10000,\"block_id\":\"40096703409034242\",\"content\":{\"text_block\":{\"text\":\"这就为您生成模特走秀的视频。\\n\\n\"}}},\"BlockContentForTTS\":\"就为您生成模特走秀的视频。\\n\\n\",\"BlockMeta\":{\"block_id\":\"40096703409034242\",\"parent_block_id\":\"\",\"is_finish\":false}},\"NeedRefreshFullBlock\":false,\"StreamID\":\"\",\"MsgID\":\"\"},{\"PacketMeta\":{\"Seq\":0,\"NeedInjectPos\":false,\"SaveIgnore\":false,\"PacketType\":\"packet_type_incr\",\"Command\":null},\"PacketValue\":null,\"Ext\":{},\"PacketTxtValue\":\"\",\"BlockInfo\":{\"BlockType\":10101,\"BlockContent\":{\"block_type\":10101,\"block_id\":\"40096703409047554\",\"content\":{\"loading_block\":{\"text\":\"正在创作\",\"scene\":1}}},\"BlockContentForTTS\":\"\",\"BlockMeta\":{\"block_id\":\"40096703409047554\",\"parent_block_id\":\"\",\"is_finish\":false,\"delete_block\":true}},\"NeedRefreshFullBlock\":false,\"StreamID\":\"\",\"MsgID\":\"\"},{\"PacketMeta\":{\"Seq\":0,\"NeedInjectPos\":false,\"SaveIgnore\":false,\"PacketType\":\"packet_type_incr\",\"Command\":null},\"PacketValue\":null,\"Ext\":{\"disable_regen\":\"1\",\"text2image_text_finish\":\"1\"},\"PacketTxtValue\":\"\",\"BlockInfo\":{\"BlockType\":10000,\"BlockContent\":{\"block_type\":10000,\"block_id\":\"40096703409099778\",\"content\":{\"text_block\":{\"text\":\"今天的生成次数已经达到上限，明天再来免费生成吧～\"}}},\"BlockContentForTTS\":\"\",\"BlockMeta\":{\"block_id\":\"40096703409099778\",\"parent_block_id\":\"\",\"is_finish\":false}},\"NeedRefreshFullBlock\":false,\"StreamID\":\"\",\"MsgID\":\"\"}]","creation_material_info":"","disable_action_view":"true","include_creation_material":"0","is_finish":"1","agent_context":"[{\"role\":\"assistant\",\"content\":\"\",\"tool_calls\":[{\"index\":0,\"id\":\"eb60fc10-e488-d8a9-812e-f559b7a62491\",\"type\":\"function\",\"function\":{\"name\":\"img2img\",\"arguments\":\"{\\\"prompt\\\":\\\"帮我生成视频：比例 「16:9」将图1换成图2得衣服。 做一个再加的模特走秀展示服装\\\",\\\"image_url\\\":\\\"\\\",\\\"image_urls\\\":null}\"}}]},{\"role\":\"tool\",\"content\":\"null\",\"tool_call_id\":\"eb60fc10-e488-d8a9-812e-f559b7a62491\"},{\"role\":\"assistant\",\"content\":\"这就为您生成模特走秀的视频。\\n\\n今天的生成次数已经达到上限，明天再来免费生成吧～\"}]","ai_create_show_mode":"text","ai_creation_duration_info":"[{\"type\":1,\"task_id\":\"\",\"duration_info\":[{\"step_name\":\"pre\",\"duration\":97},{\"step_name\":\"pre_prompt_review\",\"duration\":142},{\"step_name\":\"pre_prompt_attachment_review\",\"duration\":2364},{\"step_name\":\"rag\",\"duration\":0},{\"step_name\":\"plan\",\"duration\":2628},{\"step_name\":\"fc\",\"duration\":13},{\"step_name\":\"simple_task\",\"duration\":0},{\"step_name\":\"total\",\"duration\":5696}],\"error_code\":0}]","ai_creation_tool_list":"[]","brief":"这就为您生成模特走秀的视频。\n\n今天的生成次数已经达到上限，明天再来免费生成吧～","intention":"agent_creation"}}}]}

id: 34
event: STREAM_CHUNK
data: {"message_id":"46566915733189122","patch_op":[{"patch_object":1,"patch_type":1,"patch_value":{"content_block":[{"block_type":10000,"block_id":"40096703409034242","content":{"text_block":{}},"is_finish":true,"patch_type":1}]}}]}


[REGEX MATCH FAIL] This chunk contains no ID
[FEEDING PARSER]...
[RAW CHUNK RECEIVED] len=266, content=id: 35
event: SSE_REPLY_END
data: {"end_type":1,"msg_finish_attr":{"msgid":"46566915733189122","badge_count":2,"read_badge_count":1,"read_conv_version":1780489639267113,"pre_read_conv_version":1780489639267113,"brief":"这就为您生成模特走秀的视频。\n\n今天的生成次数已经达到上限，明天再来免费生成吧～"}}


[REGEX MATCH FAIL] This chunk contains no ID
[FEEDING PARSER]...
[RAW CHUNK RECEIVED] len=93, content=id: 37
event: SSE_REPLY_END
data: {"end_type":2,"answer_finish_attr":{"has_suggest":false}}


[REGEX MATCH FAIL] This chunk contains no ID
[FEEDING PARSER]...
[RAW CHUNK RECEIVED] len=50, content=id: 38
event: SSE_REPLY_END
data: {"end_type":3}


[REGEX MATCH FAIL] This chunk contains no ID
[FEEDING PARSER]...
[RAW CHUNK RECEIVED] len=7, content=id: 39

[REGEX MATCH FAIL] This chunk contains no ID
[FEEDING PARSER]...
[RAW CHUNK RECEIVED] len=43, content=event: SSE_REPLY_END
data: {"end_type":3}


[REGEX MATCH FAIL] This chunk contains no ID
[FEEDING PARSER]...
[STREAM CLOSED]
[FINALIZE] Final ID: 38428911616515842, Videos Count: 0


--- [2026-06-03T12:34:22.664Z] NEW STREAM START ---
[RAW CHUNK RECEIVED] len=37, content=id: 0
event: SSE_HEARTBEAT
data: {}


[REGEX MATCH FAIL] This chunk contains no ID
[FEEDING PARSER]...
[RAW CHUNK RECEIVED] len=2198, content=id: 0
event: SSE_ACK
data: {"query_list":[{"question_id":"46561360194305538","local_message_id":"89a91684-5f48-11f1-8c41-1fe21e34e162","message_index":1}],"ack_client_meta":{"conversation_id":"38429000670682626","local_conversation_id":"local_7522012608820780","conversation_type":3,"section_id":"38429000670682882","conversation_info":{"conversation_id":"38429000670682626","conversation_type":3,"creator_id":"3622218132106954","name":"新对话","image":{"image_thumb":{"url":"https://p3-flow-imagex-sign.byteimg.com/ocean-cloud-tos/FileBizType.BIZ_BOT_ICON/bot_0817_01.png~tplv-a9rns2rl98-image-qvalue.png?lk3s=8e244e95&rcl=20260603203420BAE2DBF0C33C1C3898BD&rrcfp=bf2e6f99&x-expires=1783082060&x-signature=Wxl8y%2FKEGUAcGh1Hbjqy4es20lw%3D"},"image_ori":{"url":"https://p3-flow-imagex-sign.byteimg.com/ocean-cloud-tos/FileBizType.BIZ_BOT_ICON/bot_0817_01.png~tplv-a9rns2rl98-image-qvalue.png?lk3s=8e244e95&rcl=20260603203420BAE2DBF0C33C1C3898BD&rrcfp=bf2e6f99&x-expires=1783082060&x-signature=Wxl8y%2FKEGUAcGh1Hbjqy4es20lw%3D"}},"participant_count":2,"human_count":1,"tenant_id":0,"biz_id":0,"status":1,"create_time":1780490060,"update_time":1780490060,"extra":"{\"inner_app_id\":\"497858\",\"inner_cluster\":\"default\",\"inner_did\":\"7698710361581032224\",\"inner_env\":\"prod\",\"inner_flow_app_variant\":\"doubao\",\"inner_is_tour\":\"false\",\"inner_log_id\":\"20260603203420BAE2DBF0C33C1C3898BD\",\"inner_pc_version\":\"2.44.0\",\"inner_platform\":\"web\",\"inner_real_app_id\":\"497858\",\"inner_samantha_web\":\"true\",\"inner_tea_uuid\":\"7622636711847140531\",\"inner_tt_wid\":\"7637957343552865832\",\"inner_user_ip\":\"203.132.46.55\",\"inner_version_name\":\"\",\"local_conversation_id\":\"local_7522012608820780\",\"log_id\":\"20260603203420BAE2DBF0C33C1C3898BD\",\"reply_mode\":\"0\"}","msg_cursor":1,"bot_type":3,"retention_cursor":1,"last_read_index":0,"latest_index":0,"last_section_id":"38429000670682882","review_status":2,"create_scene":0,"create_channel":0,"badge_count":0,"read_badge_count":0,"latest_artifact":1}},"timeout_conf":{"answer_first_pending_time":180000,"packet_interval_time":120000,"max_retry_count":10,"max_retry_duration_ms":3600000,"retry_interval_ms":1000}}


[REGEX MATCH SUCCESS] Found ID: 38429000670682626
[FEEDING PARSER]...
[RAW CHUNK RECEIVED] len=6, content=id: 1

[REGEX MATCH FAIL] This chunk contains no ID
[FEEDING PARSER]...
[RAW CHUNK RECEIVED] len=7178, content=event: FULL_MSG_NOTIFY
data: {"message":{"conversation_id":"38429000670682626","message_id":"46561360194305538","message_body_version":1,"sender_id":"3622218132106954","user_type":1,"content_type":9999,"content":"[{\"block_type\":10052,\"block_id\":\"89a91682-5f48-11f1-8c41-1fe21e34e162\",\"content\":{\"attachment_block\":{\"attachments\":[{\"type\":1,\"identifier\":\"89a91680-5f48-11f1-8c41-1fe21e34e162\",\"image\":{\"uri\":\"tos-cn-i-a9rns2rl98/2af67f03fb654a8385fdd81eeb3b959c.png\",\"image_ori\":{\"url\":\"https://p11-flow-imagex-sign.byteimg.com/tos-cn-i-a9rns2rl98/2af67f03fb654a8385fdd81eeb3b959c.png~tplv-a9rns2rl98-24:720:720.jpeg?lk3s=8e244e95&rcl=20260603203420BAE2DBF0C33C1C3898BD&rrcfp=d52e923b&x-expires=1781094860&x-signature=df0pcJIrCzFj6qBFLEGV20jBaRk%3D\",\"width\":1340,\"height\":723},\"name\":\"2af67f03fb654a8385fdd81eeb3b959c.png\"},\"review_state\":1,\"progress\":100,\"upload_status\":1},{\"type\":1,\"identifier\":\"89a91681-5f48-11f1-8c41-1fe21e34e162\",\"image\":{\"uri\":\"tos-cn-i-a9rns2rl98/84acf31ce996429480ab9fba94e3538e.png\",\"image_ori\":{\"url\":\"https://p11-flow-imagex-sign.byteimg.com/tos-cn-i-a9rns2rl98/84acf31ce996429480ab9fba94e3538e.png~tplv-a9rns2rl98-24:720:720.jpeg?lk3s=8e244e95&rcl=20260603203420BAE2DBF0C33C1C3898BD&rrcfp=d52e923b&x-expires=1781094860&x-signature=hCknQCq6nuY2psd8lAsA%2FDOj0K8%3D\",\"width\":650,\"height\":859},\"name\":\"84acf31ce996429480ab9fba94e3538e.png\"},\"review_state\":1,\"progress\":100,\"upload_status\":1}]}}},{\"block_type\":10000,\"block_id\":\"89a91683-5f48-11f1-8c41-1fe21e34e162\",\"content\":{\"text_block\":{\"text\":\"帮我生成视频：比例 「16:9」将图1换成图2得衣服。 做一个再加的模特走秀展示服装\"}}}]","index_in_conv":1,"create_time":1780490060,"biz_content_type":"flow_nested","sec_sender":"MS4wLjABAAAAWjkzt1wrx9Pq78qF-_AMDBykQVQ6G6lZof6iBP3VebAliqYEhy8ho7FaH31WPI0U","content_block":[{"block_type":10052,"block_id":"89a91682-5f48-11f1-8c41-1fe21e34e162","content":{"attachment_block":{"attachments":[{"type":1,"identifier":"89a91680-5f48-11f1-8c41-1fe21e34e162","image":{"uri":"tos-cn-i-a9rns2rl98/2af67f03fb654a8385fdd81eeb3b959c.png","image_thumb":{"url":"https://p3-flow-imagex-sign.byteimg.com/tos-cn-i-a9rns2rl98/2af67f03fb654a8385fdd81eeb3b959c.png~tplv-a9rns2rl98-image.png?lk3s=8e244e95&rcl=20260603203420BAE2DBF0C33C1C3898BD&rrcfp=dafada99&x-expires=2096714060&x-signature=BVq3GsozH7lt5Q6BQgdv6Rf9BEk%3D"},"image_ori":{"url":"https://p3-flow-imagex-sign.byteimg.com/tos-cn-i-a9rns2rl98/2af67f03fb654a8385fdd81eeb3b959c.png~tplv-a9rns2rl98-image.png?lk3s=8e244e95&rcl=20260603203420BAE2DBF0C33C1C3898BD&rrcfp=dafada99&x-expires=2096714060&x-signature=BVq3GsozH7lt5Q6BQgdv6Rf9BEk%3D","width":1340,"height":723},"image_preview":{"url":"https://p3-flow-imagex-sign.byteimg.com/tos-cn-i-a9rns2rl98/2af67f03fb654a8385fdd81eeb3b959c.png~tplv-a9rns2rl98-image.png?lk3s=8e244e95&rcl=20260603203420BAE2DBF0C33C1C3898BD&rrcfp=dafada99&x-expires=2096714060&x-signature=BVq3GsozH7lt5Q6BQgdv6Rf9BEk%3D"},"name":"2af67f03fb654a8385fdd81eeb3b959c.png"},"review_state":1,"progress":100,"upload_status":1},{"type":1,"identifier":"89a91681-5f48-11f1-8c41-1fe21e34e162","image":{"uri":"tos-cn-i-a9rns2rl98/84acf31ce996429480ab9fba94e3538e.png","image_thumb":{"url":"https://p26-flow-imagex-sign.byteimg.com/tos-cn-i-a9rns2rl98/84acf31ce996429480ab9fba94e3538e.png~tplv-a9rns2rl98-image.png?lk3s=8e244e95&rcl=20260603203420BAE2DBF0C33C1C3898BD&rrcfp=dafada99&x-expires=2096714060&x-signature=uW0N9jvI5PFpNHTzEE87LN4WG4E%3D"},"image_ori":{"url":"https://p11-flow-imagex-sign.byteimg.com/tos-cn-i-a9rns2rl98/84acf31ce996429480ab9fba94e3538e.png~tplv-a9rns2rl98-image.png?lk3s=8e244e95&rcl=20260603203420BAE2DBF0C33C1C3898BD&rrcfp=dafada99&x-expires=2096714060&x-signature=zgpVh1%2BvIf6Ke%2FtH8DdHV%2F%2BaGCU%3D","width":650,"height":859},"image_preview":{"url":"https://p3-flow-imagex-sign.byteimg.com/tos-cn-i-a9rns2rl98/84acf31ce996429480ab9fba94e3538e.png~tplv-a9rns2rl98-image.png?lk3s=8e244e95&rcl=20260603203420BAE2DBF0C33C1C3898BD&rrcfp=dafada99&x-expires=2096714060&x-signature=CxdsNVRELXwXRgqJgx3%2FkvVvBFk%3D"},"name":"84acf31ce996429480ab9fba94e3538e.png"},"review_state":1,"progress":100,"upload_status":1}]}},"is_finish":false},{"block_type":10000,"block_id":"89a91683-5f48-11f1-8c41-1fe21e34e162","content":{"text_block":{"text":"帮我生成视频：比例 「16:9」将图1换成图2得衣服。 做一个再加的模特走秀展示服装"}},"is_finish":false}],"tts_content":"","update_time":1780490060,"ext":{"old_content_type":"20","search_engine_type":"4","ugc_voice_id":"104","inner_user_ip":"203.132.46.55","inner_real_app_id":"497858","inner_app_id":"497858","is_membership":"0","inner_msg_lang_display_code":"zh","speaker_id":"zh_female_wenroutaozi_uranus_bigtts","use_content_block":"1","inner_terminal_app_id":"497858","bot_id":"7338286299411103781","inner_region":"CN","update_version_code":"0","llm_model_type":"38","chat_history_count":"0","inner_did":"7698710361581032224","fp":"7622636711847140531","inner_env":"prod","memory_reflect":"1","inner_version_name":"","inner_is_dola_agent_hub":"0","msg_update_time_ms":"1780490060550","is_image_related":"1","inner_msg_lang_confidence":"1","commerce_credit_config_enable":"0","has_nested_image":"1","section_tag_1h":"38429000670682882_2026060320","input_skill":"{\"skill_id\":\"17\",\"skill_type\":17}","answer_with_suggest":"0","chat_id":"46561360194305538","chat_ability":"{\"ability_type\":17,\"ability_param\":\"{\\\"ratio\\\":\\\"16:9\\\"}\"}","bot_source":"BotStudio","message_from":"InputBox","inner_msg_lang_code":"zh","inner_bot_id":"0","inner_pc_version":"2.44.0","inner_samantha_web":"true","inner_log_id":"20260603203420BAE2DBF0C33C1C3898BD","inner_libra_versions":"9681435,16407271,16762144,16822855,16870837,16870879,16870910,16870989,16871014,16876725,16917975,16921305,9427166,15020092,16962881,16336904,10541099,11100283,11100284,12077497,16575585,16590998,16653056,16751185,16797814,16823079,16871484,16871525,16871578,16871603,16871654,16876658,16882636,16905316,16908096,16934034,16951902,16957347,16963975,16964324,16969209,16972279,11958164,12628471,13349017,14207348,14432780,14438036,14464960,15106043,15373303,16800683,16819984,16827665,16881348,16884297,16888352,16966208,16968354,16969459,16991331","pre_read_conv_version":"1780490060527012","inner_flow_app_variant":"doubao","chat_next":"1","read_conv_version":"1780490060527012","user_question_round":"1","inner_tt_wid":"7637957343552865832","collection_id":"","conversation_init_option":"{\"need_ack_conversation\":true}","is_ai_playground":"false","attachment_scene":"4","sub_conv_firstmet_type":"1","client_report_scene":"gui","group":"1780490060","inner_cluster":"default","inner_tea_uuid":"7622636711847140531","inner_msg_lang_exemption":"false","inner_platform":"web","biz_content_type":"flow_nested","model_type":"38","reply_unique_key":"89a91685-5f48-11f1-8c41-1fe21e34e162","cot_switch":"0","image_attachment_num":"2","inner_is_tour":"false"},"local_message_id":"89a91684-5f48-11f1-8c41-1fe21e34e162","section_id":"38429000670682882","bot_reply_message_id":"0","fetch_token":"46561360194305538"},"message_attr":{"badge_count":1,"read_badge_count":1,"read_conv_version":1780490060527012,"pre_read_conv_version":1780490060527012}}


[REGEX MATCH SUCCESS] Found ID: 38429000670682626
[FEEDING PARSER]...
[RAW CHUNK RECEIVED] len=5, content=id: 3
[REGEX MATCH FAIL] This chunk contains no ID
[FEEDING PARSER]...
[RAW CHUNK RECEIVED] len=3250, content=
event: STREAM_MSG_NOTIFY
data: {"content":{"content_block":[{"block_type":10000,"block_id":"40096521875944962","content":{"text_block":{"text":"这"}},"is_finish":false,"patch_type":1}],"content_status":100,"ext":{"inner_msg_lang_exemption":"false","inner_pc_version":"2.44.0","tea_tags_time_cost":"{\"ack_cost_time\":\"189\",\"first_packet_cost_time\":\"4275\"}","agent_id":"7416550974343069696","attachment_scene":"4","inner_msg_lang_confidence":"1","inner_tea_uuid":"7622636711847140531","memory_reflect":"1","need_deep_think":"0","review_biz_type":"1","ai_creation_layout_type":"mixed","use_creation":"1","agent_name":"Agent-Text2Image","auto_create_creation_asset":"0","inner_platform":"web","inner_user_ip":"203.132.46.55","gen_msg_id":"46567910508336642","inner_flow_app_variant":"doubao","inner_real_app_id":"497858","ai_create_show_mode":"mixed","auto_create_creation":"1","inner_cluster":"default","inner_is_dola_agent_hub":"0","inner_is_tour":"false","inner_msg_lang_code":"zh","reply_unique_key":"89a91685-5f48-11f1-8c41-1fe21e34e162","tts":"","chat_ability":"{\"ability_type\":17,\"ability_param\":\"{\\\"ratio\\\":\\\"16:9\\\"}\"}","ai_creation_show_mode":"mixed","inner_version_name":"","before_content_type":"9999","chat_id":"46561360194305538","chat_next":"1","inner_did":"7698710361581032224","model_id":"38","type_writer_spring_config":"{\"flow_stream_acceleration\": 0,\"flow_stream_default_interval\": 35}","use_content_block":"1","input_skill":"{\"skill_id\":\"17\",\"skill_type\":17}","old_content_type":"9999","section_tag_1h":"38429000670682882_2026060320","client_report_scene":"gui","inner_app_id":"497858","inner_tt_wid":"7637957343552865832","is_image_related":"1","cot_switch":"0","inner_env":"prod","inner_libra_versions":"9681435,16407271,16762144,16822855,16870837,16870879,16870910,16870989,16871014,16876725,16917975,16921305,9427166,15020092,16962881,16336904,10541099,11100283,11100284,12077497,16575585,16590998,16653056,16751185,16797814,16823079,16871484,16871525,16871578,16871603,16871654,16876658,16882636,16905316,16908096,16934034,16951902,16957347,16963975,16964324,16969209,16972279,11958164,12628471,13349017,14207348,14432780,14438036,14464960,15106043,15373303,16800683,16819984,16827665,16881348,16884297,16888352,16966208,16968354,16969459,16991331","is_membership":"0","update_version_code":"0","bot_state":"{\"bot_id\":\"7338286299411103781\",\"bot_name\":\"豆包\",\"agent_name\":\"Agent-Text2Image\",\"agent_id\":\"7416550974343069696\"}","inner_msg_lang_display_code":"zh","model_type":"38","regen_no_replace":"1","inner_log_id":"20260603203420BAE2DBF0C33C1C3898BD","inner_region":"CN","review_scenario_id":"4085066754","user_question_round":"1","chat_history_count":"0","image_attachment_num":"2","inner_samantha_web":"true","is_pre_moderation":"1","llm_model_type":"38"},"content_type":9999,"model_content":"这","tts_content":"这"},"meta":{"message_id":"46567910508336642","conversation_id":"38429000670682626","section_id":"38429000670682882","sender_id":"7338286299411103781","user_type":2,"create_time":1780490064,"index_in_conv":2,"bot_reply_message_id":"46561360194305538","local_conversation_id":"local_7522012608820780"},"attr":{"reply_unique_key":"89a91685-5f48-11f1-8c41-1fe21e34e162"}}


[REGEX MATCH SUCCESS] Found ID: 38429000670682626
[FEEDING PARSER]...
[RAW CHUNK RECEIVED] len=272, content=id: 4
event: STREAM_CHUNK
data: {"message_id":"46567910508336642","patch_op":[{"patch_object":1,"patch_type":1,"patch_value":{"content_block":[{"block_type":10000,"block_id":"40096521875944962","content":{"text_block":{"text":"就"}},"is_finish":false,"patch_type":1}]}}]}


[REGEX MATCH FAIL] This chunk contains no ID
[FEEDING PARSER]...
[RAW CHUNK RECEIVED] len=32, content=id: 5
event: STREAM_CHUNK
data: 
[REGEX MATCH FAIL] This chunk contains no ID
[FEEDING PARSER]...
[RAW CHUNK RECEIVED] len=119, content={"message_id":"46567910508336642","patch_op":[{"patch_object":111,"patch_type":1,"patch_value":{"tts_content":"就"}}]}


[REGEX MATCH FAIL] This chunk contains no ID
[FEEDING PARSER]...
[RAW CHUNK RECEIVED] len=272, content=id: 6
event: STREAM_CHUNK
data: {"message_id":"46567910508336642","patch_op":[{"patch_object":1,"patch_type":1,"patch_value":{"content_block":[{"block_type":10000,"block_id":"40096521875944962","content":{"text_block":{"text":"为"}},"is_finish":false,"patch_type":1}]}}]}


[REGEX MATCH FAIL] This chunk contains no ID
[FEEDING PARSER]...
[RAW CHUNK RECEIVED] len=151, content=id: 7
event: STREAM_CHUNK
data: {"message_id":"46567910508336642","patch_op":[{"patch_object":111,"patch_type":1,"patch_value":{"tts_content":"为"}}]}


[REGEX MATCH FAIL] This chunk contains no ID
[FEEDING PARSER]...
[RAW CHUNK RECEIVED] len=272, content=id: 8
event: STREAM_CHUNK
data: {"message_id":"46567910508336642","patch_op":[{"patch_object":1,"patch_type":1,"patch_value":{"content_block":[{"block_type":10000,"block_id":"40096521875944962","content":{"text_block":{"text":"您"}},"is_finish":false,"patch_type":1}]}}]}


[REGEX MATCH FAIL] This chunk contains no ID
[FEEDING PARSER]...
[RAW CHUNK RECEIVED] len=151, content=id: 9
event: STREAM_CHUNK
data: {"message_id":"46567910508336642","patch_op":[{"patch_object":111,"patch_type":1,"patch_value":{"tts_content":"您"}}]}


[REGEX MATCH FAIL] This chunk contains no ID
[FEEDING PARSER]...
[RAW CHUNK RECEIVED] len=274, content=id: 10
event: STREAM_CHUNK
data: {"message_id":"46567910508336642","patch_op":[{"patch_object":1,"patch_type":1,"patch_value":{"content_block":[{"block_type":10000,"block_id":"40096521875944962","content":{"text_block":{"text":"生成"}},"is_finish":false,"patch_type":1}]}}]}


[REGEX MATCH FAIL] This chunk contains no ID
[FEEDING PARSER]...
[RAW CHUNK RECEIVED] len=153, content=id: 11
event: STREAM_CHUNK
data: {"message_id":"46567910508336642","patch_op":[{"patch_object":111,"patch_type":1,"patch_value":{"tts_content":"生成"}}]}


[REGEX MATCH FAIL] This chunk contains no ID
[FEEDING PARSER]...
[RAW CHUNK RECEIVED] len=274, content=id: 12
event: STREAM_CHUNK
data: {"message_id":"46567910508336642","patch_op":[{"patch_object":1,"patch_type":1,"patch_value":{"content_block":[{"block_type":10000,"block_id":"40096521875944962","content":{"text_block":{"text":"模特"}},"is_finish":false,"patch_type":1}]}}]}


[REGEX MATCH FAIL] This chunk contains no ID
[FEEDING PARSER]...
[RAW CHUNK RECEIVED] len=27, content=id: 13
event: STREAM_CHUNK

[REGEX MATCH FAIL] This chunk contains no ID
[FEEDING PARSER]...
[RAW CHUNK RECEIVED] len=278, content=data: {"message_id":"46567910508336642","patch_op":[{"patch_object":111,"patch_type":1,"patch_value":{"tts_content":"模特"}}]}

id: 14
event: STREAM_CHUNK
data: {"message_id":"46567910508336642","patch_op":[{"patch_object":1,"patch_type":1,"patch_value":{"content_block":[{"block_
[REGEX MATCH FAIL] This chunk contains no ID
[FEEDING PARSER]...
[RAW CHUNK RECEIVED] len=698, content=type":10000,"block_id":"40096521875944962","content":{"text_block":{"text":"走"}},"is_finish":false,"patch_type":1}]}}]}

id: 15
event: STREAM_CHUNK
data: {"message_id":"46567910508336642","patch_op":[{"patch_object":111,"patch_type":1,"patch_value":{"tts_content":"走"}}]}

id: 16
event: STREAM_CHUNK
data: {"message_id":"46567910508336642","patch_op":[{"patch_object":1,"patch_type":1,"patch_value":{"content_block":[{"block_type":10000,"block_id":"40096521875944962","content":{"text_block":{"text":"秀"}},"is_finish":false,"patch_type":1}]}}]}

id: 17
event: STREAM_CHUNK
data: {"message_id":"46567910508336642","patch_op":[{"patch_object":111,"patch_type":1,"patch_value":{"tts_content":"秀"}}]}


[REGEX MATCH FAIL] This chunk contains no ID
[FEEDING PARSER]...
[RAW CHUNK RECEIVED] len=4, content=id: 
[REGEX MATCH FAIL] This chunk contains no ID
[FEEDING PARSER]...
[RAW CHUNK RECEIVED] len=1121, content=18
event: STREAM_CHUNK
data: {"message_id":"46567910508336642","patch_op":[{"patch_object":1,"patch_type":1,"patch_value":{"content_block":[{"block_type":10000,"block_id":"40096521875944962","content":{"text_block":{"text":"的"}},"is_finish":false,"patch_type":1}]}}]}

id: 19
event: STREAM_CHUNK
data: {"message_id":"46567910508336642","patch_op":[{"patch_object":111,"patch_type":1,"patch_value":{"tts_content":"的"}}]}

id: 20
event: STREAM_CHUNK
data: {"message_id":"46567910508336642","patch_op":[{"patch_object":1,"patch_type":1,"patch_value":{"content_block":[{"block_type":10000,"block_id":"40096521875944962","content":{"text_block":{"text":"视频"}},"is_finish":false,"patch_type":1}]}}]}

id: 21
event: STREAM_CHUNK
data: {"message_id":"46567910508336642","patch_op":[{"patch_object":111,"patch_type":1,"patch_value":{"tts_content":"视频"}}]}

id: 22
event: STREAM_CHUNK
data: {"message_id":"46567910508336642","patch_op":[{"patch_object":1,"patch_type":1,"patch_value":{"content_block":[{"block_type":10000,"block_id":"40096521875944962","content":{"text_block":{"text":"。"}},"is_finish":false,"patch_type":1}]}}]}


[REGEX MATCH FAIL] This chunk contains no ID
[FEEDING PARSER]...
[RAW CHUNK RECEIVED] len=957, content=id: 23
event: STREAM_CHUNK
data: {"message_id":"46567910508336642","patch_op":[{"patch_object":111,"patch_type":1,"patch_value":{"tts_content":"。"}}]}

id: 24
event: STREAM_CHUNK
data: {"message_id":"46567910508336642","patch_op":[{"patch_object":1,"patch_type":1,"patch_value":{"content_block":[{"block_type":10000,"block_id":"40096521875944962","content":{"text_block":{"text":"\n\n"}},"is_finish":false,"patch_type":1}]}}]}

id: 25
event: STREAM_CHUNK
data: {"message_id":"46567910508336642","patch_op":[{"patch_object":111,"patch_type":1,"patch_value":{"tts_content":"\n\n"}}]}

id: 26
event: STREAM_CHUNK
data: {"message_id":"46567910508336642","patch_op":[{"patch_object":1,"patch_type":1,"patch_value":{"content_block":[{"block_type":10101,"block_id":"40096521875955970","content":{"loading_block":{"text":"正在创作","scene":1}},"is_finish":false,"patch_type":2}]}},{"patch_object":50,"patch_type":1,"patch_value":{"ext":{"force_submit_review":"1"}}}]}


[REGEX MATCH FAIL] This chunk contains no ID
[FEEDING PARSER]...
[RAW CHUNK RECEIVED] len=38, content=id: 27
event: SSE_HEARTBEAT
data: {}


[REGEX MATCH FAIL] This chunk contains no ID
[FEEDING PARSER]...
[RAW CHUNK RECEIVED] len=289, content=id: 28
event: STREAM_CHUNK
data: {"message_id":"46567910508336642","patch_op":[{"patch_object":1,"patch_type":1,"patch_value":{"content_block":[{"block_type":10101,"block_id":"40096521875955970","content":{"loading_block":{"text":"正在创作","scene":1}},"is_finish":false,"patch_type":3}]}}]}


[REGEX MATCH FAIL] This chunk contains no ID
[FEEDING PARSER]...
[RAW CHUNK RECEIVED] len=723, content=id: 30
event: STREAM_CHUNK
data: {"message_id":"46567910508336642","patch_op":[{"patch_object":1,"patch_type":1,"patch_value":{"content_block":[{"block_type":10000,"block_id":"40096521875994370","content":{"text_block":{"text":"本次使用 **Seedance 2.0 全能视频模型**生成，将消耗 2 个视频生成额度，预计等待 1-3分钟。视频生成好后，我会及时通知你，今日剩余 8 个视频生成额度。"}},"is_finish":false,"patch_type":1}]}},{"patch_object":50,"patch_type":1,"patch_value":{"ext":{"disable_regen":"1","has_video_gen":"1","text2image_text_finish":"1"}}}]}

id: 31
event: STREAM_CHUNK
data: {"message_id":"46567910508336642","patch_op":[{"patch_object":111,"patch_type":1,"patch_value":{"tts_content":"本次使用 **Seedance 2.0 全能视频模型**生成，将消耗 2 个视频生成额度，预计等待 1-3分钟。视频生成好后，我会及时通知你，今日剩余 8 个视频生成额度。"}}]}


[REGEX MATCH FAIL] This chunk contains no ID
[FEEDING PARSER]...
[RAW CHUNK RECEIVED] len=1444, content=id: 32
event: STREAM_CHUNK
data: {"message_id":"46567910508336642","patch_op":[{"patch_object":3,"patch_type":2,"patch_value":{}},{"patch_object":1,"patch_type":2,"patch_value":{"content_block":[{"block_type":10000,"block_id":"40096521876014594","content":{"text_block":{"text":"出于肖像保护考虑，Seedance 2.0 暂不支持上传真实人脸素材作为参考。你可以试试换张参考图或者文生视频。"}},"is_finish":true,"patch_type":1}]}},{"patch_object":50,"patch_type":1,"patch_value":{"ext":{"ai_create_show_mode":"text","brief":"出于肖像保护考虑，Seedance 2.0 暂不支持上传真实人脸素材作为参考。你可以试试换张参考图或者文生视频。","creation_full_content":"","include_creation_material":"0","ai_creation_show_mode":"text","creation_material_info":"","disable_action_view":"true","agent_context":"null","ai_creation_fallback_retry":"false","ai_creation_res_code":"710082031","ai_creation_tool_list":"[]","intention":"agent_creation","x_aiplugin_extra_info":"{\"response_starling_key\":\"\",\"risk_operation\":\"[\\\"3\\\"]\",\"risk_starling_key\":\"\"}","ai_creation_duration_info":"[{\"type\":1,\"task_id\":\"\",\"duration_info\":[{\"step_name\":\"pre\",\"duration\":87},{\"step_name\":\"pre_prompt_review\",\"duration\":99},{\"step_name\":\"pre_prompt_attachment_review\",\"duration\":1681},{\"step_name\":\"rag\",\"duration\":0},{\"step_name\":\"plan\",\"duration\":3285},{\"step_name\":\"fc\",\"duration\":1367},{\"step_name\":\"simple_task\",\"duration\":0},{\"step_name\":\"total\",\"duration\":6877}],\"error_code\":1}]","is_finish":"1"}}}]}


[REGEX MATCH FAIL] This chunk contains no ID
[FEEDING PARSER]...
[RAW CHUNK RECEIVED] len=581, content=id: 33
event: STREAM_CHUNK
data: {"message_id":"46567910508336642","patch_op":[{"patch_object":111,"patch_type":2,"patch_value":{"tts_content":"出于肖像保护考虑，Seedance 2.0 暂不支持上传真实人脸素材作为参考。你可以试试换张参考图或者文生视频。"}}]}

id: 34
event: STREAM_CHUNK
data: {"message_id":"46567910508336642","patch_op":[{"patch_object":1,"patch_type":1,"patch_value":{"content_block":[{"block_type":10000,"block_id":"40096521875994370","content":{"text_block":{}},"is_finish":true,"patch_type":1},{"block_type":10000,"block_id":"40096521875944962","content":{"text_block":{}},"is_finish":true,"patch_type":1}]}}]}


[REGEX MATCH FAIL] This chunk contains no ID
[FEEDING PARSER]...
[RAW CHUNK RECEIVED] len=6, content=id: 35
[REGEX MATCH FAIL] This chunk contains no ID
[FEEDING PARSER]...
[RAW CHUNK RECEIVED] len=274, content=
event: SSE_REPLY_END
data: {"end_type":1,"msg_finish_attr":{"msgid":"46567910508336642","badge_count":2,"read_badge_count":1,"read_conv_version":1780490064589104,"pre_read_conv_version":1780490064589104,"brief":"出于肖像保护考虑，Seedance 2.0 暂不支持上传真实人脸素材作为参考。你可以试试换张参考图或者文生视频。"}}


[REGEX MATCH FAIL] This chunk contains no ID
[FEEDING PARSER]...
[RAW CHUNK RECEIVED] len=93, content=id: 37
event: SSE_REPLY_END
data: {"end_type":2,"answer_finish_attr":{"has_suggest":false}}


[REGEX MATCH FAIL] This chunk contains no ID
[FEEDING PARSER]...
[RAW CHUNK RECEIVED] len=4, content=id: 
[REGEX MATCH FAIL] This chunk contains no ID
[FEEDING PARSER]...
[RAW CHUNK RECEIVED] len=46, content=38
event: SSE_REPLY_END
data: {"end_type":3}


[REGEX MATCH FAIL] This chunk contains no ID
[FEEDING PARSER]...
[RAW CHUNK RECEIVED] len=50, content=id: 39
event: SSE_REPLY_END
data: {"end_type":3}


[REGEX MATCH FAIL] This chunk contains no ID
[FEEDING PARSER]...
[STREAM CLOSED]
[FINALIZE] Final ID: 38429000670682626, Videos Count: 0
